[cannsim_helper] init start: per-chip DB enabled arch=Ascend950
[cannsim_helper] camodel callback registration worker started
[cannsim_helper] camodel callback registration delayed by 10000 ms
[cannsim_helper] dlopen libpem_davinci.so success
[cannsim_helper] dlsym DvcSetLogLevel success
[cannsim_helper] dlsym DvcAttachLogCallback success
[cannsim_helper] DvcSetLogLevel(6, 4, 2) called
[cannsim_helper] DvcAttachLogCallback(DVC_INSTR_POPPED_LOG) called
[cannsim_helper] DvcAttachLogCallback(DVC_INSTR_LOG) called
[cannsim_helper] DvcAttachLogCallback(DVC_MTE_LOG) called
[cannsim_helper] DvcAttachLogCallback(DVC_ICACHE_LOG) called
[cannsim_helper] DvcAttachLogCallback(DVC_CCU_LOG) called
[cannsim_helper] camodel callback registration completed after 1 attempts
[cannsim_helper] INSTR_POPPED_LOG callback count=1
[cannsim_helper] dlopen /home/t00826093/Ascend/9.2.0-weekly.20260902.01/cann-9.2.0/x86_64-linux/simulator/bin/libsqlite3.so.0 failed: /home/t00826093/Ascend/9.2.0-weekly.20260902.01/cann-9.2.0/x86_64-linux/simulator/bin/libsqlite3.so.0: cannot open shared object file: No such file or directory
[cannsim_helper] dlopen /home/t00826093/Ascend/9.2.0-weekly.20260902.01/cann-9.2.0/x86_64-linux/simulator/bin/libsqlite3.so failed: /home/t00826093/Ascend/9.2.0-weekly.20260902.01/cann-9.2.0/x86_64-linux/simulator/bin/libsqlite3.so: cannot open shared object file: No such file or directory
[cannsim_helper] dlopen libsqlite3.so.0 success
[cannsim_helper] sqlite3_open success path=/home/t00826093/sources/ops-transformer/examples/mega_moe_950pr_sim/artifacts/run_mtGw3w/output/npusim_20260908055601_case/record/chip1.db
[cannsim_helper] per-chip: opened chip_id=1 db=/home/t00826093/sources/ops-transformer/examples/mega_moe_950pr_sim/artifacts/run_mtGw3w/output/npusim_20260908055601_case/record/chip1.db
[cannsim_helper] sqlite3_open success path=/home/t00826093/sources/ops-transformer/examples/mega_moe_950pr_sim/artifacts/run_mtGw3w/output/npusim_20260908055601_case/record/chip0.db
[cannsim_helper] per-chip: opened chip_id=0 db=/home/t00826093/sources/ops-transformer/examples/mega_moe_950pr_sim/artifacts/run_mtGw3w/output/npusim_20260908055601_case/record/chip0.db
[cannsim_helper] INSTR_LOG callback count=1
[cannsim_helper] insert instr failed rc=19 err=UNIQUE constraint failed: ExecutedInstructions.ExecInstrId exec_id=57999238378924 instr_id=13740 core=0 sub_core=2
[cannsim_helper] insert instr failed rc=19 err=UNIQUE constraint failed: ExecutedInstructions.ExecInstrId exec_id=57999238378930 instr_id=13746 core=0 sub_core=2
[cannsim_helper] insert instr failed rc=19 err=UNIQUE constraint failed: ExecutedInstructions.ExecInstrId exec_id=58003533346276 instr_id=13796 core=1 sub_core=2
[cannsim_helper] insert instr failed rc=19 err=UNIQUE constraint failed: ExecutedInstructions.ExecInstrId exec_id=57728655439358 instr_id=13822 core=1 sub_core=1
[cannsim_helper] insert instr failed rc=19 err=UNIQUE constraint failed: ExecutedInstructions.ExecInstrId exec_id=58003533346314 instr_id=13834 core=1 sub_core=2
[cannsim_helper] insert instr failed rc=19 err=UNIQUE constraint failed: ExecutedInstructions.ExecInstrId exec_id=57728655439405 instr_id=13869 core=1 sub_core=1
[cannsim_helper] insert instr failed rc=19 err=UNIQUE constraint failed: ExecutedInstructions.ExecInstrId exec_id=57999238379230 instr_id=14046 core=0 sub_core=2
[cannsim_helper] insert instr failed rc=19 err=UNIQUE constraint failed: ExecutedInstructions.ExecInstrId exec_id=57999238379236 instr_id=14052 core=0 sub_core=2
[cannsim_helper] insert instr failed rc=19 err=UNIQUE constraint failed: ExecutedInstructions.ExecInstrId exec_id=58003533346562 instr_id=14082 core=1 sub_core=2
[cannsim_helper] insert instr failed rc=19 err=UNIQUE constraint failed: ExecutedInstructions.ExecInstrId exec_id=57728655439633 instr_id=14097 core=1 sub_core=1
[cannsim_helper] insert instr failed rc=19 err=UNIQUE constraint failed: ExecutedInstructions.ExecInstrId exec_id=58003533346597 instr_id=14117 core=1 sub_core=2
[cannsim_helper] insert instr failed rc=19 err=UNIQUE constraint failed: ExecutedInstructions.ExecInstrId exec_id=57728655439668 instr_id=14132 core=1 sub_core=1
[cannsim_helper] insert instr failed rc=19 err=UNIQUE constraint failed: ExecutedInstructions.ExecInstrId exec_id=57999238382026 instr_id=16842 core=0 sub_core=2
[cannsim_helper] insert instr failed rc=19 err=UNIQUE constraint failed: ExecutedInstructions.ExecInstrId exec_id=57999238382027 instr_id=16843 core=0 sub_core=2
[cannsim_helper] insert instr failed rc=19 err=UNIQUE constraint failed: ExecutedInstructions.ExecInstrId exec_id=58003533349355 instr_id=16875 core=1 sub_core=2
[cannsim_helper] insert instr failed rc=19 err=UNIQUE constraint failed: ExecutedInstructions.ExecInstrId exec_id=58003533349357 instr_id=16877 core=1 sub_core=2
[cannsim_helper] insert instr failed rc=19 err=UNIQUE constraint failed: ExecutedInstructions.ExecInstrId exec_id=57728655442448 instr_id=16912 core=1 sub_core=1
[cannsim_helper] insert instr failed rc=19 err=UNIQUE constraint failed: ExecutedInstructions.ExecInstrId exec_id=57728655442449 instr_id=16913 core=1 sub_core=1
[cannsim_helper] insert instr failed rc=19 err=UNIQUE constraint failed: ExecutedInstructions.ExecInstrId exec_id=57999238382121 instr_id=16937 core=0 sub_core=2
[cannsim_helper] insert instr failed rc=19 err=UNIQUE constraint failed: ExecutedInstructions.ExecInstrId exec_id=57999238382123 instr_id=16939 core=0 sub_core=2
[cannsim_helper] insert instr failed rc=19 err=UNIQUE constraint failed: ExecutedInstructions.ExecInstrId exec_id=57999238382125 instr_id=16941 core=0 sub_core=2
[cannsim_helper] insert instr failed rc=19 err=UNIQUE constraint failed: ExecutedInstructions.ExecInstrId exec_id=57999238382126 instr_id=16942 core=0 sub_core=2
[cannsim_helper] insert instr failed rc=19 err=UNIQUE constraint failed: ExecutedInstructions.ExecInstrId exec_id=57999238382303 instr_id=17119 core=0 sub_core=2
[cannsim_helper] insert instr failed rc=19 err=UNIQUE constraint failed: ExecutedInstructions.ExecInstrId exec_id=57999238382304 instr_id=17120 core=0 sub_core=2
[cannsim_helper] insert instr failed rc=19 err=UNIQUE constraint failed: ExecutedInstructions.ExecInstrId exec_id=58003533349472 instr_id=16992 core=1 sub_core=2
[cannsim_helper] insert instr failed rc=19 err=UNIQUE constraint failed: ExecutedInstructions.ExecInstrId exec_id=58003533349474 instr_id=16994 core=1 sub_core=2
[cannsim_helper] insert instr failed rc=19 err=UNIQUE constraint failed: ExecutedInstructions.ExecInstrId exec_id=58003533349475 instr_id=16995 core=1 sub_core=2
[cannsim_helper] insert instr failed rc=19 err=UNIQUE constraint failed: ExecutedInstructions.ExecInstrId exec_id=58003533349476 instr_id=16996 core=1 sub_core=2
[cannsim_helper] insert instr failed rc=19 err=UNIQUE constraint failed: ExecutedInstructions.ExecInstrId exec_id=57728655442610 instr_id=17074 core=1 sub_core=1
[cannsim_helper] insert instr failed rc=19 err=UNIQUE constraint failed: ExecutedInstructions.ExecInstrId exec_id=57728655442611 instr_id=17075 core=1 sub_core=1
[cannsim_helper] insert instr failed rc=19 err=UNIQUE constraint failed: ExecutedInstructions.ExecInstrId exec_id=57728655442612 instr_id=17076 core=1 sub_core=1
[cannsim_helper] insert instr failed rc=19 err=UNIQUE constraint failed: ExecutedInstructions.ExecInstrId exec_id=57728655442613 instr_id=17077 core=1 sub_core=1
[cannsim_helper] insert instr failed rc=19 err=UNIQUE constraint failed: ExecutedInstructions.ExecInstrId exec_id=58003533349711 instr_id=17231 core=1 sub_core=2
[cannsim_helper] insert instr failed rc=19 err=UNIQUE constraint failed: ExecutedInstructions.ExecInstrId exec_id=58003533349712 instr_id=17232 core=1 sub_core=2
[cannsim_helper] insert instr failed rc=19 err=UNIQUE constraint failed: ExecutedInstructions.ExecInstrId exec_id=57999238382404 instr_id=17220 core=0 sub_core=2
[cannsim_helper] insert instr failed rc=19 err=UNIQUE constraint failed: ExecutedInstructions.ExecInstrId exec_id=57999238382405 instr_id=17221 core=0 sub_core=2
[cannsim_helper] insert instr failed rc=19 err=UNIQUE constraint failed: ExecutedInstructions.ExecInstrId exec_id=57999238382406 instr_id=17222 core=0 sub_core=2
[cannsim_helper] insert instr failed rc=19 err=UNIQUE constraint failed: ExecutedInstructions.ExecInstrId exec_id=57728655442868 instr_id=17332 core=1 sub_core=1
[cannsim_helper] insert instr failed rc=19 err=UNIQUE constraint failed: ExecutedInstructions.ExecInstrId exec_id=57728655442869 instr_id=17333 core=1 sub_core=1
[cannsim_helper] insert instr failed rc=19 err=UNIQUE constraint failed: ExecutedInstructions.ExecInstrId exec_id=58003533349760 instr_id=17280 core=1 sub_core=2
[cannsim_helper] insert instr failed rc=19 err=UNIQUE constraint failed: ExecutedInstructions.ExecInstrId exec_id=58003533349761 instr_id=17281 core=1 sub_core=2
[cannsim_helper] insert instr failed rc=19 err=UNIQUE constraint failed: ExecutedInstructions.ExecInstrId exec_id=58003533349762 instr_id=17282 core=1 sub_core=2
[cannsim_helper] insert instr failed rc=19 err=UNIQUE constraint failed: ExecutedInstructions.ExecInstrId exec_id=57999238382423 instr_id=17239 core=0 sub_core=2
[cannsim_helper] insert instr failed rc=19 err=UNIQUE constraint failed: ExecutedInstructions.ExecInstrId exec_id=57999238382424 instr_id=17240 core=0 sub_core=2
[cannsim_helper] insert instr failed rc=19 err=UNIQUE constraint failed: ExecutedInstructions.ExecInstrId exec_id=57999238382425 instr_id=17241 core=0 sub_core=2
[cannsim_helper] insert instr failed rc=19 err=UNIQUE constraint failed: ExecutedInstructions.ExecInstrId exec_id=57999238382426 instr_id=17242 core=0 sub_core=2
[cannsim_helper] insert instr failed rc=19 err=UNIQUE constraint failed: ExecutedInstructions.ExecInstrId exec_id=57728655442927 instr_id=17391 core=1 sub_core=1
[cannsim_helper] insert instr failed rc=19 err=UNIQUE constraint failed: ExecutedInstructions.ExecInstrId exec_id=57728655442928 instr_id=17392 core=1 sub_core=1
[cannsim_helper] insert instr failed rc=19 err=UNIQUE constraint failed: ExecutedInstructions.ExecInstrId exec_id=57728655442929 instr_id=17393 core=1 sub_core=1
[cannsim_helper] insert instr failed rc=19 err=UNIQUE constraint failed: ExecutedInstructions.ExecInstrId exec_id=58003533350001 instr_id=17521 core=1 sub_core=2
[cannsim_helper] insert instr failed rc=19 err=UNIQUE constraint failed: ExecutedInstructions.ExecInstrId exec_id=58003533350003 instr_id=17523 core=1 sub_core=2
[cannsim_helper] insert instr failed rc=19 err=UNIQUE constraint failed: ExecutedInstructions.ExecInstrId exec_id=58003533350004 instr_id=17524 core=1 sub_core=2
[cannsim_helper] insert instr failed rc=19 err=UNIQUE constraint failed: ExecutedInstructions.ExecInstrId exec_id=58003533350005 instr_id=17525 core=1 sub_core=2
[cannsim_helper] insert instr failed rc=19 err=UNIQUE constraint failed: ExecutedInstructions.ExecInstrId exec_id=57728655443185 instr_id=17649 core=1 sub_core=1
[cannsim_helper] insert instr failed rc=19 err=UNIQUE constraint failed: ExecutedInstructions.ExecInstrId exec_id=57728655443186 instr_id=17650 core=1 sub_core=1
[cannsim_helper] insert instr failed rc=19 err=UNIQUE constraint failed: ExecutedInstructions.ExecInstrId exec_id=57728655443187 instr_id=17651 core=1 sub_core=1
[cannsim_helper] insert instr failed rc=19 err=UNIQUE constraint failed: ExecutedInstructions.ExecInstrId exec_id=57728655443188 instr_id=17652 core=1 sub_core=1
[cannsim_helper] insert instr failed rc=19 err=UNIQUE constraint failed: ExecutedInstructions.ExecInstrId exec_id=57999238382928 instr_id=17744 core=0 sub_core=2
[cannsim_helper] insert instr failed rc=19 err=UNIQUE constraint failed: ExecutedInstructions.ExecInstrId exec_id=57999238382929 instr_id=17745 core=0 sub_core=2
[cannsim_helper] insert instr failed rc=19 err=UNIQUE constraint failed: ExecutedInstructions.ExecInstrId exec_id=57999238382931 instr_id=17747 core=0 sub_core=2
[cannsim_helper] insert instr failed rc=19 err=UNIQUE constraint failed: ExecutedInstructions.ExecInstrId exec_id=57999238382858 instr_id=17674 core=0 sub_core=2
[cannsim_helper] insert instr failed rc=19 err=UNIQUE constraint failed: ExecutedInstructions.ExecInstrId exec_id=57999238382860 instr_id=17676 core=0 sub_core=2
[cannsim_helper] insert instr failed rc=19 err=UNIQUE constraint failed: ExecutedInstructions.ExecInstrId exec_id=58003533350204 instr_id=17724 core=1 sub_core=2
[cannsim_helper] insert instr failed rc=19 err=UNIQUE constraint failed: ExecutedInstructions.ExecInstrId exec_id=58003533350206 instr_id=17726 core=1 sub_core=2
[cannsim_helper] insert instr failed rc=19 err=UNIQUE constraint failed: ExecutedInstructions.ExecInstrId exec_id=58003533350435 instr_id=17955 core=1 sub_core=2
[cannsim_helper] insert instr failed rc=19 err=UNIQUE constraint failed: ExecutedInstructions.ExecInstrId exec_id=58003533350436 instr_id=17956 core=1 sub_core=2
[cannsim_helper] insert instr failed rc=19 err=UNIQUE constraint failed: ExecutedInstructions.ExecInstrId exec_id=58003533350438 instr_id=17958 core=1 sub_core=2
[cannsim_helper] insert instr failed rc=19 err=UNIQUE constraint failed: ExecutedInstructions.ExecInstrId exec_id=57728655443365 instr_id=17829 core=1 sub_core=1
[cannsim_helper] insert instr failed rc=19 err=UNIQUE constraint failed: ExecutedInstructions.ExecInstrId exec_id=57728655443366 instr_id=17830 core=1 sub_core=1
[cannsim_helper] insert instr failed rc=19 err=UNIQUE constraint failed: ExecutedInstructions.ExecInstrId exec_id=57728655443613 instr_id=18077 core=1 sub_core=1
[cannsim_helper] insert instr failed rc=19 err=UNIQUE constraint failed: ExecutedInstructions.ExecInstrId exec_id=57728655443614 instr_id=18078 core=1 sub_core=1
[cannsim_helper] insert instr failed rc=19 err=UNIQUE constraint failed: ExecutedInstructions.ExecInstrId exec_id=57728655443615 instr_id=18079 core=1 sub_core=1
[cannsim_helper] insert instr failed rc=19 err=UNIQUE constraint failed: ExecutedInstructions.ExecInstrId exec_id=57999238383406 instr_id=18222 core=0 sub_core=2
[cannsim_helper] insert instr failed rc=19 err=UNIQUE constraint failed: ExecutedInstructions.ExecInstrId exec_id=57999238383407 instr_id=18223 core=0 sub_core=2
[cannsim_helper] insert instr failed rc=19 err=UNIQUE constraint failed: ExecutedInstructions.ExecInstrId exec_id=57999238383408 instr_id=18224 core=0 sub_core=2
[cannsim_helper] insert instr failed rc=19 err=UNIQUE constraint failed: ExecutedInstructions.ExecInstrId exec_id=57999238383409 instr_id=18225 core=0 sub_core=2
[cannsim_helper] insert instr failed rc=19 err=UNIQUE constraint failed: ExecutedInstructions.ExecInstrId exec_id=57999238383329 instr_id=18145 core=0 sub_core=2
[cannsim_helper] insert instr failed rc=19 err=UNIQUE constraint failed: ExecutedInstructions.ExecInstrId exec_id=58003533350770 instr_id=18290 core=1 sub_core=2
[cannsim_helper] insert instr failed rc=19 err=UNIQUE constraint failed: ExecutedInstructions.ExecInstrId exec_id=57999238383331 instr_id=18147 core=0 sub_core=2
[cannsim_helper] insert instr failed rc=19 err=UNIQUE constraint failed: ExecutedInstructions.ExecInstrId exec_id=58003533350771 instr_id=18291 core=1 sub_core=2
[cannsim_helper] insert instr failed rc=19 err=UNIQUE constraint failed: ExecutedInstructions.ExecInstrId exec_id=58003533350772 instr_id=18292 core=1 sub_core=2
[cannsim_helper] insert instr failed rc=19 err=UNIQUE constraint failed: ExecutedInstructions.ExecInstrId exec_id=58003533350773 instr_id=18293 core=1 sub_core=2
[cannsim_helper] insert instr failed rc=19 err=UNIQUE constraint failed: ExecutedInstructions.ExecInstrId exec_id=57728655443936 instr_id=18400 core=1 sub_core=1
[cannsim_helper] insert instr failed rc=19 err=UNIQUE constraint failed: ExecutedInstructions.ExecInstrId exec_id=57728655443937 instr_id=18401 core=1 sub_core=1
[cannsim_helper] insert instr failed rc=19 err=UNIQUE constraint failed: ExecutedInstructions.ExecInstrId exec_id=57728655443938 instr_id=18402 core=1 sub_core=1
[cannsim_helper] insert instr failed rc=19 err=UNIQUE constraint failed: ExecutedInstructions.ExecInstrId exec_id=57728655443939 instr_id=18403 core=1 sub_core=1
[cannsim_helper] insert instr failed rc=19 err=UNIQUE constraint failed: ExecutedInstructions.ExecInstrId exec_id=58003533350870 instr_id=18390 core=1 sub_core=2
[cannsim_helper] insert instr failed rc=19 err=UNIQUE constraint failed: ExecutedInstructions.ExecInstrId exec_id=58003533350871 instr_id=18391 core=1 sub_core=2
[cannsim_helper] insert instr failed rc=19 err=UNIQUE constraint failed: ExecutedInstructions.ExecInstrId exec_id=57999238383823 instr_id=18639 core=0 sub_core=2
[cannsim_helper] insert instr failed rc=19 err=UNIQUE constraint failed: ExecutedInstructions.ExecInstrId exec_id=57999238383824 instr_id=18640 core=0 sub_core=2
[cannsim_helper] insert instr failed rc=19 err=UNIQUE constraint failed: ExecutedInstructions.ExecInstrId exec_id=57999238383825 instr_id=18641 core=0 sub_core=2
[cannsim_helper] insert instr failed rc=19 err=UNIQUE constraint failed: ExecutedInstructions.ExecInstrId exec_id=57728655444039 instr_id=18503 core=1 sub_core=1
[cannsim_helper] insert instr failed rc=19 err=UNIQUE constraint failed: ExecutedInstructions.ExecInstrId exec_id=57728655444040 instr_id=18504 core=1 sub_core=1
[cannsim_helper] insert instr failed rc=19 err=UNIQUE constraint failed: ExecutedInstructions.ExecInstrId exec_id=58003533351180 instr_id=18700 core=1 sub_core=2
[cannsim_helper] insert instr failed rc=19 err=UNIQUE constraint failed: ExecutedInstructions.ExecInstrId exec_id=58003533351181 instr_id=18701 core=1 sub_core=2
[cannsim_helper] insert instr failed rc=19 err=UNIQUE constraint failed: ExecutedInstructions.ExecInstrId exec_id=58003533351182 instr_id=18702 core=1 sub_core=2
[cannsim_helper] insert instr failed rc=19 err=UNIQUE constraint failed: ExecutedInstructions.ExecInstrId exec_id=57999238383845 instr_id=18661 core=0 sub_core=2
[cannsim_helper] insert instr failed rc=19 err=UNIQUE constraint failed: ExecutedInstructions.ExecInstrId exec_id=57999238383846 instr_id=18662 core=0 sub_core=2
[cannsim_helper] insert instr failed rc=19 err=UNIQUE constraint failed: ExecutedInstructions.ExecInstrId exec_id=57999238383847 instr_id=18663 core=0 sub_core=2
[cannsim_helper] insert instr failed rc=19 err=UNIQUE constraint failed: ExecutedInstructions.ExecInstrId exec_id=57999238383848 instr_id=18664 core=0 sub_core=2
[cannsim_helper] insert instr failed rc=19 err=UNIQUE constraint failed: ExecutedInstructions.ExecInstrId exec_id=57728655444348 instr_id=18812 core=1 sub_core=1
[cannsim_helper] insert instr failed rc=19 err=UNIQUE constraint failed: ExecutedInstructions.ExecInstrId exec_id=57728655444349 instr_id=18813 core=1 sub_core=1
[cannsim_helper] insert instr failed rc=19 err=UNIQUE constraint failed: ExecutedInstructions.ExecInstrId exec_id=57728655444350 instr_id=18814 core=1 sub_core=1
[cannsim_helper] insert instr failed rc=19 err=UNIQUE constraint failed: ExecutedInstructions.ExecInstrId exec_id=58003533351395 instr_id=18915 core=1 sub_core=2
[cannsim_helper] insert instr failed rc=19 err=UNIQUE constraint failed: ExecutedInstructions.ExecInstrId exec_id=58003533351396 instr_id=18916 core=1 sub_core=2
[cannsim_helper] insert instr failed rc=19 err=UNIQUE constraint failed: ExecutedInstructions.ExecInstrId exec_id=58003533351397 instr_id=18917 core=1 sub_core=2
[cannsim_helper] insert instr failed rc=19 err=UNIQUE constraint failed: ExecutedInstructions.ExecInstrId exec_id=58003533351398 instr_id=18918 core=1 sub_core=2
[cannsim_helper] insert instr failed rc=19 err=UNIQUE constraint failed: ExecutedInstructions.ExecInstrId exec_id=57728655444595 instr_id=19059 core=1 sub_core=1
[cannsim_helper] insert instr failed rc=19 err=UNIQUE constraint failed: ExecutedInstructions.ExecInstrId exec_id=57728655444598 instr_id=19062 core=1 sub_core=1
[cannsim_helper] insert instr failed rc=19 err=UNIQUE constraint failed: ExecutedInstructions.ExecInstrId exec_id=57728655444599 instr_id=19063 core=1 sub_core=1
[cannsim_helper] insert instr failed rc=19 err=UNIQUE constraint failed: ExecutedInstructions.ExecInstrId exec_id=57728655444600 instr_id=19064 core=1 sub_core=1
[cannsim_helper] insert instr failed rc=19 err=UNIQUE constraint failed: ExecutedInstructions.ExecInstrId exec_id=57999238384408 instr_id=19224 core=0 sub_core=2
[cannsim_helper] insert instr failed rc=19 err=UNIQUE constraint failed: ExecutedInstructions.ExecInstrId exec_id=57999238384409 instr_id=19225 core=0 sub_core=2
[cannsim_helper] insert instr failed rc=19 err=UNIQUE constraint failed: ExecutedInstructions.ExecInstrId exec_id=57999238384411 instr_id=19227 core=0 sub_core=2
[cannsim_helper] insert instr failed rc=19 err=UNIQUE constraint failed: ExecutedInstructions.ExecInstrId exec_id=58003533351828 instr_id=19348 core=1 sub_core=2
[cannsim_helper] insert instr failed rc=19 err=UNIQUE constraint failed: ExecutedInstructions.ExecInstrId exec_id=58003533351830 instr_id=19350 core=1 sub_core=2
[cannsim_helper] insert instr failed rc=19 err=UNIQUE constraint failed: ExecutedInstructions.ExecInstrId exec_id=58003533351832 instr_id=19352 core=1 sub_core=2
[cannsim_helper] insert instr failed rc=19 err=UNIQUE constraint failed: ExecutedInstructions.ExecInstrId exec_id=57728655444937 instr_id=19401 core=1 sub_core=1
[cannsim_helper] insert instr failed rc=19 err=UNIQUE constraint failed: ExecutedInstructions.ExecInstrId exec_id=57728655444938 instr_id=19402 core=1 sub_core=1
[cannsim_helper] insert instr failed rc=19 err=UNIQUE constraint failed: ExecutedInstructions.ExecInstrId exec_id=57728655444939 instr_id=19403 core=1 sub_core=1
[cannsim_helper] insert instr failed rc=19 err=UNIQUE constraint failed: ExecutedInstructions.ExecInstrId exec_id=57724360478589 instr_id=20349 core=0 sub_core=1
[cannsim_helper] insert instr failed rc=19 err=UNIQUE constraint failed: ExecutedInstructions.ExecInstrId exec_id=57724360478595 instr_id=20355 core=0 sub_core=1
[cannsim_helper] insert instr failed rc=19 err=UNIQUE constraint failed: ExecutedInstructions.ExecInstrId exec_id=57724360478750 instr_id=20510 core=0 sub_core=1
[cannsim_helper] insert instr failed rc=19 err=UNIQUE constraint failed: ExecutedInstructions.ExecInstrId exec_id=57724360478780 instr_id=20540 core=0 sub_core=1
[cannsim_helper] insert instr failed rc=19 err=UNIQUE constraint failed: ExecutedInstructions.ExecInstrId exec_id=58003533353862 instr_id=21382 core=1 sub_core=2
[cannsim_helper] insert instr failed rc=19 err=UNIQUE constraint failed: ExecutedInstructions.ExecInstrId exec_id=58003533353863 instr_id=21383 core=1 sub_core=2
[cannsim_helper] insert instr failed rc=19 err=UNIQUE constraint failed: ExecutedInstructions.ExecInstrId exec_id=57728655446983 instr_id=21447 core=1 sub_core=1
[cannsim_helper] insert instr failed rc=19 err=UNIQUE constraint failed: ExecutedInstructions.ExecInstrId exec_id=57728655446984 instr_id=21448 core=1 sub_core=1
[cannsim_helper] insert instr failed rc=19 err=UNIQUE constraint failed: ExecutedInstructions.ExecInstrId exec_id=58003533353897 instr_id=21417 core=1 sub_core=2
[cannsim_helper] insert instr failed rc=19 err=UNIQUE constraint failed: ExecutedInstructions.ExecInstrId exec_id=58003533353898 instr_id=21418 core=1 sub_core=2
[cannsim_helper] insert instr failed rc=19 err=UNIQUE constraint failed: ExecutedInstructions.ExecInstrId exec_id=58003533353899 instr_id=21419 core=1 sub_core=2
[cannsim_helper] insert instr failed rc=19 err=UNIQUE constraint failed: ExecutedInstructions.ExecInstrId exec_id=58003533353900 instr_id=21420 core=1 sub_core=2
[cannsim_helper] insert instr failed rc=19 err=UNIQUE constraint failed: ExecutedInstructions.ExecInstrId exec_id=57728655447099 instr_id=21563 core=1 sub_core=1
[cannsim_helper] insert instr failed rc=19 err=UNIQUE constraint failed: ExecutedInstructions.ExecInstrId exec_id=58003533354080 instr_id=21600 core=1 sub_core=2
[cannsim_helper] insert instr failed rc=19 err=UNIQUE constraint failed: ExecutedInstructions.ExecInstrId exec_id=57728655447100 instr_id=21564 core=1 sub_core=1
[cannsim_helper] insert instr failed rc=19 err=UNIQUE constraint failed: ExecutedInstructions.ExecInstrId exec_id=58003533354081 instr_id=21601 core=1 sub_core=2
[cannsim_helper] insert instr failed rc=19 err=UNIQUE constraint failed: ExecutedInstructions.ExecInstrId exec_id=57728655447101 instr_id=21565 core=1 sub_core=1
[cannsim_helper] insert instr failed rc=19 err=UNIQUE constraint failed: ExecutedInstructions.ExecInstrId exec_id=58003533354123 instr_id=21643 core=1 sub_core=2
[cannsim_helper] insert instr failed rc=19 err=UNIQUE constraint failed: ExecutedInstructions.ExecInstrId exec_id=58003533354082 instr_id=21602 core=1 sub_core=2
[cannsim_helper] insert instr failed rc=19 err=UNIQUE constraint failed: ExecutedInstructions.ExecInstrId exec_id=57728655447102 instr_id=21566 core=1 sub_core=1
[cannsim_helper] insert instr failed rc=19 err=UNIQUE constraint failed: ExecutedInstructions.ExecInstrId exec_id=58003533354124 instr_id=21644 core=1 sub_core=2
[cannsim_helper] insert instr failed rc=19 err=UNIQUE constraint failed: ExecutedInstructions.ExecInstrId exec_id=57728655447302 instr_id=21766 core=1 sub_core=1
[cannsim_helper] insert instr failed rc=19 err=UNIQUE constraint failed: ExecutedInstructions.ExecInstrId exec_id=57728655447303 instr_id=21767 core=1 sub_core=1
[cannsim_helper] insert instr failed rc=19 err=UNIQUE constraint failed: ExecutedInstructions.ExecInstrId exec_id=57728655447313 instr_id=21777 core=1 sub_core=1
[cannsim_helper] insert instr failed rc=19 err=UNIQUE constraint failed: ExecutedInstructions.ExecInstrId exec_id=57728655447314 instr_id=21778 core=1 sub_core=1
[cannsim_helper] insert instr failed rc=19 err=UNIQUE constraint failed: ExecutedInstructions.ExecInstrId exec_id=57728655447315 instr_id=21779 core=1 sub_core=1
[cannsim_helper] insert instr failed rc=19 err=UNIQUE constraint failed: ExecutedInstructions.ExecInstrId exec_id=58003533354345 instr_id=21865 core=1 sub_core=2
[cannsim_helper] insert instr failed rc=19 err=UNIQUE constraint failed: ExecutedInstructions.ExecInstrId exec_id=58003533354346 instr_id=21866 core=1 sub_core=2
[cannsim_helper] insert instr failed rc=19 err=UNIQUE constraint failed: ExecutedInstructions.ExecInstrId exec_id=58003533354347 instr_id=21867 core=1 sub_core=2
[cannsim_helper] insert instr failed rc=19 err=UNIQUE constraint failed: ExecutedInstructions.ExecInstrId exec_id=58003533354348 instr_id=21868 core=1 sub_core=2
[cannsim_helper] insert instr failed rc=19 err=UNIQUE constraint failed: ExecutedInstructions.ExecInstrId exec_id=58003533354366 instr_id=21886 core=1 sub_core=2
[cannsim_helper] insert instr failed rc=19 err=UNIQUE constraint failed: ExecutedInstructions.ExecInstrId exec_id=58003533354367 instr_id=21887 core=1 sub_core=2
[cannsim_helper] insert instr failed rc=19 err=UNIQUE constraint failed: ExecutedInstructions.ExecInstrId exec_id=57728655447529 instr_id=21993 core=1 sub_core=1
[cannsim_helper] insert instr failed rc=19 err=UNIQUE constraint failed: ExecutedInstructions.ExecInstrId exec_id=57728655447530 instr_id=21994 core=1 sub_core=1
[cannsim_helper] insert instr failed rc=19 err=UNIQUE constraint failed: ExecutedInstructions.ExecInstrId exec_id=57728655447531 instr_id=21995 core=1 sub_core=1
[cannsim_helper] insert instr failed rc=19 err=UNIQUE constraint failed: ExecutedInstructions.ExecInstrId exec_id=57728655447532 instr_id=21996 core=1 sub_core=1
[cannsim_helper] insert instr failed rc=19 err=UNIQUE constraint failed: ExecutedInstructions.ExecInstrId exec_id=58003533354614 instr_id=22134 core=1 sub_core=2
[cannsim_helper] insert instr failed rc=19 err=UNIQUE constraint failed: ExecutedInstructions.ExecInstrId exec_id=58003533354615 instr_id=22135 core=1 sub_core=2
[cannsim_helper] insert instr failed rc=19 err=UNIQUE constraint failed: ExecutedInstructions.ExecInstrId exec_id=58003533354616 instr_id=22136 core=1 sub_core=2
[cannsim_helper] insert instr failed rc=19 err=UNIQUE constraint failed: ExecutedInstructions.ExecInstrId exec_id=57728655447641 instr_id=22105 core=1 sub_core=1
[cannsim_helper] insert instr failed rc=19 err=UNIQUE constraint failed: ExecutedInstructions.ExecInstrId exec_id=57728655447642 instr_id=22106 core=1 sub_core=1
[cannsim_helper] insert instr failed rc=19 err=UNIQUE constraint failed: ExecutedInstructions.ExecInstrId exec_id=57728655447811 instr_id=22275 core=1 sub_core=1
[cannsim_helper] insert instr failed rc=19 err=UNIQUE constraint failed: ExecutedInstructions.ExecInstrId exec_id=58003533354672 instr_id=22192 core=1 sub_core=2
[cannsim_helper] insert instr failed rc=19 err=UNIQUE constraint failed: ExecutedInstructions.ExecInstrId exec_id=57728655447812 instr_id=22276 core=1 sub_core=1
[cannsim_helper] insert instr failed rc=19 err=UNIQUE constraint failed: ExecutedInstructions.ExecInstrId exec_id=58003533354673 instr_id=22193 core=1 sub_core=2
[cannsim_helper] insert instr failed rc=19 err=UNIQUE constraint failed: ExecutedInstructions.ExecInstrId exec_id=57728655447813 instr_id=22277 core=1 sub_core=1
[cannsim_helper] insert instr failed rc=19 err=UNIQUE constraint failed: ExecutedInstructions.ExecInstrId exec_id=58003533354674 instr_id=22194 core=1 sub_core=2
[cannsim_helper] insert instr failed rc=19 err=UNIQUE constraint failed: ExecutedInstructions.ExecInstrId exec_id=58003533354675 instr_id=22195 core=1 sub_core=2
[cannsim_helper] insert instr failed rc=19 err=UNIQUE constraint failed: ExecutedInstructions.ExecInstrId exec_id=57728655448045 instr_id=22509 core=1 sub_core=1
[cannsim_helper] insert instr failed rc=19 err=UNIQUE constraint failed: ExecutedInstructions.ExecInstrId exec_id=58003533355031 instr_id=22551 core=1 sub_core=2
[cannsim_helper] insert instr failed rc=19 err=UNIQUE constraint failed: ExecutedInstructions.ExecInstrId exec_id=57728655448046 instr_id=22510 core=1 sub_core=1
[cannsim_helper] insert instr failed rc=19 err=UNIQUE constraint failed: ExecutedInstructions.ExecInstrId exec_id=58003533355032 instr_id=22552 core=1 sub_core=2
[cannsim_helper] insert instr failed rc=19 err=UNIQUE constraint failed: ExecutedInstructions.ExecInstrId exec_id=57728655448047 instr_id=22511 core=1 sub_core=1
[cannsim_helper] insert instr failed rc=19 err=UNIQUE constraint failed: ExecutedInstructions.ExecInstrId exec_id=58003533355033 instr_id=22553 core=1 sub_core=2
[cannsim_helper] insert instr failed rc=19 err=UNIQUE constraint failed: ExecutedInstructions.ExecInstrId exec_id=57728655448048 instr_id=22512 core=1 sub_core=1
[cannsim_helper] insert instr failed rc=19 err=UNIQUE constraint failed: ExecutedInstructions.ExecInstrId exec_id=58003533354929 instr_id=22449 core=1 sub_core=2
[cannsim_helper] insert instr failed rc=19 err=UNIQUE constraint failed: ExecutedInstructions.ExecInstrId exec_id=58003533354930 instr_id=22450 core=1 sub_core=2
[cannsim_helper] insert instr failed rc=19 err=UNIQUE constraint failed: ExecutedInstructions.ExecInstrId exec_id=57728655448096 instr_id=22560 core=1 sub_core=1
[cannsim_helper] insert instr failed rc=19 err=UNIQUE constraint failed: ExecutedInstructions.ExecInstrId exec_id=57728655448097 instr_id=22561 core=1 sub_core=1
[cannsim_helper] insert instr failed rc=19 err=UNIQUE constraint failed: ExecutedInstructions.ExecInstrId exec_id=57728655448340 instr_id=22804 core=1 sub_core=1
[cannsim_helper] insert instr failed rc=19 err=UNIQUE constraint failed: ExecutedInstructions.ExecInstrId exec_id=57728655448341 instr_id=22805 core=1 sub_core=1
[cannsim_helper] insert instr failed rc=19 err=UNIQUE constraint failed: ExecutedInstructions.ExecInstrId exec_id=57728655448342 instr_id=22806 core=1 sub_core=1
[cannsim_helper] insert instr failed rc=19 err=UNIQUE constraint failed: ExecutedInstructions.ExecInstrId exec_id=58003533355277 instr_id=22797 core=1 sub_core=2
[cannsim_helper] insert instr failed rc=19 err=UNIQUE constraint failed: ExecutedInstructions.ExecInstrId exec_id=58003533355278 instr_id=22798 core=1 sub_core=2
[cannsim_helper] insert instr failed rc=19 err=UNIQUE constraint failed: ExecutedInstructions.ExecInstrId exec_id=58003533355279 instr_id=22799 core=1 sub_core=2
[cannsim_helper] insert instr failed rc=19 err=UNIQUE constraint failed: ExecutedInstructions.ExecInstrId exec_id=58003533355280 instr_id=22800 core=1 sub_core=2
[cannsim_helper] insert instr failed rc=19 err=UNIQUE constraint failed: ExecutedInstructions.ExecInstrId exec_id=57999238388186 instr_id=23002 core=0 sub_core=2
[cannsim_helper] insert instr failed rc=19 err=UNIQUE constraint failed: ExecutedInstructions.ExecInstrId exec_id=57999238388188 instr_id=23004 core=0 sub_core=2
[cannsim_helper] insert instr failed rc=19 err=UNIQUE constraint failed: ExecutedInstructions.ExecInstrId exec_id=57728655448462 instr_id=22926 core=1 sub_core=1
[cannsim_helper] insert instr failed rc=19 err=UNIQUE constraint failed: ExecutedInstructions.ExecInstrId exec_id=57728655448463 instr_id=22927 core=1 sub_core=1
[cannsim_helper] insert instr failed rc=19 err=UNIQUE constraint failed: ExecutedInstructions.ExecInstrId exec_id=57728655448464 instr_id=22928 core=1 sub_core=1
[cannsim_helper] insert instr failed rc=19 err=UNIQUE constraint failed: ExecutedInstructions.ExecInstrId exec_id=57728655448465 instr_id=22929 core=1 sub_core=1
[cannsim_helper] insert instr failed rc=19 err=UNIQUE constraint failed: ExecutedInstructions.ExecInstrId exec_id=58003533355543 instr_id=23063 core=1 sub_core=2
[cannsim_helper] insert instr failed rc=19 err=UNIQUE constraint failed: ExecutedInstructions.ExecInstrId exec_id=58003533355544 instr_id=23064 core=1 sub_core=2
[cannsim_helper] insert instr failed rc=19 err=UNIQUE constraint failed: ExecutedInstructions.ExecInstrId exec_id=58003533355545 instr_id=23065 core=1 sub_core=2
[cannsim_helper] insert instr failed rc=19 err=UNIQUE constraint failed: ExecutedInstructions.ExecInstrId exec_id=57999238388408 instr_id=23224 core=0 sub_core=2
[cannsim_helper] insert instr failed rc=19 err=UNIQUE constraint failed: ExecutedInstructions.ExecInstrId exec_id=57999238388409 instr_id=23225 core=0 sub_core=2
[cannsim_helper] insert instr failed rc=19 err=UNIQUE constraint failed: ExecutedInstructions.ExecInstrId exec_id=57999238388279 instr_id=23095 core=0 sub_core=2
[cannsim_helper] insert instr failed rc=19 err=UNIQUE constraint failed: ExecutedInstructions.ExecInstrId exec_id=57999238388281 instr_id=23097 core=0 sub_core=2
[cannsim_helper] insert instr failed rc=19 err=UNIQUE constraint failed: ExecutedInstructions.ExecInstrId exec_id=57999238388283 instr_id=23099 core=0 sub_core=2
[cannsim_helper] insert instr failed rc=19 err=UNIQUE constraint failed: ExecutedInstructions.ExecInstrId exec_id=57999238388284 instr_id=23100 core=0 sub_core=2
[cannsim_helper] insert instr failed rc=19 err=UNIQUE constraint failed: ExecutedInstructions.ExecInstrId exec_id=57728655448717 instr_id=23181 core=1 sub_core=1
[cannsim_helper] insert instr failed rc=19 err=UNIQUE constraint failed: ExecutedInstructions.ExecInstrId exec_id=57728655448718 instr_id=23182 core=1 sub_core=1
[cannsim_helper] insert instr failed rc=19 err=UNIQUE constraint failed: ExecutedInstructions.ExecInstrId exec_id=57728655448719 instr_id=23183 core=1 sub_core=1
[cannsim_helper] insert instr failed rc=19 err=UNIQUE constraint failed: ExecutedInstructions.ExecInstrId exec_id=57999238388572 instr_id=23388 core=0 sub_core=2
[cannsim_helper] insert instr failed rc=19 err=UNIQUE constraint failed: ExecutedInstructions.ExecInstrId exec_id=57999238388573 instr_id=23389 core=0 sub_core=2
[cannsim_helper] insert instr failed rc=19 err=UNIQUE constraint failed: ExecutedInstructions.ExecInstrId exec_id=57999238388574 instr_id=23390 core=0 sub_core=2
[cannsim_helper] insert instr failed rc=19 err=UNIQUE constraint failed: ExecutedInstructions.ExecInstrId exec_id=57999238388555 instr_id=23371 core=0 sub_core=2
[cannsim_helper] insert instr failed rc=19 err=UNIQUE constraint failed: ExecutedInstructions.ExecInstrId exec_id=57999238388556 instr_id=23372 core=0 sub_core=2
[cannsim_helper] insert instr failed rc=19 err=UNIQUE constraint failed: ExecutedInstructions.ExecInstrId exec_id=57999238388557 instr_id=23373 core=0 sub_core=2
[cannsim_helper] insert instr failed rc=19 err=UNIQUE constraint failed: ExecutedInstructions.ExecInstrId exec_id=57999238388558 instr_id=23374 core=0 sub_core=2
[cannsim_helper] insert instr failed rc=19 err=UNIQUE constraint failed: ExecutedInstructions.ExecInstrId exec_id=57999238388720 instr_id=23536 core=0 sub_core=2
[cannsim_helper] insert instr failed rc=19 err=UNIQUE constraint failed: ExecutedInstructions.ExecInstrId exec_id=57999238388721 instr_id=23537 core=0 sub_core=2
[cannsim_helper] insert instr failed rc=19 err=UNIQUE constraint failed: ExecutedInstructions.ExecInstrId exec_id=57999238388722 instr_id=23538 core=0 sub_core=2
[cannsim_helper] insert instr failed rc=19 err=UNIQUE constraint failed: ExecutedInstructions.ExecInstrId exec_id=57999238388715 instr_id=23531 core=0 sub_core=2
[cannsim_helper] insert instr failed rc=19 err=UNIQUE constraint failed: ExecutedInstructions.ExecInstrId exec_id=57999238388716 instr_id=23532 core=0 sub_core=2
[cannsim_helper] insert instr failed rc=19 err=UNIQUE constraint failed: ExecutedInstructions.ExecInstrId exec_id=57724360482017 instr_id=23777 core=0 sub_core=1
[cannsim_helper] insert instr failed rc=19 err=UNIQUE constraint failed: ExecutedInstructions.ExecInstrId exec_id=57724360482018 instr_id=23778 core=0 sub_core=1
[cannsim_helper] insert instr failed rc=19 err=UNIQUE constraint failed: ExecutedInstructions.ExecInstrId exec_id=57999238388891 instr_id=23707 core=0 sub_core=2
[cannsim_helper] insert instr failed rc=19 err=UNIQUE constraint failed: ExecutedInstructions.ExecInstrId exec_id=57999238388892 instr_id=23708 core=0 sub_core=2
[cannsim_helper] insert instr failed rc=19 err=UNIQUE constraint failed: ExecutedInstructions.ExecInstrId exec_id=57999238388918 instr_id=23734 core=0 sub_core=2
[cannsim_helper] insert instr failed rc=19 err=UNIQUE constraint failed: ExecutedInstructions.ExecInstrId exec_id=57999238388919 instr_id=23735 core=0 sub_core=2
[cannsim_helper] insert instr failed rc=19 err=UNIQUE constraint failed: ExecutedInstructions.ExecInstrId exec_id=57999238388920 instr_id=23736 core=0 sub_core=2
[cannsim_helper] insert instr failed rc=19 err=UNIQUE constraint failed: ExecutedInstructions.ExecInstrId exec_id=57999238388921 instr_id=23737 core=0 sub_core=2
[cannsim_helper] insert instr failed rc=19 err=UNIQUE constraint failed: ExecutedInstructions.ExecInstrId exec_id=57724360482205 instr_id=23965 core=0 sub_core=1
[cannsim_helper] insert instr failed rc=19 err=UNIQUE constraint failed: ExecutedInstructions.ExecInstrId exec_id=57724360482206 instr_id=23966 core=0 sub_core=1
[cannsim_helper] insert instr failed rc=19 err=UNIQUE constraint failed: ExecutedInstructions.ExecInstrId exec_id=57724360482122 instr_id=23882 core=0 sub_core=1
[cannsim_helper] insert instr failed rc=19 err=UNIQUE constraint failed: ExecutedInstructions.ExecInstrId exec_id=57724360482123 instr_id=23883 core=0 sub_core=1
[cannsim_helper] insert instr failed rc=19 err=UNIQUE constraint failed: ExecutedInstructions.ExecInstrId exec_id=57724360482124 instr_id=23884 core=0 sub_core=1
[cannsim_helper] insert instr failed rc=19 err=UNIQUE constraint failed: ExecutedInstructions.ExecInstrId exec_id=57724360482125 instr_id=23885 core=0 sub_core=1
[cannsim_helper] insert instr failed rc=19 err=UNIQUE constraint failed: ExecutedInstructions.ExecInstrId exec_id=57999238389109 instr_id=23925 core=0 sub_core=2
[cannsim_helper] insert instr failed rc=19 err=UNIQUE constraint failed: ExecutedInstructions.ExecInstrId exec_id=57999238389110 instr_id=23926 core=0 sub_core=2
[cannsim_helper] insert instr failed rc=19 err=UNIQUE constraint failed: ExecutedInstructions.ExecInstrId exec_id=57999238389111 instr_id=23927 core=0 sub_core=2
[cannsim_helper] insert instr failed rc=19 err=UNIQUE constraint failed: ExecutedInstructions.ExecInstrId exec_id=57999238389086 instr_id=23902 core=0 sub_core=2
[cannsim_helper] insert instr failed rc=19 err=UNIQUE constraint failed: ExecutedInstructions.ExecInstrId exec_id=57999238389087 instr_id=23903 core=0 sub_core=2
[cannsim_helper] insert instr failed rc=19 err=UNIQUE constraint failed: ExecutedInstructions.ExecInstrId exec_id=57999238389088 instr_id=23904 core=0 sub_core=2
[cannsim_helper] insert instr failed rc=19 err=UNIQUE constraint failed: ExecutedInstructions.ExecInstrId exec_id=57999238389089 instr_id=23905 core=0 sub_core=2
[cannsim_helper] insert instr failed rc=19 err=UNIQUE constraint failed: ExecutedInstructions.ExecInstrId exec_id=57724360482396 instr_id=24156 core=0 sub_core=1
[cannsim_helper] insert instr failed rc=19 err=UNIQUE constraint failed: ExecutedInstructions.ExecInstrId exec_id=57724360482397 instr_id=24157 core=0 sub_core=1
[cannsim_helper] insert instr failed rc=19 err=UNIQUE constraint failed: ExecutedInstructions.ExecInstrId exec_id=57724360482398 instr_id=24158 core=0 sub_core=1
[cannsim_helper] insert instr failed rc=19 err=UNIQUE constraint failed: ExecutedInstructions.ExecInstrId exec_id=57724360482379 instr_id=24139 core=0 sub_core=1
[cannsim_helper] insert instr failed rc=19 err=UNIQUE constraint failed: ExecutedInstructions.ExecInstrId exec_id=57724360482380 instr_id=24140 core=0 sub_core=1
[cannsim_helper] insert instr failed rc=19 err=UNIQUE constraint failed: ExecutedInstructions.ExecInstrId exec_id=57724360482381 instr_id=24141 core=0 sub_core=1
[cannsim_helper] insert instr failed rc=19 err=UNIQUE constraint failed: ExecutedInstructions.ExecInstrId exec_id=57724360482382 instr_id=24142 core=0 sub_core=1
[cannsim_helper] insert instr failed rc=19 err=UNIQUE constraint failed: ExecutedInstructions.ExecInstrId exec_id=57999238389369 instr_id=24185 core=0 sub_core=2
[cannsim_helper] insert instr failed rc=19 err=UNIQUE constraint failed: ExecutedInstructions.ExecInstrId exec_id=57999238389370 instr_id=24186 core=0 sub_core=2
[cannsim_helper] insert instr failed rc=19 err=UNIQUE constraint failed: ExecutedInstructions.ExecInstrId exec_id=57999238389371 instr_id=24187 core=0 sub_core=2
[cannsim_helper] insert instr failed rc=19 err=UNIQUE constraint failed: ExecutedInstructions.ExecInstrId exec_id=57999238389401 instr_id=24217 core=0 sub_core=2
[cannsim_helper] insert instr failed rc=19 err=UNIQUE constraint failed: ExecutedInstructions.ExecInstrId exec_id=57724360482650 instr_id=24410 core=0 sub_core=1
[cannsim_helper] insert instr failed rc=19 err=UNIQUE constraint failed: ExecutedInstructions.ExecInstrId exec_id=57724360482651 instr_id=24411 core=0 sub_core=1
[cannsim_helper] insert instr failed rc=19 err=UNIQUE constraint failed: ExecutedInstructions.ExecInstrId exec_id=57724360482652 instr_id=24412 core=0 sub_core=1
[cannsim_helper] insert instr failed rc=19 err=UNIQUE constraint failed: ExecutedInstructions.ExecInstrId exec_id=57724360482645 instr_id=24405 core=0 sub_core=1
[cannsim_helper] insert instr failed rc=19 err=UNIQUE constraint failed: ExecutedInstructions.ExecInstrId exec_id=57724360482646 instr_id=24406 core=0 sub_core=1
[cannsim_helper] insert instr failed rc=19 err=UNIQUE constraint failed: ExecutedInstructions.ExecInstrId exec_id=57999238389644 instr_id=24460 core=0 sub_core=2
[cannsim_helper] insert instr failed rc=19 err=UNIQUE constraint failed: ExecutedInstructions.ExecInstrId exec_id=57724360482870 instr_id=24630 core=0 sub_core=1
[cannsim_helper] insert instr failed rc=19 err=UNIQUE constraint failed: ExecutedInstructions.ExecInstrId exec_id=57724360482871 instr_id=24631 core=0 sub_core=1
[cannsim_helper] insert instr failed rc=19 err=UNIQUE constraint failed: ExecutedInstructions.ExecInstrId exec_id=57724360482933 instr_id=24693 core=0 sub_core=1
[cannsim_helper] insert instr failed rc=19 err=UNIQUE constraint failed: ExecutedInstructions.ExecInstrId exec_id=57724360482934 instr_id=24694 core=0 sub_core=1
[cannsim_helper] insert instr failed rc=19 err=UNIQUE constraint failed: ExecutedInstructions.ExecInstrId exec_id=57724360482935 instr_id=24695 core=0 sub_core=1
[cannsim_helper] insert instr failed rc=19 err=UNIQUE constraint failed: ExecutedInstructions.ExecInstrId exec_id=57724360482936 instr_id=24696 core=0 sub_core=1
[cannsim_helper] insert instr failed rc=19 err=UNIQUE constraint failed: ExecutedInstructions.ExecInstrId exec_id=57724360483182 instr_id=24942 core=0 sub_core=1
[cannsim_helper] insert instr failed rc=19 err=UNIQUE constraint failed: ExecutedInstructions.ExecInstrId exec_id=57724360483183 instr_id=24943 core=0 sub_core=1
[cannsim_helper] insert instr failed rc=19 err=UNIQUE constraint failed: ExecutedInstructions.ExecInstrId exec_id=57724360483184 instr_id=24944 core=0 sub_core=1
[cannsim_helper] insert instr failed rc=19 err=UNIQUE constraint failed: ExecutedInstructions.ExecInstrId exec_id=57724360483148 instr_id=24908 core=0 sub_core=1
[cannsim_helper] insert instr failed rc=19 err=UNIQUE constraint failed: ExecutedInstructions.ExecInstrId exec_id=57724360483149 instr_id=24909 core=0 sub_core=1
[cannsim_helper] insert instr failed rc=19 err=UNIQUE constraint failed: ExecutedInstructions.ExecInstrId exec_id=57724360483150 instr_id=24910 core=0 sub_core=1
[cannsim_helper] insert instr failed rc=19 err=UNIQUE constraint failed: ExecutedInstructions.ExecInstrId exec_id=57724360483151 instr_id=24911 core=0 sub_core=1
[cannsim_helper] insert instr failed rc=19 err=UNIQUE constraint failed: ExecutedInstructions.ExecInstrId exec_id=57724360483333 instr_id=25093 core=0 sub_core=1
[cannsim_helper] insert instr failed rc=19 err=UNIQUE constraint failed: ExecutedInstructions.ExecInstrId exec_id=57724360483334 instr_id=25094 core=0 sub_core=1
[cannsim_helper] insert instr failed rc=19 err=UNIQUE constraint failed: ExecutedInstructions.ExecInstrId exec_id=57724360483335 instr_id=25095 core=0 sub_core=1
[cannsim_helper] insert instr failed rc=19 err=UNIQUE constraint failed: ExecutedInstructions.ExecInstrId exec_id=57999238390552 instr_id=25368 core=0 sub_core=2
[cannsim_helper] insert instr failed rc=19 err=UNIQUE constraint failed: ExecutedInstructions.ExecInstrId exec_id=57999238390560 instr_id=25376 core=0 sub_core=2
[cannsim_helper] insert instr failed rc=19 err=UNIQUE constraint failed: ExecutedInstructions.ExecInstrId exec_id=57724360483767 instr_id=25527 core=0 sub_core=1
[cannsim_helper] insert instr failed rc=19 err=UNIQUE constraint failed: ExecutedInstructions.ExecInstrId exec_id=57724360483768 instr_id=25528 core=0 sub_core=1
[cannsim_helper] insert instr failed rc=19 err=UNIQUE constraint failed: ExecutedInstructions.ExecInstrId exec_id=57724360483822 instr_id=25582 core=0 sub_core=1
[cannsim_helper] insert instr failed rc=19 err=UNIQUE constraint failed: ExecutedInstructions.ExecInstrId exec_id=57724360483823 instr_id=25583 core=0 sub_core=1
[cannsim_helper] insert instr failed rc=19 err=UNIQUE constraint failed: ExecutedInstructions.ExecInstrId exec_id=57724360483802 instr_id=25562 core=0 sub_core=1
[cannsim_helper] insert instr failed rc=19 err=UNIQUE constraint failed: ExecutedInstructions.ExecInstrId exec_id=57724360483803 instr_id=25563 core=0 sub_core=1
[cannsim_helper] insert instr failed rc=19 err=UNIQUE constraint failed: ExecutedInstructions.ExecInstrId exec_id=57724360483804 instr_id=25564 core=0 sub_core=1
[cannsim_helper] insert instr failed rc=19 err=UNIQUE constraint failed: ExecutedInstructions.ExecInstrId exec_id=57724360483805 instr_id=25565 core=0 sub_core=1
[cannsim_helper] insert instr failed rc=19 err=UNIQUE constraint failed: ExecutedInstructions.ExecInstrId exec_id=57724360483898 instr_id=25658 core=0 sub_core=1
[cannsim_helper] insert instr failed rc=19 err=UNIQUE constraint failed: ExecutedInstructions.ExecInstrId exec_id=57724360483899 instr_id=25659 core=0 sub_core=1
[cannsim_helper] insert instr failed rc=19 err=UNIQUE constraint failed: ExecutedInstructions.ExecInstrId exec_id=57724360483900 instr_id=25660 core=0 sub_core=1
[cannsim_helper] insert instr failed rc=19 err=UNIQUE constraint failed: ExecutedInstructions.ExecInstrId exec_id=57724360483901 instr_id=25661 core=0 sub_core=1
[cannsim_helper] insert instr failed rc=19 err=UNIQUE constraint failed: ExecutedInstructions.ExecInstrId exec_id=57724360483932 instr_id=25692 core=0 sub_core=1
[cannsim_helper] insert instr failed rc=19 err=UNIQUE constraint failed: ExecutedInstructions.ExecInstrId exec_id=57724360483933 instr_id=25693 core=0 sub_core=1
[cannsim_helper] insert instr failed rc=19 err=UNIQUE constraint failed: ExecutedInstructions.ExecInstrId exec_id=57724360483934 instr_id=25694 core=0 sub_core=1
[cannsim_helper] insert instr failed rc=19 err=UNIQUE constraint failed: ExecutedInstructions.ExecInstrId exec_id=57724360484059 instr_id=25819 core=0 sub_core=1
[cannsim_helper] insert instr failed rc=19 err=UNIQUE constraint failed: ExecutedInstructions.ExecInstrId exec_id=57724360484060 instr_id=25820 core=0 sub_core=1
[cannsim_helper] insert instr failed rc=19 err=UNIQUE constraint failed: ExecutedInstructions.ExecInstrId exec_id=57724360484061 instr_id=25821 core=0 sub_core=1
[cannsim_helper] insert instr failed rc=19 err=UNIQUE constraint failed: ExecutedInstructions.ExecInstrId exec_id=57724360484086 instr_id=25846 core=0 sub_core=1
[cannsim_helper] insert instr failed rc=19 err=UNIQUE constraint failed: ExecutedInstructions.ExecInstrId exec_id=57724360484087 instr_id=25847 core=0 sub_core=1
[cannsim_helper] insert instr failed rc=19 err=UNIQUE constraint failed: ExecutedInstructions.ExecInstrId exec_id=57724360484234 instr_id=25994 core=0 sub_core=1
[cannsim_helper] insert instr failed rc=19 err=UNIQUE constraint failed: ExecutedInstructions.ExecInstrId exec_id=57724360484235 instr_id=25995 core=0 sub_core=1
[cannsim_helper] insert instr failed rc=19 err=UNIQUE constraint failed: ExecutedInstructions.ExecInstrId exec_id=57724360484252 instr_id=26012 core=0 sub_core=1
[cannsim_helper] insert instr failed rc=19 err=UNIQUE constraint failed: ExecutedInstructions.ExecInstrId exec_id=57724360484253 instr_id=26013 core=0 sub_core=1
[cannsim_helper] insert instr failed rc=19 err=UNIQUE constraint failed: ExecutedInstructions.ExecInstrId exec_id=57724360484254 instr_id=26014 core=0 sub_core=1
[cannsim_helper] insert instr failed rc=19 err=UNIQUE constraint failed: ExecutedInstructions.ExecInstrId exec_id=57724360484255 instr_id=26015 core=0 sub_core=1
[cannsim_helper] insert instr failed rc=19 err=UNIQUE constraint failed: ExecutedInstructions.ExecInstrId exec_id=57724360484348 instr_id=26108 core=0 sub_core=1
[cannsim_helper] insert instr failed rc=19 err=UNIQUE constraint failed: ExecutedInstructions.ExecInstrId exec_id=57724360484349 instr_id=26109 core=0 sub_core=1
[cannsim_helper] insert instr failed rc=19 err=UNIQUE constraint failed: ExecutedInstructions.ExecInstrId exec_id=57724360484350 instr_id=26110 core=0 sub_core=1
[cannsim_helper] insert instr failed rc=19 err=UNIQUE constraint failed: ExecutedInstructions.ExecInstrId exec_id=57724360484351 instr_id=26111 core=0 sub_core=1
[cannsim_helper] insert instr failed rc=19 err=UNIQUE constraint failed: ExecutedInstructions.ExecInstrId exec_id=57724360484382 instr_id=26142 core=0 sub_core=1
[cannsim_helper] insert instr failed rc=19 err=UNIQUE constraint failed: ExecutedInstructions.ExecInstrId exec_id=57724360484383 instr_id=26143 core=0 sub_core=1
[cannsim_helper] insert instr failed rc=19 err=UNIQUE constraint failed: ExecutedInstructions.ExecInstrId exec_id=57724360484384 instr_id=26144 core=0 sub_core=1
[cannsim_helper] insert instr failed rc=19 err=UNIQUE constraint failed: ExecutedInstructions.ExecInstrId exec_id=57724360484509 instr_id=26269 core=0 sub_core=1
[cannsim_helper] insert instr failed rc=19 err=UNIQUE constraint failed: ExecutedInstructions.ExecInstrId exec_id=57724360484510 instr_id=26270 core=0 sub_core=1
[cannsim_helper] insert instr failed rc=19 err=UNIQUE constraint failed: ExecutedInstructions.ExecInstrId exec_id=57724360484511 instr_id=26271 core=0 sub_core=1
[cannsim_helper] insert instr failed rc=19 err=UNIQUE constraint failed: ExecutedInstructions.ExecInstrId exec_id=57999238391508 instr_id=26324 core=0 sub_core=2
[cannsim_helper] insert instr failed rc=19 err=UNIQUE constraint failed: ExecutedInstructions.ExecInstrId exec_id=57999238391509 instr_id=26325 core=0 sub_core=2
[cannsim_helper] insert instr failed rc=19 err=UNIQUE constraint failed: ExecutedInstructions.ExecInstrId exec_id=57724360484537 instr_id=26297 core=0 sub_core=1
[cannsim_helper] insert instr failed rc=19 err=UNIQUE constraint failed: ExecutedInstructions.ExecInstrId exec_id=57999238391573 instr_id=26389 core=0 sub_core=2
[cannsim_helper] insert instr failed rc=19 err=UNIQUE constraint failed: ExecutedInstructions.ExecInstrId exec_id=57999238391574 instr_id=26390 core=0 sub_core=2
[cannsim_helper] insert instr failed rc=19 err=UNIQUE constraint failed: ExecutedInstructions.ExecInstrId exec_id=57999238391575 instr_id=26391 core=0 sub_core=2
[cannsim_helper] insert instr failed rc=19 err=UNIQUE constraint failed: ExecutedInstructions.ExecInstrId exec_id=57999238391580 instr_id=26396 core=0 sub_core=2
[cannsim_helper] insert instr failed rc=19 err=UNIQUE constraint failed: ExecutedInstructions.ExecInstrId exec_id=57999238391581 instr_id=26397 core=0 sub_core=2
[cannsim_helper] insert instr failed rc=19 err=UNIQUE constraint failed: ExecutedInstructions.ExecInstrId exec_id=57999238391582 instr_id=26398 core=0 sub_core=2
[cannsim_helper] insert instr failed rc=19 err=UNIQUE constraint failed: ExecutedInstructions.ExecInstrId exec_id=57999238391605 instr_id=26421 core=0 sub_core=2
[cannsim_helper] insert instr failed rc=19 err=UNIQUE constraint failed: ExecutedInstructions.ExecInstrId exec_id=57999238391609 instr_id=26425 core=0 sub_core=2
[cannsim_helper] insert instr failed rc=19 err=UNIQUE constraint failed: ExecutedInstructions.ExecInstrId exec_id=57999238391610 instr_id=26426 core=0 sub_core=2
[cannsim_helper] insert instr failed rc=19 err=UNIQUE constraint failed: ExecutedInstructions.ExecInstrId exec_id=57724360484641 instr_id=26401 core=0 sub_core=1
[cannsim_helper] insert instr failed rc=19 err=UNIQUE constraint failed: ExecutedInstructions.ExecInstrId exec_id=57999238391666 instr_id=26482 core=0 sub_core=2
[cannsim_helper] insert instr failed rc=19 err=UNIQUE constraint failed: ExecutedInstructions.ExecInstrId exec_id=57999238391667 instr_id=26483 core=0 sub_core=2
[cannsim_helper] insert instr failed rc=19 err=UNIQUE constraint failed: ExecutedInstructions.ExecInstrId exec_id=57999238391668 instr_id=26484 core=0 sub_core=2
[cannsim_helper] insert instr failed rc=19 err=UNIQUE constraint failed: ExecutedInstructions.ExecInstrId exec_id=57999238391673 instr_id=26489 core=0 sub_core=2
[cannsim_helper] insert instr failed rc=19 err=UNIQUE constraint failed: ExecutedInstructions.ExecInstrId exec_id=57999238391674 instr_id=26490 core=0 sub_core=2
[cannsim_helper] insert instr failed rc=19 err=UNIQUE constraint failed: ExecutedInstructions.ExecInstrId exec_id=57999238391675 instr_id=26491 core=0 sub_core=2
[cannsim_helper] insert instr failed rc=19 err=UNIQUE constraint failed: ExecutedInstructions.ExecInstrId exec_id=57999238391731 instr_id=26547 core=0 sub_core=2
[cannsim_helper] insert instr failed rc=19 err=UNIQUE constraint failed: ExecutedInstructions.ExecInstrId exec_id=57724360485728 instr_id=27488 core=0 sub_core=1
[cannsim_helper] insert instr failed rc=19 err=UNIQUE constraint failed: ExecutedInstructions.ExecInstrId exec_id=57724360485736 instr_id=27496 core=0 sub_core=1
[cannsim_helper] insert instr failed rc=19 err=UNIQUE constraint failed: ExecutedInstructions.ExecInstrId exec_id=57724360485737 instr_id=27497 core=0 sub_core=1
[cannsim_helper] insert instr failed rc=19 err=UNIQUE constraint failed: ExecutedInstructions.ExecInstrId exec_id=57724360485749 instr_id=27509 core=0 sub_core=1
[cannsim_helper] insert instr failed rc=19 err=UNIQUE constraint failed: ExecutedInstructions.ExecInstrId exec_id=57724360485750 instr_id=27510 core=0 sub_core=1
[cannsim_helper] insert instr failed rc=19 err=UNIQUE constraint failed: ExecutedInstructions.ExecInstrId exec_id=57724360485751 instr_id=27511 core=0 sub_core=1
[cannsim_helper] insert instr failed rc=19 err=UNIQUE constraint failed: ExecutedInstructions.ExecInstrId exec_id=57724360485756 instr_id=27516 core=0 sub_core=1
[cannsim_helper] insert instr failed rc=19 err=UNIQUE constraint failed: ExecutedInstructions.ExecInstrId exec_id=57724360485757 instr_id=27517 core=0 sub_core=1
[cannsim_helper] insert instr failed rc=19 err=UNIQUE constraint failed: ExecutedInstructions.ExecInstrId exec_id=57724360485758 instr_id=27518 core=0 sub_core=1
[cannsim_helper] insert instr failed rc=19 err=UNIQUE constraint failed: ExecutedInstructions.ExecInstrId exec_id=57724360485777 instr_id=27537 core=0 sub_core=1
[cannsim_helper] insert instr failed rc=19 err=UNIQUE constraint failed: ExecutedInstructions.ExecInstrId exec_id=57724360485790 instr_id=27550 core=0 sub_core=1
[cannsim_helper] insert instr failed rc=19 err=UNIQUE constraint failed: ExecutedInstructions.ExecInstrId exec_id=57724360485826 instr_id=27586 core=0 sub_core=1
[cannsim_helper] insert instr failed rc=19 err=UNIQUE constraint failed: ExecutedInstructions.ExecInstrId exec_id=57724360485827 instr_id=27587 core=0 sub_core=1
[cannsim_helper] insert instr failed rc=19 err=UNIQUE constraint failed: ExecutedInstructions.ExecInstrId exec_id=57724360485854 instr_id=27614 core=0 sub_core=1
[cannsim_helper] insert instr failed rc=19 err=UNIQUE constraint failed: ExecutedInstructions.ExecInstrId exec_id=57724360485855 instr_id=27615 core=0 sub_core=1
[cannsim_helper] insert instr failed rc=19 err=UNIQUE constraint failed: ExecutedInstructions.ExecInstrId exec_id=57724360485856 instr_id=27616 core=0 sub_core=1
[cannsim_helper] insert instr failed rc=19 err=UNIQUE constraint failed: ExecutedInstructions.ExecInstrId exec_id=57724360485862 instr_id=27622 core=0 sub_core=1
[cannsim_helper] insert instr failed rc=19 err=UNIQUE constraint failed: ExecutedInstructions.ExecInstrId exec_id=57724360485863 instr_id=27623 core=0 sub_core=1
[cannsim_helper] insert instr failed rc=19 err=UNIQUE constraint failed: ExecutedInstructions.ExecInstrId exec_id=57724360485864 instr_id=27624 core=0 sub_core=1
[cannsim_helper] insert instr failed rc=19 err=UNIQUE constraint failed: ExecutedInstructions.ExecInstrId exec_id=57724360485927 instr_id=27687 core=0 sub_core=1
[cannsim_helper] insert instr failed rc=19 err=UNIQUE constraint failed: ExecutedInstructions.ExecInstrId exec_id=57999238404735 instr_id=39551 core=0 sub_core=2
[cannsim_helper] insert instr failed rc=19 err=UNIQUE constraint failed: ExecutedInstructions.ExecInstrId exec_id=57999238404766 instr_id=39582 core=0 sub_core=2
[cannsim_helper] insert instr failed rc=19 err=UNIQUE constraint failed: ExecutedInstructions.ExecInstrId exec_id=57999238404797 instr_id=39613 core=0 sub_core=2
[cannsim_helper] insert instr failed rc=19 err=UNIQUE constraint failed: ExecutedInstructions.ExecInstrId exec_id=57999238404801 instr_id=39617 core=0 sub_core=2
[cannsim_helper] insert instr failed rc=19 err=UNIQUE constraint failed: ExecutedInstructions.ExecInstrId exec_id=57999238404802 instr_id=39618 core=0 sub_core=2
[cannsim_helper] insert instr failed rc=19 err=UNIQUE constraint failed: ExecutedInstructions.ExecInstrId exec_id=57999238404803 instr_id=39619 core=0 sub_core=2
[cannsim_helper] insert instr failed rc=19 err=UNIQUE constraint failed: ExecutedInstructions.ExecInstrId exec_id=57999238404809 instr_id=39625 core=0 sub_core=2
[cannsim_helper] insert instr failed rc=19 err=UNIQUE constraint failed: ExecutedInstructions.ExecInstrId exec_id=57999238404810 instr_id=39626 core=0 sub_core=2
[cannsim_helper] insert instr failed rc=19 err=UNIQUE constraint failed: ExecutedInstructions.ExecInstrId exec_id=57999238404812 instr_id=39628 core=0 sub_core=2
[cannsim_helper] insert instr failed rc=19 err=UNIQUE constraint failed: ExecutedInstructions.ExecInstrId exec_id=57999238404876 instr_id=39692 core=0 sub_core=2
[cannsim_helper] insert instr failed rc=19 err=UNIQUE constraint failed: ExecutedInstructions.ExecInstrId exec_id=57999238404877 instr_id=39693 core=0 sub_core=2
[cannsim_helper] insert instr failed rc=19 err=UNIQUE constraint failed: ExecutedInstructions.ExecInstrId exec_id=57999238404890 instr_id=39706 core=0 sub_core=2
[cannsim_helper] insert instr failed rc=19 err=UNIQUE constraint failed: ExecutedInstructions.ExecInstrId exec_id=57999238404892 instr_id=39708 core=0 sub_core=2
[cannsim_helper] insert instr failed rc=19 err=UNIQUE constraint failed: ExecutedInstructions.ExecInstrId exec_id=57999238404904 instr_id=39720 core=0 sub_core=2
[cannsim_helper] insert instr failed rc=19 err=UNIQUE constraint failed: ExecutedInstructions.ExecInstrId exec_id=57999238404957 instr_id=39773 core=0 sub_core=2
[cannsim_helper] insert instr failed rc=19 err=UNIQUE constraint failed: ExecutedInstructions.ExecInstrId exec_id=57999238404998 instr_id=39814 core=0 sub_core=2
[cannsim_helper] insert instr failed rc=19 err=UNIQUE constraint failed: ExecutedInstructions.ExecInstrId exec_id=57999238405002 instr_id=39818 core=0 sub_core=2
[cannsim_helper] insert instr failed rc=19 err=UNIQUE constraint failed: ExecutedInstructions.ExecInstrId exec_id=57999238405003 instr_id=39819 core=0 sub_core=2
[cannsim_helper] insert instr failed rc=19 err=UNIQUE constraint failed: ExecutedInstructions.ExecInstrId exec_id=57999238405006 instr_id=39822 core=0 sub_core=2
[cannsim_helper] insert instr failed rc=19 err=UNIQUE constraint failed: ExecutedInstructions.ExecInstrId exec_id=57999238405012 instr_id=39828 core=0 sub_core=2
[cannsim_helper] insert instr failed rc=19 err=UNIQUE constraint failed: ExecutedInstructions.ExecInstrId exec_id=57999238405027 instr_id=39843 core=0 sub_core=2
[cannsim_helper] insert instr failed rc=19 err=UNIQUE constraint failed: ExecutedInstructions.ExecInstrId exec_id=57999238405030 instr_id=39846 core=0 sub_core=2
[cannsim_helper] insert instr failed rc=19 err=UNIQUE constraint failed: ExecutedInstructions.ExecInstrId exec_id=57999238405031 instr_id=39847 core=0 sub_core=2
[cannsim_helper] insert instr failed rc=19 err=UNIQUE constraint failed: ExecutedInstructions.ExecInstrId exec_id=57999238405032 instr_id=39848 core=0 sub_core=2
[cannsim_helper] insert instr failed rc=19 err=UNIQUE constraint failed: ExecutedInstructions.ExecInstrId exec_id=57999238405052 instr_id=39868 core=0 sub_core=2
[cannsim_helper] insert instr failed rc=19 err=UNIQUE constraint failed: ExecutedInstructions.ExecInstrId exec_id=58003533372384 instr_id=39904 core=1 sub_core=2
[cannsim_helper] insert instr failed rc=19 err=UNIQUE constraint failed: ExecutedInstructions.ExecInstrId exec_id=57999238405053 instr_id=39869 core=0 sub_core=2
[cannsim_helper] insert instr failed rc=19 err=UNIQUE constraint failed: ExecutedInstructions.ExecInstrId exec_id=57999238405055 instr_id=39871 core=0 sub_core=2
[cannsim_helper] insert instr failed rc=19 err=UNIQUE constraint failed: ExecutedInstructions.ExecInstrId exec_id=57999238405117 instr_id=39933 core=0 sub_core=2
[cannsim_helper] insert instr failed rc=19 err=UNIQUE constraint failed: ExecutedInstructions.ExecInstrId exec_id=57999238405118 instr_id=39934 core=0 sub_core=2
[cannsim_helper] insert instr failed rc=19 err=UNIQUE constraint failed: ExecutedInstructions.ExecInstrId exec_id=57999238405119 instr_id=39935 core=0 sub_core=2
[cannsim_helper] insert instr failed rc=19 err=UNIQUE constraint failed: ExecutedInstructions.ExecInstrId exec_id=58003533372424 instr_id=39944 core=1 sub_core=2
[cannsim_helper] insert instr failed rc=19 err=UNIQUE constraint failed: ExecutedInstructions.ExecInstrId exec_id=57999238405126 instr_id=39942 core=0 sub_core=2
[cannsim_helper] insert instr failed rc=19 err=UNIQUE constraint failed: ExecutedInstructions.ExecInstrId exec_id=57999238405150 instr_id=39966 core=0 sub_core=2
[cannsim_helper] insert instr failed rc=19 err=UNIQUE constraint failed: ExecutedInstructions.ExecInstrId exec_id=57999238405130 instr_id=39946 core=0 sub_core=2
[cannsim_helper] insert instr failed rc=19 err=UNIQUE constraint failed: ExecutedInstructions.ExecInstrId exec_id=57999238405151 instr_id=39967 core=0 sub_core=2
[cannsim_helper] insert instr failed rc=19 err=UNIQUE constraint failed: ExecutedInstructions.ExecInstrId exec_id=57999238405141 instr_id=39957 core=0 sub_core=2
[cannsim_helper] insert instr failed rc=19 err=UNIQUE constraint failed: ExecutedInstructions.ExecInstrId exec_id=57999238405142 instr_id=39958 core=0 sub_core=2
[cannsim_helper] insert instr failed rc=19 err=UNIQUE constraint failed: ExecutedInstructions.ExecInstrId exec_id=57999238405169 instr_id=39985 core=0 sub_core=2
[cannsim_helper] insert instr failed rc=19 err=UNIQUE constraint failed: ExecutedInstructions.ExecInstrId exec_id=57999238405143 instr_id=39959 core=0 sub_core=2
[cannsim_helper] insert instr failed rc=19 err=UNIQUE constraint failed: ExecutedInstructions.ExecInstrId exec_id=57999238405171 instr_id=39987 core=0 sub_core=2
[cannsim_helper] insert instr failed rc=19 err=UNIQUE constraint failed: ExecutedInstructions.ExecInstrId exec_id=57999238405176 instr_id=39992 core=0 sub_core=2
[cannsim_helper] insert instr failed rc=19 err=UNIQUE constraint failed: ExecutedInstructions.ExecInstrId exec_id=58003533372500 instr_id=40020 core=1 sub_core=2
[cannsim_helper] insert instr failed rc=19 err=UNIQUE constraint failed: ExecutedInstructions.ExecInstrId exec_id=58003533372501 instr_id=40021 core=1 sub_core=2
[cannsim_helper] insert instr failed rc=19 err=UNIQUE constraint failed: ExecutedInstructions.ExecInstrId exec_id=58003533372502 instr_id=40022 core=1 sub_core=2
[cannsim_helper] insert instr failed rc=19 err=UNIQUE constraint failed: ExecutedInstructions.ExecInstrId exec_id=58003533372503 instr_id=40023 core=1 sub_core=2
[cannsim_helper] insert instr failed rc=19 err=UNIQUE constraint failed: ExecutedInstructions.ExecInstrId exec_id=58003533372507 instr_id=40027 core=1 sub_core=2
[cannsim_helper] insert instr failed rc=19 err=UNIQUE constraint failed: ExecutedInstructions.ExecInstrId exec_id=58003533372508 instr_id=40028 core=1 sub_core=2
[cannsim_helper] insert instr failed rc=19 err=UNIQUE constraint failed: ExecutedInstructions.ExecInstrId exec_id=58003533372510 instr_id=40030 core=1 sub_core=2
[cannsim_helper] insert instr failed rc=19 err=UNIQUE constraint failed: ExecutedInstructions.ExecInstrId exec_id=57999238405266 instr_id=40082 core=0 sub_core=2
[cannsim_helper] insert instr failed rc=19 err=UNIQUE constraint failed: ExecutedInstructions.ExecInstrId exec_id=57999238405267 instr_id=40083 core=0 sub_core=2
[cannsim_helper] insert instr failed rc=19 err=UNIQUE constraint failed: ExecutedInstructions.ExecInstrId exec_id=58003533372584 instr_id=40104 core=1 sub_core=2
[cannsim_helper] insert instr failed rc=19 err=UNIQUE constraint failed: ExecutedInstructions.ExecInstrId exec_id=57999238405270 instr_id=40086 core=0 sub_core=2
[cannsim_helper] insert instr failed rc=19 err=UNIQUE constraint failed: ExecutedInstructions.ExecInstrId exec_id=57999238405281 instr_id=40097 core=0 sub_core=2
[cannsim_helper] insert instr failed rc=19 err=UNIQUE constraint failed: ExecutedInstructions.ExecInstrId exec_id=58003533372585 instr_id=40105 core=1 sub_core=2
[cannsim_helper] insert instr failed rc=19 err=UNIQUE constraint failed: ExecutedInstructions.ExecInstrId exec_id=58003533372596 instr_id=40116 core=1 sub_core=2
[cannsim_helper] insert instr failed rc=19 err=UNIQUE constraint failed: ExecutedInstructions.ExecInstrId exec_id=58003533372598 instr_id=40118 core=1 sub_core=2
[cannsim_helper] insert instr failed rc=19 err=UNIQUE constraint failed: ExecutedInstructions.ExecInstrId exec_id=58003533372600 instr_id=40120 core=1 sub_core=2
[cannsim_helper] insert instr failed rc=19 err=UNIQUE constraint failed: ExecutedInstructions.ExecInstrId exec_id=58003533372644 instr_id=40164 core=1 sub_core=2
[cannsim_helper] insert instr failed rc=19 err=UNIQUE constraint failed: ExecutedInstructions.ExecInstrId exec_id=57999238405383 instr_id=40199 core=0 sub_core=2
[cannsim_helper] insert instr failed rc=19 err=UNIQUE constraint failed: ExecutedInstructions.ExecInstrId exec_id=58003533372683 instr_id=40203 core=1 sub_core=2
[cannsim_helper] insert instr failed rc=19 err=UNIQUE constraint failed: ExecutedInstructions.ExecInstrId exec_id=57999238405384 instr_id=40200 core=0 sub_core=2
[cannsim_helper] insert instr failed rc=19 err=UNIQUE constraint failed: ExecutedInstructions.ExecInstrId exec_id=57999238405385 instr_id=40201 core=0 sub_core=2
[cannsim_helper] insert instr failed rc=19 err=UNIQUE constraint failed: ExecutedInstructions.ExecInstrId exec_id=57999238405408 instr_id=40224 core=0 sub_core=2
[cannsim_helper] insert instr failed rc=19 err=UNIQUE constraint failed: ExecutedInstructions.ExecInstrId exec_id=57999238405414 instr_id=40230 core=0 sub_core=2
[cannsim_helper] insert instr failed rc=19 err=UNIQUE constraint failed: ExecutedInstructions.ExecInstrId exec_id=58003533372728 instr_id=40248 core=1 sub_core=2
[cannsim_helper] insert instr failed rc=19 err=UNIQUE constraint failed: ExecutedInstructions.ExecInstrId exec_id=58003533372729 instr_id=40249 core=1 sub_core=2
[cannsim_helper] insert instr failed rc=19 err=UNIQUE constraint failed: ExecutedInstructions.ExecInstrId exec_id=57999238405422 instr_id=40238 core=0 sub_core=2
[cannsim_helper] insert instr failed rc=19 err=UNIQUE constraint failed: ExecutedInstructions.ExecInstrId exec_id=58003533372732 instr_id=40252 core=1 sub_core=2
[cannsim_helper] insert instr failed rc=19 err=UNIQUE constraint failed: ExecutedInstructions.ExecInstrId exec_id=57999238405423 instr_id=40239 core=0 sub_core=2
[cannsim_helper] insert instr failed rc=19 err=UNIQUE constraint failed: ExecutedInstructions.ExecInstrId exec_id=58003533372742 instr_id=40262 core=1 sub_core=2
[cannsim_helper] insert instr failed rc=19 err=UNIQUE constraint failed: ExecutedInstructions.ExecInstrId exec_id=57999238405424 instr_id=40240 core=0 sub_core=2
[cannsim_helper] insert instr failed rc=19 err=UNIQUE constraint failed: ExecutedInstructions.ExecInstrId exec_id=58003533372768 instr_id=40288 core=1 sub_core=2
[cannsim_helper] insert instr failed rc=19 err=UNIQUE constraint failed: ExecutedInstructions.ExecInstrId exec_id=58003533372769 instr_id=40289 core=1 sub_core=2
[cannsim_helper] insert instr failed rc=19 err=UNIQUE constraint failed: ExecutedInstructions.ExecInstrId exec_id=58003533372770 instr_id=40290 core=1 sub_core=2
[cannsim_helper] insert instr failed rc=19 err=UNIQUE constraint failed: ExecutedInstructions.ExecInstrId exec_id=58003533372771 instr_id=40291 core=1 sub_core=2
[cannsim_helper] insert instr failed rc=19 err=UNIQUE constraint failed: ExecutedInstructions.ExecInstrId exec_id=58003533372774 instr_id=40294 core=1 sub_core=2
[cannsim_helper] insert instr failed rc=19 err=UNIQUE constraint failed: ExecutedInstructions.ExecInstrId exec_id=58003533372775 instr_id=40295 core=1 sub_core=2
[cannsim_helper] insert instr failed rc=19 err=UNIQUE constraint failed: ExecutedInstructions.ExecInstrId exec_id=58003533372777 instr_id=40297 core=1 sub_core=2
[cannsim_helper] insert instr failed rc=19 err=UNIQUE constraint failed: ExecutedInstructions.ExecInstrId exec_id=58003533372854 instr_id=40374 core=1 sub_core=2
[cannsim_helper] insert instr failed rc=19 err=UNIQUE constraint failed: ExecutedInstructions.ExecInstrId exec_id=58003533372855 instr_id=40375 core=1 sub_core=2
[cannsim_helper] insert instr failed rc=19 err=UNIQUE constraint failed: ExecutedInstructions.ExecInstrId exec_id=58003533372871 instr_id=40391 core=1 sub_core=2
[cannsim_helper] insert instr failed rc=19 err=UNIQUE constraint failed: ExecutedInstructions.ExecInstrId exec_id=58003533372856 instr_id=40376 core=1 sub_core=2
[cannsim_helper] insert instr failed rc=19 err=UNIQUE constraint failed: ExecutedInstructions.ExecInstrId exec_id=58003533372872 instr_id=40392 core=1 sub_core=2
[cannsim_helper] insert instr failed rc=19 err=UNIQUE constraint failed: ExecutedInstructions.ExecInstrId exec_id=58003533372875 instr_id=40395 core=1 sub_core=2
[cannsim_helper] insert instr failed rc=19 err=UNIQUE constraint failed: ExecutedInstructions.ExecInstrId exec_id=58003533372877 instr_id=40397 core=1 sub_core=2
[cannsim_helper] insert instr failed rc=19 err=UNIQUE constraint failed: ExecutedInstructions.ExecInstrId exec_id=58003533372886 instr_id=40406 core=1 sub_core=2
[cannsim_helper] insert instr failed rc=19 err=UNIQUE constraint failed: ExecutedInstructions.ExecInstrId exec_id=58003533372887 instr_id=40407 core=1 sub_core=2
[cannsim_helper] insert instr failed rc=19 err=UNIQUE constraint failed: ExecutedInstructions.ExecInstrId exec_id=58003533372888 instr_id=40408 core=1 sub_core=2
[cannsim_helper] insert instr failed rc=19 err=UNIQUE constraint failed: ExecutedInstructions.ExecInstrId exec_id=58003533372974 instr_id=40494 core=1 sub_core=2
[cannsim_helper] insert instr failed rc=19 err=UNIQUE constraint failed: ExecutedInstructions.ExecInstrId exec_id=58003533372976 instr_id=40496 core=1 sub_core=2
[cannsim_helper] insert instr failed rc=19 err=UNIQUE constraint failed: ExecutedInstructions.ExecInstrId exec_id=58003533372980 instr_id=40500 core=1 sub_core=2
[cannsim_helper] insert instr failed rc=19 err=UNIQUE constraint failed: ExecutedInstructions.ExecInstrId exec_id=58003533373089 instr_id=40609 core=1 sub_core=2
[cannsim_helper] insert instr failed rc=19 err=UNIQUE constraint failed: ExecutedInstructions.ExecInstrId exec_id=58003533373090 instr_id=40610 core=1 sub_core=2
[cannsim_helper] insert instr failed rc=19 err=UNIQUE constraint failed: ExecutedInstructions.ExecInstrId exec_id=58003533373093 instr_id=40613 core=1 sub_core=2
[cannsim_helper] insert instr failed rc=19 err=UNIQUE constraint failed: ExecutedInstructions.ExecInstrId exec_id=58003533373100 instr_id=40620 core=1 sub_core=2
[cannsim_helper] insert instr failed rc=19 err=UNIQUE constraint failed: ExecutedInstructions.ExecInstrId exec_id=58003533373213 instr_id=40733 core=1 sub_core=2
[cannsim_helper] insert instr failed rc=19 err=UNIQUE constraint failed: ExecutedInstructions.ExecInstrId exec_id=58003533373214 instr_id=40734 core=1 sub_core=2
[cannsim_helper] insert instr failed rc=19 err=UNIQUE constraint failed: ExecutedInstructions.ExecInstrId exec_id=58003533373215 instr_id=40735 core=1 sub_core=2
[cannsim_helper] insert instr failed rc=19 err=UNIQUE constraint failed: ExecutedInstructions.ExecInstrId exec_id=58003533373232 instr_id=40752 core=1 sub_core=2
[cannsim_helper] insert instr failed rc=19 err=UNIQUE constraint failed: ExecutedInstructions.ExecInstrId exec_id=58003533373234 instr_id=40754 core=1 sub_core=2
[cannsim_helper] insert instr failed rc=19 err=UNIQUE constraint failed: ExecutedInstructions.ExecInstrId exec_id=58003533373247 instr_id=40767 core=1 sub_core=2
[cannsim_helper] insert instr failed rc=19 err=UNIQUE constraint failed: ExecutedInstructions.ExecInstrId exec_id=58003533373248 instr_id=40768 core=1 sub_core=2
[cannsim_helper] insert instr failed rc=19 err=UNIQUE constraint failed: ExecutedInstructions.ExecInstrId exec_id=58003533373249 instr_id=40769 core=1 sub_core=2
[cannsim_helper] insert instr failed rc=19 err=UNIQUE constraint failed: ExecutedInstructions.ExecInstrId exec_id=57724360567917 instr_id=109677 core=0 sub_core=1
[cannsim_helper] insert instr failed rc=19 err=UNIQUE constraint failed: ExecutedInstructions.ExecInstrId exec_id=57724360567918 instr_id=109678 core=0 sub_core=1
[cannsim_helper] insert instr failed rc=19 err=UNIQUE constraint failed: ExecutedInstructions.ExecInstrId exec_id=57724360567919 instr_id=109679 core=0 sub_core=1
[cannsim_helper] insert instr failed rc=19 err=UNIQUE constraint failed: ExecutedInstructions.ExecInstrId exec_id=57724360567920 instr_id=109680 core=0 sub_core=1
[cannsim_helper] insert instr failed rc=19 err=UNIQUE constraint failed: ExecutedInstructions.ExecInstrId exec_id=57724360567928 instr_id=109688 core=0 sub_core=1
[cannsim_helper] insert instr failed rc=19 err=UNIQUE constraint failed: ExecutedInstructions.ExecInstrId exec_id=57724360567929 instr_id=109689 core=0 sub_core=1
[cannsim_helper] insert instr failed rc=19 err=UNIQUE constraint failed: ExecutedInstructions.ExecInstrId exec_id=57724360568039 instr_id=109799 core=0 sub_core=1
[cannsim_helper] insert instr failed rc=19 err=UNIQUE constraint failed: ExecutedInstructions.ExecInstrId exec_id=57724360568040 instr_id=109800 core=0 sub_core=1
[cannsim_helper] insert instr failed rc=19 err=UNIQUE constraint failed: ExecutedInstructions.ExecInstrId exec_id=57724360568048 instr_id=109808 core=0 sub_core=1
[cannsim_helper] insert instr failed rc=19 err=UNIQUE constraint failed: ExecutedInstructions.ExecInstrId exec_id=57724360568058 instr_id=109818 core=0 sub_core=1
[cannsim_helper] insert instr failed rc=19 err=UNIQUE constraint failed: ExecutedInstructions.ExecInstrId exec_id=57724360568080 instr_id=109840 core=0 sub_core=1
[cannsim_helper] insert instr failed rc=19 err=UNIQUE constraint failed: ExecutedInstructions.ExecInstrId exec_id=57724360568081 instr_id=109841 core=0 sub_core=1
[cannsim_helper] INSTR_POPPED_LOG callback count=100000
[cannsim_helper] insert instr failed rc=19 err=UNIQUE constraint failed: ExecutedInstructions.ExecInstrId exec_id=57724360568212 instr_id=109972 core=0 sub_core=1
[cannsim_helper] insert instr failed rc=19 err=UNIQUE constraint failed: ExecutedInstructions.ExecInstrId exec_id=57724360568214 instr_id=109974 core=0 sub_core=1
[cannsim_helper] insert instr failed rc=19 err=UNIQUE constraint failed: ExecutedInstructions.ExecInstrId exec_id=57724360568240 instr_id=110000 core=0 sub_core=1
[cannsim_helper] insert instr failed rc=19 err=UNIQUE constraint failed: ExecutedInstructions.ExecInstrId exec_id=57724360568253 instr_id=110013 core=0 sub_core=1
[cannsim_helper] insert instr failed rc=19 err=UNIQUE constraint failed: ExecutedInstructions.ExecInstrId exec_id=57724360568250 instr_id=110010 core=0 sub_core=1
[cannsim_helper] insert instr failed rc=19 err=UNIQUE constraint failed: ExecutedInstructions.ExecInstrId exec_id=57724360568251 instr_id=110011 core=0 sub_core=1
[cannsim_helper] insert instr failed rc=19 err=UNIQUE constraint failed: ExecutedInstructions.ExecInstrId exec_id=57724360568252 instr_id=110012 core=0 sub_core=1
[cannsim_helper] insert instr failed rc=19 err=UNIQUE constraint failed: ExecutedInstructions.ExecInstrId exec_id=57724360568262 instr_id=110022 core=0 sub_core=1
[cannsim_helper] insert instr failed rc=19 err=UNIQUE constraint failed: ExecutedInstructions.ExecInstrId exec_id=57724360568298 instr_id=110058 core=0 sub_core=1
[cannsim_helper] insert instr failed rc=19 err=UNIQUE constraint failed: ExecutedInstructions.ExecInstrId exec_id=57724360568276 instr_id=110036 core=0 sub_core=1
[cannsim_helper] insert instr failed rc=19 err=UNIQUE constraint failed: ExecutedInstructions.ExecInstrId exec_id=57724360568299 instr_id=110059 core=0 sub_core=1
[cannsim_helper] insert instr failed rc=19 err=UNIQUE constraint failed: ExecutedInstructions.ExecInstrId exec_id=57724360568277 instr_id=110037 core=0 sub_core=1
[cannsim_helper] INSTR_LOG callback count=100000
[cannsim_helper] insert instr failed rc=19 err=UNIQUE constraint failed: ExecutedInstructions.ExecInstrId exec_id=57724360568467 instr_id=110227 core=0 sub_core=1
[cannsim_helper] insert instr failed rc=19 err=UNIQUE constraint failed: ExecutedInstructions.ExecInstrId exec_id=57724360568468 instr_id=110228 core=0 sub_core=1
[cannsim_helper] insert instr failed rc=19 err=UNIQUE constraint failed: ExecutedInstructions.ExecInstrId exec_id=57724360568505 instr_id=110265 core=0 sub_core=1
[cannsim_helper] insert instr failed rc=19 err=UNIQUE constraint failed: ExecutedInstructions.ExecInstrId exec_id=57724360568526 instr_id=110286 core=0 sub_core=1
[cannsim_helper] insert instr failed rc=19 err=UNIQUE constraint failed: ExecutedInstructions.ExecInstrId exec_id=57724360568523 instr_id=110283 core=0 sub_core=1
[cannsim_helper] insert instr failed rc=19 err=UNIQUE constraint failed: ExecutedInstructions.ExecInstrId exec_id=57724360568524 instr_id=110284 core=0 sub_core=1
[cannsim_helper] insert instr failed rc=19 err=UNIQUE constraint failed: ExecutedInstructions.ExecInstrId exec_id=57724360568557 instr_id=110317 core=0 sub_core=1
[cannsim_helper] insert instr failed rc=19 err=UNIQUE constraint failed: ExecutedInstructions.ExecInstrId exec_id=57724360568566 instr_id=110326 core=0 sub_core=1
[cannsim_helper] insert instr failed rc=19 err=UNIQUE constraint failed: ExecutedInstructions.ExecInstrId exec_id=57724360568564 instr_id=110324 core=0 sub_core=1
[cannsim_helper] insert instr failed rc=19 err=UNIQUE constraint failed: ExecutedInstructions.ExecInstrId exec_id=57724360568565 instr_id=110325 core=0 sub_core=1
[cannsim_helper] insert instr failed rc=19 err=UNIQUE constraint failed: ExecutedInstructions.ExecInstrId exec_id=57724360568629 instr_id=110389 core=0 sub_core=1
[cannsim_helper] insert instr failed rc=19 err=UNIQUE constraint failed: ExecutedInstructions.ExecInstrId exec_id=57724360568630 instr_id=110390 core=0 sub_core=1
[cannsim_helper] insert instr failed rc=19 err=UNIQUE constraint failed: ExecutedInstructions.ExecInstrId exec_id=57724360568780 instr_id=110540 core=0 sub_core=1
[cannsim_helper] insert instr failed rc=19 err=UNIQUE constraint failed: ExecutedInstructions.ExecInstrId exec_id=57724360568781 instr_id=110541 core=0 sub_core=1
[cannsim_helper] insert instr failed rc=19 err=UNIQUE constraint failed: ExecutedInstructions.ExecInstrId exec_id=57724360568823 instr_id=110583 core=0 sub_core=1
[cannsim_helper] insert instr failed rc=19 err=UNIQUE constraint failed: ExecutedInstructions.ExecInstrId exec_id=57724360568840 instr_id=110600 core=0 sub_core=1
[cannsim_helper] insert instr failed rc=19 err=UNIQUE constraint failed: ExecutedInstructions.ExecInstrId exec_id=57724360568831 instr_id=110591 core=0 sub_core=1
[cannsim_helper] insert instr failed rc=19 err=UNIQUE constraint failed: ExecutedInstructions.ExecInstrId exec_id=57724360568845 instr_id=110605 core=0 sub_core=1
[cannsim_helper] insert instr failed rc=19 err=UNIQUE constraint failed: ExecutedInstructions.ExecInstrId exec_id=57724360568870 instr_id=110630 core=0 sub_core=1
[cannsim_helper] insert instr failed rc=19 err=UNIQUE constraint failed: ExecutedInstructions.ExecInstrId exec_id=57724360568884 instr_id=110644 core=0 sub_core=1
[cannsim_helper] insert instr failed rc=19 err=UNIQUE constraint failed: ExecutedInstructions.ExecInstrId exec_id=57724360568886 instr_id=110646 core=0 sub_core=1
[cannsim_helper] insert instr failed rc=19 err=UNIQUE constraint failed: ExecutedInstructions.ExecInstrId exec_id=57724360568887 instr_id=110647 core=0 sub_core=1
[cannsim_helper] insert instr failed rc=19 err=UNIQUE constraint failed: ExecutedInstructions.ExecInstrId exec_id=57724360568944 instr_id=110704 core=0 sub_core=1
[cannsim_helper] insert instr failed rc=19 err=UNIQUE constraint failed: ExecutedInstructions.ExecInstrId exec_id=57724360568945 instr_id=110705 core=0 sub_core=1
[cannsim_helper] insert instr failed rc=19 err=UNIQUE constraint failed: ExecutedInstructions.ExecInstrId exec_id=57724360569152 instr_id=110912 core=0 sub_core=1
[cannsim_helper] insert instr failed rc=19 err=UNIQUE constraint failed: ExecutedInstructions.ExecInstrId exec_id=57724360569153 instr_id=110913 core=0 sub_core=1
[cannsim_helper] insert instr failed rc=19 err=UNIQUE constraint failed: ExecutedInstructions.ExecInstrId exec_id=57724360569198 instr_id=110958 core=0 sub_core=1
[cannsim_helper] insert instr failed rc=19 err=UNIQUE constraint failed: ExecutedInstructions.ExecInstrId exec_id=57724360569216 instr_id=110976 core=0 sub_core=1
[cannsim_helper] insert instr failed rc=19 err=UNIQUE constraint failed: ExecutedInstructions.ExecInstrId exec_id=57724360569190 instr_id=110950 core=0 sub_core=1
[cannsim_helper] insert instr failed rc=19 err=UNIQUE constraint failed: ExecutedInstructions.ExecInstrId exec_id=57724360569196 instr_id=110956 core=0 sub_core=1
[cannsim_helper] insert instr failed rc=19 err=UNIQUE constraint failed: ExecutedInstructions.ExecInstrId exec_id=57724360569237 instr_id=110997 core=0 sub_core=1
[cannsim_helper] insert instr failed rc=19 err=UNIQUE constraint failed: ExecutedInstructions.ExecInstrId exec_id=57724360569249 instr_id=111009 core=0 sub_core=1
[cannsim_helper] insert instr failed rc=19 err=UNIQUE constraint failed: ExecutedInstructions.ExecInstrId exec_id=57724360569266 instr_id=111026 core=0 sub_core=1
[cannsim_helper] insert instr failed rc=19 err=UNIQUE constraint failed: ExecutedInstructions.ExecInstrId exec_id=57724360569267 instr_id=111027 core=0 sub_core=1
[cannsim_helper] insert instr failed rc=19 err=UNIQUE constraint failed: ExecutedInstructions.ExecInstrId exec_id=57724360569320 instr_id=111080 core=0 sub_core=1
[cannsim_helper] insert instr failed rc=19 err=UNIQUE constraint failed: ExecutedInstructions.ExecInstrId exec_id=57724360569321 instr_id=111081 core=0 sub_core=1
[cannsim_helper] insert instr failed rc=19 err=UNIQUE constraint failed: ExecutedInstructions.ExecInstrId exec_id=57724360569518 instr_id=111278 core=0 sub_core=1
[cannsim_helper] insert instr failed rc=19 err=UNIQUE constraint failed: ExecutedInstructions.ExecInstrId exec_id=57724360569533 instr_id=111293 core=0 sub_core=1
[cannsim_helper] insert instr failed rc=19 err=UNIQUE constraint failed: ExecutedInstructions.ExecInstrId exec_id=57724360569568 instr_id=111328 core=0 sub_core=1
[cannsim_helper] insert instr failed rc=19 err=UNIQUE constraint failed: ExecutedInstructions.ExecInstrId exec_id=57724360569565 instr_id=111325 core=0 sub_core=1
[cannsim_helper] insert instr failed rc=19 err=UNIQUE constraint failed: ExecutedInstructions.ExecInstrId exec_id=57724360569582 instr_id=111342 core=0 sub_core=1
[cannsim_helper] insert instr failed rc=19 err=UNIQUE constraint failed: ExecutedInstructions.ExecInstrId exec_id=57724360569566 instr_id=111326 core=0 sub_core=1
[cannsim_helper] insert instr failed rc=19 err=UNIQUE constraint failed: ExecutedInstructions.ExecInstrId exec_id=57724360569605 instr_id=111365 core=0 sub_core=1
[cannsim_helper] insert instr failed rc=19 err=UNIQUE constraint failed: ExecutedInstructions.ExecInstrId exec_id=57724360569617 instr_id=111377 core=0 sub_core=1
[cannsim_helper] insert instr failed rc=19 err=UNIQUE constraint failed: ExecutedInstructions.ExecInstrId exec_id=57724360569627 instr_id=111387 core=0 sub_core=1
[cannsim_helper] insert instr failed rc=19 err=UNIQUE constraint failed: ExecutedInstructions.ExecInstrId exec_id=57724360569628 instr_id=111388 core=0 sub_core=1
[cannsim_helper] insert instr failed rc=19 err=UNIQUE constraint failed: ExecutedInstructions.ExecInstrId exec_id=57724360569671 instr_id=111431 core=0 sub_core=1
[cannsim_helper] insert instr failed rc=19 err=UNIQUE constraint failed: ExecutedInstructions.ExecInstrId exec_id=57724360569672 instr_id=111432 core=0 sub_core=1
[cannsim_helper] insert instr failed rc=19 err=UNIQUE constraint failed: ExecutedInstructions.ExecInstrId exec_id=57724360569871 instr_id=111631 core=0 sub_core=1
[cannsim_helper] insert instr failed rc=19 err=UNIQUE constraint failed: ExecutedInstructions.ExecInstrId exec_id=57724360569882 instr_id=111642 core=0 sub_core=1
[cannsim_helper] insert instr failed rc=19 err=UNIQUE constraint failed: ExecutedInstructions.ExecInstrId exec_id=57724360569930 instr_id=111690 core=0 sub_core=1
[cannsim_helper] insert instr failed rc=19 err=UNIQUE constraint failed: ExecutedInstructions.ExecInstrId exec_id=57724360569910 instr_id=111670 core=0 sub_core=1
[cannsim_helper] insert instr failed rc=19 err=UNIQUE constraint failed: ExecutedInstructions.ExecInstrId exec_id=57724360569942 instr_id=111702 core=0 sub_core=1
[cannsim_helper] insert instr failed rc=19 err=UNIQUE constraint failed: ExecutedInstructions.ExecInstrId exec_id=57724360569920 instr_id=111680 core=0 sub_core=1
[cannsim_helper] insert instr failed rc=19 err=UNIQUE constraint failed: ExecutedInstructions.ExecInstrId exec_id=57724360569961 instr_id=111721 core=0 sub_core=1
[cannsim_helper] insert instr failed rc=19 err=UNIQUE constraint failed: ExecutedInstructions.ExecInstrId exec_id=57724360569975 instr_id=111735 core=0 sub_core=1
[cannsim_helper] insert instr failed rc=19 err=UNIQUE constraint failed: ExecutedInstructions.ExecInstrId exec_id=57724360569989 instr_id=111749 core=0 sub_core=1
[cannsim_helper] insert instr failed rc=19 err=UNIQUE constraint failed: ExecutedInstructions.ExecInstrId exec_id=57724360569990 instr_id=111750 core=0 sub_core=1
[cannsim_helper] insert instr failed rc=19 err=UNIQUE constraint failed: ExecutedInstructions.ExecInstrId exec_id=57724360570033 instr_id=111793 core=0 sub_core=1
[cannsim_helper] insert instr failed rc=19 err=UNIQUE constraint failed: ExecutedInstructions.ExecInstrId exec_id=57724360570034 instr_id=111794 core=0 sub_core=1
[cannsim_helper] insert instr failed rc=19 err=UNIQUE constraint failed: ExecutedInstructions.ExecInstrId exec_id=57724360570255 instr_id=112015 core=0 sub_core=1
[cannsim_helper] insert instr failed rc=19 err=UNIQUE constraint failed: ExecutedInstructions.ExecInstrId exec_id=57724360570256 instr_id=112016 core=0 sub_core=1
[cannsim_helper] insert instr failed rc=19 err=UNIQUE constraint failed: ExecutedInstructions.ExecInstrId exec_id=57724360570306 instr_id=112066 core=0 sub_core=1
[cannsim_helper] insert instr failed rc=19 err=UNIQUE constraint failed: ExecutedInstructions.ExecInstrId exec_id=57724360570318 instr_id=112078 core=0 sub_core=1
[cannsim_helper] insert instr failed rc=19 err=UNIQUE constraint failed: ExecutedInstructions.ExecInstrId exec_id=57724360570288 instr_id=112048 core=0 sub_core=1
[cannsim_helper] insert instr failed rc=19 err=UNIQUE constraint failed: ExecutedInstructions.ExecInstrId exec_id=57724360570298 instr_id=112058 core=0 sub_core=1
[cannsim_helper] insert instr failed rc=19 err=UNIQUE constraint failed: ExecutedInstructions.ExecInstrId exec_id=57724360570335 instr_id=112095 core=0 sub_core=1
[cannsim_helper] insert instr failed rc=19 err=UNIQUE constraint failed: ExecutedInstructions.ExecInstrId exec_id=57724360570348 instr_id=112108 core=0 sub_core=1
[cannsim_helper] insert instr failed rc=19 err=UNIQUE constraint failed: ExecutedInstructions.ExecInstrId exec_id=57724360570360 instr_id=112120 core=0 sub_core=1
[cannsim_helper] insert instr failed rc=19 err=UNIQUE constraint failed: ExecutedInstructions.ExecInstrId exec_id=57724360570361 instr_id=112121 core=0 sub_core=1
[cannsim_helper] insert instr failed rc=19 err=UNIQUE constraint failed: ExecutedInstructions.ExecInstrId exec_id=57724360570405 instr_id=112165 core=0 sub_core=1
[cannsim_helper] insert instr failed rc=19 err=UNIQUE constraint failed: ExecutedInstructions.ExecInstrId exec_id=57724360570406 instr_id=112166 core=0 sub_core=1
[cannsim_helper] insert instr failed rc=19 err=UNIQUE constraint failed: ExecutedInstructions.ExecInstrId exec_id=57724360570566 instr_id=112326 core=0 sub_core=1
[cannsim_helper] insert instr failed rc=19 err=UNIQUE constraint failed: ExecutedInstructions.ExecInstrId exec_id=57724360570575 instr_id=112335 core=0 sub_core=1
[cannsim_helper] insert instr failed rc=19 err=UNIQUE constraint failed: ExecutedInstructions.ExecInstrId exec_id=57724360570605 instr_id=112365 core=0 sub_core=1
[cannsim_helper] insert instr failed rc=19 err=UNIQUE constraint failed: ExecutedInstructions.ExecInstrId exec_id=57724360570618 instr_id=112378 core=0 sub_core=1
[cannsim_helper] insert instr failed rc=19 err=UNIQUE constraint failed: ExecutedInstructions.ExecInstrId exec_id=57724360570607 instr_id=112367 core=0 sub_core=1
[cannsim_helper] insert instr failed rc=19 err=UNIQUE constraint failed: ExecutedInstructions.ExecInstrId exec_id=57724360570608 instr_id=112368 core=0 sub_core=1
[cannsim_helper] insert instr failed rc=19 err=UNIQUE constraint failed: ExecutedInstructions.ExecInstrId exec_id=57724360570645 instr_id=112405 core=0 sub_core=1
[cannsim_helper] insert instr failed rc=19 err=UNIQUE constraint failed: ExecutedInstructions.ExecInstrId exec_id=57724360570648 instr_id=112408 core=0 sub_core=1
[cannsim_helper] insert instr failed rc=19 err=UNIQUE constraint failed: ExecutedInstructions.ExecInstrId exec_id=57724360570655 instr_id=112415 core=0 sub_core=1
[cannsim_helper] insert instr failed rc=19 err=UNIQUE constraint failed: ExecutedInstructions.ExecInstrId exec_id=57724360570656 instr_id=112416 core=0 sub_core=1
[cannsim_helper] insert instr failed rc=19 err=UNIQUE constraint failed: ExecutedInstructions.ExecInstrId exec_id=57724360570713 instr_id=112473 core=0 sub_core=1
[cannsim_helper] insert instr failed rc=19 err=UNIQUE constraint failed: ExecutedInstructions.ExecInstrId exec_id=57724360570714 instr_id=112474 core=0 sub_core=1
[cannsim_helper] insert instr failed rc=19 err=UNIQUE constraint failed: ExecutedInstructions.ExecInstrId exec_id=57724360570855 instr_id=112615 core=0 sub_core=1
[cannsim_helper] insert instr failed rc=19 err=UNIQUE constraint failed: ExecutedInstructions.ExecInstrId exec_id=57724360570858 instr_id=112618 core=0 sub_core=1
[cannsim_helper] insert instr failed rc=19 err=UNIQUE constraint failed: ExecutedInstructions.ExecInstrId exec_id=57724360570895 instr_id=112655 core=0 sub_core=1
[cannsim_helper] insert instr failed rc=19 err=UNIQUE constraint failed: ExecutedInstructions.ExecInstrId exec_id=57724360570913 instr_id=112673 core=0 sub_core=1
[cannsim_helper] insert instr failed rc=19 err=UNIQUE constraint failed: ExecutedInstructions.ExecInstrId exec_id=57724360570891 instr_id=112651 core=0 sub_core=1
[cannsim_helper] insert instr failed rc=19 err=UNIQUE constraint failed: ExecutedInstructions.ExecInstrId exec_id=57724360570899 instr_id=112659 core=0 sub_core=1
[cannsim_helper] insert instr failed rc=19 err=UNIQUE constraint failed: ExecutedInstructions.ExecInstrId exec_id=57724360570918 instr_id=112678 core=0 sub_core=1
[cannsim_helper] insert instr failed rc=19 err=UNIQUE constraint failed: ExecutedInstructions.ExecInstrId exec_id=57724360570920 instr_id=112680 core=0 sub_core=1
[cannsim_helper] insert instr failed rc=19 err=UNIQUE constraint failed: ExecutedInstructions.ExecInstrId exec_id=57724360570936 instr_id=112696 core=0 sub_core=1
[cannsim_helper] insert instr failed rc=19 err=UNIQUE constraint failed: ExecutedInstructions.ExecInstrId exec_id=57724360570937 instr_id=112697 core=0 sub_core=1
[cannsim_helper] insert instr failed rc=19 err=UNIQUE constraint failed: ExecutedInstructions.ExecInstrId exec_id=57724360570976 instr_id=112736 core=0 sub_core=1
[cannsim_helper] insert instr failed rc=19 err=UNIQUE constraint failed: ExecutedInstructions.ExecInstrId exec_id=57724360570977 instr_id=112737 core=0 sub_core=1
[cannsim_helper] insert instr failed rc=19 err=UNIQUE constraint failed: ExecutedInstructions.ExecInstrId exec_id=57724360571160 instr_id=112920 core=0 sub_core=1
[cannsim_helper] insert instr failed rc=19 err=UNIQUE constraint failed: ExecutedInstructions.ExecInstrId exec_id=57724360571161 instr_id=112921 core=0 sub_core=1
[cannsim_helper] insert instr failed rc=19 err=UNIQUE constraint failed: ExecutedInstructions.ExecInstrId exec_id=57724360571208 instr_id=112968 core=0 sub_core=1
[cannsim_helper] insert instr failed rc=19 err=UNIQUE constraint failed: ExecutedInstructions.ExecInstrId exec_id=57724360571210 instr_id=112970 core=0 sub_core=1
[cannsim_helper] insert instr failed rc=19 err=UNIQUE constraint failed: ExecutedInstructions.ExecInstrId exec_id=57724360571205 instr_id=112965 core=0 sub_core=1
[cannsim_helper] insert instr failed rc=19 err=UNIQUE constraint failed: ExecutedInstructions.ExecInstrId exec_id=57724360571206 instr_id=112966 core=0 sub_core=1
[cannsim_helper] insert instr failed rc=19 err=UNIQUE constraint failed: ExecutedInstructions.ExecInstrId exec_id=57724360571214 instr_id=112974 core=0 sub_core=1
[cannsim_helper] insert instr failed rc=19 err=UNIQUE constraint failed: ExecutedInstructions.ExecInstrId exec_id=57724360571242 instr_id=113002 core=0 sub_core=1
[cannsim_helper] insert instr failed rc=19 err=UNIQUE constraint failed: ExecutedInstructions.ExecInstrId exec_id=57724360571254 instr_id=113014 core=0 sub_core=1
[cannsim_helper] insert instr failed rc=19 err=UNIQUE constraint failed: ExecutedInstructions.ExecInstrId exec_id=57724360571255 instr_id=113015 core=0 sub_core=1
[cannsim_helper] insert instr failed rc=19 err=UNIQUE constraint failed: ExecutedInstructions.ExecInstrId exec_id=57724360571305 instr_id=113065 core=0 sub_core=1
[cannsim_helper] insert instr failed rc=19 err=UNIQUE constraint failed: ExecutedInstructions.ExecInstrId exec_id=57724360571306 instr_id=113066 core=0 sub_core=1
[cannsim_helper] insert instr failed rc=19 err=UNIQUE constraint failed: ExecutedInstructions.ExecInstrId exec_id=57724360571445 instr_id=113205 core=0 sub_core=1
[cannsim_helper] insert instr failed rc=19 err=UNIQUE constraint failed: ExecutedInstructions.ExecInstrId exec_id=57724360571455 instr_id=113215 core=0 sub_core=1
[cannsim_helper] insert instr failed rc=19 err=UNIQUE constraint failed: ExecutedInstructions.ExecInstrId exec_id=57724360571487 instr_id=113247 core=0 sub_core=1
[cannsim_helper] insert instr failed rc=19 err=UNIQUE constraint failed: ExecutedInstructions.ExecInstrId exec_id=57724360571498 instr_id=113258 core=0 sub_core=1
[cannsim_helper] insert instr failed rc=19 err=UNIQUE constraint failed: ExecutedInstructions.ExecInstrId exec_id=57724360571495 instr_id=113255 core=0 sub_core=1
[cannsim_helper] insert instr failed rc=19 err=UNIQUE constraint failed: ExecutedInstructions.ExecInstrId exec_id=57724360571496 instr_id=113256 core=0 sub_core=1
[cannsim_helper] insert instr failed rc=19 err=UNIQUE constraint failed: ExecutedInstructions.ExecInstrId exec_id=57724360571517 instr_id=113277 core=0 sub_core=1
[cannsim_helper] insert instr failed rc=19 err=UNIQUE constraint failed: ExecutedInstructions.ExecInstrId exec_id=57724360571531 instr_id=113291 core=0 sub_core=1
[cannsim_helper] insert instr failed rc=19 err=UNIQUE constraint failed: ExecutedInstructions.ExecInstrId exec_id=57724360571529 instr_id=113289 core=0 sub_core=1
[cannsim_helper] insert instr failed rc=19 err=UNIQUE constraint failed: ExecutedInstructions.ExecInstrId exec_id=57724360571530 instr_id=113290 core=0 sub_core=1
[cannsim_helper] insert instr failed rc=19 err=UNIQUE constraint failed: ExecutedInstructions.ExecInstrId exec_id=57724360571576 instr_id=113336 core=0 sub_core=1
[cannsim_helper] insert instr failed rc=19 err=UNIQUE constraint failed: ExecutedInstructions.ExecInstrId exec_id=57724360571577 instr_id=113337 core=0 sub_core=1
[cannsim_helper] insert instr failed rc=19 err=UNIQUE constraint failed: ExecutedInstructions.ExecInstrId exec_id=57724360571726 instr_id=113486 core=0 sub_core=1
[cannsim_helper] insert instr failed rc=19 err=UNIQUE constraint failed: ExecutedInstructions.ExecInstrId exec_id=57724360571727 instr_id=113487 core=0 sub_core=1
[cannsim_helper] insert instr failed rc=19 err=UNIQUE constraint failed: ExecutedInstructions.ExecInstrId exec_id=57724360571779 instr_id=113539 core=0 sub_core=1
[cannsim_helper] insert instr failed rc=19 err=UNIQUE constraint failed: ExecutedInstructions.ExecInstrId exec_id=57724360571793 instr_id=113553 core=0 sub_core=1
[cannsim_helper] insert instr failed rc=19 err=UNIQUE constraint failed: ExecutedInstructions.ExecInstrId exec_id=57724360571777 instr_id=113537 core=0 sub_core=1
[cannsim_helper] insert instr failed rc=19 err=UNIQUE constraint failed: ExecutedInstructions.ExecInstrId exec_id=57724360571784 instr_id=113544 core=0 sub_core=1
[cannsim_helper] insert instr failed rc=19 err=UNIQUE constraint failed: ExecutedInstructions.ExecInstrId exec_id=57724360571808 instr_id=113568 core=0 sub_core=1
[cannsim_helper] insert instr failed rc=19 err=UNIQUE constraint failed: ExecutedInstructions.ExecInstrId exec_id=57724360571822 instr_id=113582 core=0 sub_core=1
[cannsim_helper] insert instr failed rc=19 err=UNIQUE constraint failed: ExecutedInstructions.ExecInstrId exec_id=57724360571828 instr_id=113588 core=0 sub_core=1
[cannsim_helper] insert instr failed rc=19 err=UNIQUE constraint failed: ExecutedInstructions.ExecInstrId exec_id=57724360571829 instr_id=113589 core=0 sub_core=1
[cannsim_helper] insert instr failed rc=19 err=UNIQUE constraint failed: ExecutedInstructions.ExecInstrId exec_id=57724360571874 instr_id=113634 core=0 sub_core=1
[cannsim_helper] insert instr failed rc=19 err=UNIQUE constraint failed: ExecutedInstructions.ExecInstrId exec_id=57724360571875 instr_id=113635 core=0 sub_core=1
[cannsim_helper] insert instr failed rc=19 err=UNIQUE constraint failed: ExecutedInstructions.ExecInstrId exec_id=57724360572053 instr_id=113813 core=0 sub_core=1
[cannsim_helper] insert instr failed rc=19 err=UNIQUE constraint failed: ExecutedInstructions.ExecInstrId exec_id=57724360572054 instr_id=113814 core=0 sub_core=1
[cannsim_helper] insert instr failed rc=19 err=UNIQUE constraint failed: ExecutedInstructions.ExecInstrId exec_id=57724360572101 instr_id=113861 core=0 sub_core=1
[cannsim_helper] insert instr failed rc=19 err=UNIQUE constraint failed: ExecutedInstructions.ExecInstrId exec_id=57724360572107 instr_id=113867 core=0 sub_core=1
[cannsim_helper] insert instr failed rc=19 err=UNIQUE constraint failed: ExecutedInstructions.ExecInstrId exec_id=57724360572098 instr_id=113858 core=0 sub_core=1
[cannsim_helper] insert instr failed rc=19 err=UNIQUE constraint failed: ExecutedInstructions.ExecInstrId exec_id=57724360572099 instr_id=113859 core=0 sub_core=1
[cannsim_helper] insert instr failed rc=19 err=UNIQUE constraint failed: ExecutedInstructions.ExecInstrId exec_id=57724360572124 instr_id=113884 core=0 sub_core=1
[cannsim_helper] insert instr failed rc=19 err=UNIQUE constraint failed: ExecutedInstructions.ExecInstrId exec_id=57724360572134 instr_id=113894 core=0 sub_core=1
[cannsim_helper] insert instr failed rc=19 err=UNIQUE constraint failed: ExecutedInstructions.ExecInstrId exec_id=57724360572144 instr_id=113904 core=0 sub_core=1
[cannsim_helper] insert instr failed rc=19 err=UNIQUE constraint failed: ExecutedInstructions.ExecInstrId exec_id=57724360572145 instr_id=113905 core=0 sub_core=1
[cannsim_helper] insert instr failed rc=19 err=UNIQUE constraint failed: ExecutedInstructions.ExecInstrId exec_id=57724360572184 instr_id=113944 core=0 sub_core=1
[cannsim_helper] insert instr failed rc=19 err=UNIQUE constraint failed: ExecutedInstructions.ExecInstrId exec_id=57724360572185 instr_id=113945 core=0 sub_core=1
[cannsim_helper] insert instr failed rc=19 err=UNIQUE constraint failed: ExecutedInstructions.ExecInstrId exec_id=57724360572353 instr_id=114113 core=0 sub_core=1
[cannsim_helper] insert instr failed rc=19 err=UNIQUE constraint failed: ExecutedInstructions.ExecInstrId exec_id=57724360572360 instr_id=114120 core=0 sub_core=1
[cannsim_helper] insert instr failed rc=19 err=UNIQUE constraint failed: ExecutedInstructions.ExecInstrId exec_id=57724360572406 instr_id=114166 core=0 sub_core=1
[cannsim_helper] insert instr failed rc=19 err=UNIQUE constraint failed: ExecutedInstructions.ExecInstrId exec_id=57724360572414 instr_id=114174 core=0 sub_core=1
[cannsim_helper] insert instr failed rc=19 err=UNIQUE constraint failed: ExecutedInstructions.ExecInstrId exec_id=57724360572394 instr_id=114154 core=0 sub_core=1
[cannsim_helper] insert instr failed rc=19 err=UNIQUE constraint failed: ExecutedInstructions.ExecInstrId exec_id=57724360572410 instr_id=114170 core=0 sub_core=1
[cannsim_helper] insert instr failed rc=19 err=UNIQUE constraint failed: ExecutedInstructions.ExecInstrId exec_id=57724360572427 instr_id=114187 core=0 sub_core=1
[cannsim_helper] insert instr failed rc=19 err=UNIQUE constraint failed: ExecutedInstructions.ExecInstrId exec_id=57724360572439 instr_id=114199 core=0 sub_core=1
[cannsim_helper] insert instr failed rc=19 err=UNIQUE constraint failed: ExecutedInstructions.ExecInstrId exec_id=57724360572455 instr_id=114215 core=0 sub_core=1
[cannsim_helper] insert instr failed rc=19 err=UNIQUE constraint failed: ExecutedInstructions.ExecInstrId exec_id=57724360572456 instr_id=114216 core=0 sub_core=1
[cannsim_helper] insert instr failed rc=19 err=UNIQUE constraint failed: ExecutedInstructions.ExecInstrId exec_id=57724360572500 instr_id=114260 core=0 sub_core=1
[cannsim_helper] insert instr failed rc=19 err=UNIQUE constraint failed: ExecutedInstructions.ExecInstrId exec_id=57724360572501 instr_id=114261 core=0 sub_core=1
[cannsim_helper] insert instr failed rc=19 err=UNIQUE constraint failed: ExecutedInstructions.ExecInstrId exec_id=57724360572722 instr_id=114482 core=0 sub_core=1
[cannsim_helper] insert instr failed rc=19 err=UNIQUE constraint failed: ExecutedInstructions.ExecInstrId exec_id=57724360572723 instr_id=114483 core=0 sub_core=1
[cannsim_helper] insert instr failed rc=19 err=UNIQUE constraint failed: ExecutedInstructions.ExecInstrId exec_id=57724360572785 instr_id=114545 core=0 sub_core=1
[cannsim_helper] insert instr failed rc=19 err=UNIQUE constraint failed: ExecutedInstructions.ExecInstrId exec_id=57724360572781 instr_id=114541 core=0 sub_core=1
[cannsim_helper] insert instr failed rc=19 err=UNIQUE constraint failed: ExecutedInstructions.ExecInstrId exec_id=57724360572799 instr_id=114559 core=0 sub_core=1
[cannsim_helper] insert instr failed rc=19 err=UNIQUE constraint failed: ExecutedInstructions.ExecInstrId exec_id=57724360572782 instr_id=114542 core=0 sub_core=1
[cannsim_helper] insert instr failed rc=19 err=UNIQUE constraint failed: ExecutedInstructions.ExecInstrId exec_id=57724360572808 instr_id=114568 core=0 sub_core=1
[cannsim_helper] insert instr failed rc=19 err=UNIQUE constraint failed: ExecutedInstructions.ExecInstrId exec_id=57724360572822 instr_id=114582 core=0 sub_core=1
[cannsim_helper] insert instr failed rc=19 err=UNIQUE constraint failed: ExecutedInstructions.ExecInstrId exec_id=57724360572845 instr_id=114605 core=0 sub_core=1
[cannsim_helper] insert instr failed rc=19 err=UNIQUE constraint failed: ExecutedInstructions.ExecInstrId exec_id=57724360572846 instr_id=114606 core=0 sub_core=1
[cannsim_helper] insert instr failed rc=19 err=UNIQUE constraint failed: ExecutedInstructions.ExecInstrId exec_id=57724360572998 instr_id=114758 core=0 sub_core=1
[cannsim_helper] insert instr failed rc=19 err=UNIQUE constraint failed: ExecutedInstructions.ExecInstrId exec_id=57724360573012 instr_id=114772 core=0 sub_core=1
[cannsim_helper] insert instr failed rc=19 err=UNIQUE constraint failed: ExecutedInstructions.ExecInstrId exec_id=57724360573058 instr_id=114818 core=0 sub_core=1
[cannsim_helper] insert instr failed rc=19 err=UNIQUE constraint failed: ExecutedInstructions.ExecInstrId exec_id=57724360573068 instr_id=114828 core=0 sub_core=1
[cannsim_helper] insert instr failed rc=19 err=UNIQUE constraint failed: ExecutedInstructions.ExecInstrId exec_id=57724360573115 instr_id=114875 core=0 sub_core=1
[cannsim_helper] insert instr failed rc=19 err=UNIQUE constraint failed: ExecutedInstructions.ExecInstrId exec_id=57724360573116 instr_id=114876 core=0 sub_core=1
[cannsim_helper] insert instr failed rc=19 err=UNIQUE constraint failed: ExecutedInstructions.ExecInstrId exec_id=57724360573333 instr_id=115093 core=0 sub_core=1
[cannsim_helper] insert instr failed rc=19 err=UNIQUE constraint failed: ExecutedInstructions.ExecInstrId exec_id=57724360573334 instr_id=115094 core=0 sub_core=1
[cannsim_helper] insert instr failed rc=19 err=UNIQUE constraint failed: ExecutedInstructions.ExecInstrId exec_id=57724360573407 instr_id=115167 core=0 sub_core=1
[cannsim_helper] insert instr failed rc=19 err=UNIQUE constraint failed: ExecutedInstructions.ExecInstrId exec_id=57724360573423 instr_id=115183 core=0 sub_core=1
[cannsim_helper] insert instr failed rc=19 err=UNIQUE constraint failed: ExecutedInstructions.ExecInstrId exec_id=57724360573007 instr_id=114767 core=0 sub_core=1
[cannsim_helper] insert instr failed rc=19 err=UNIQUE constraint failed: ExecutedInstructions.ExecInstrId exec_id=57724360573008 instr_id=114768 core=0 sub_core=1
[cannsim_helper] insert instr failed rc=19 err=UNIQUE constraint failed: ExecutedInstructions.ExecInstrId exec_id=57724360573587 instr_id=115347 core=0 sub_core=1
[cannsim_helper] insert instr failed rc=19 err=UNIQUE constraint failed: ExecutedInstructions.ExecInstrId exec_id=57724360573588 instr_id=115348 core=0 sub_core=1
[cannsim_helper] insert instr failed rc=19 err=UNIQUE constraint failed: ExecutedInstructions.ExecInstrId exec_id=57724360573908 instr_id=115668 core=0 sub_core=1
[cannsim_helper] insert instr failed rc=19 err=UNIQUE constraint failed: ExecutedInstructions.ExecInstrId exec_id=57724360573909 instr_id=115669 core=0 sub_core=1
[cannsim_helper] insert instr failed rc=19 err=UNIQUE constraint failed: ExecutedInstructions.ExecInstrId exec_id=57724360573910 instr_id=115670 core=0 sub_core=1
[cannsim_helper] insert instr failed rc=19 err=UNIQUE constraint failed: ExecutedInstructions.ExecInstrId exec_id=57724360573911 instr_id=115671 core=0 sub_core=1
[cannsim_helper] insert instr failed rc=19 err=UNIQUE constraint failed: ExecutedInstructions.ExecInstrId exec_id=57724360574477 instr_id=116237 core=0 sub_core=1
[cannsim_helper] insert instr failed rc=19 err=UNIQUE constraint failed: ExecutedInstructions.ExecInstrId exec_id=57724360574365 instr_id=116125 core=0 sub_core=1
[cannsim_helper] insert instr failed rc=19 err=UNIQUE constraint failed: ExecutedInstructions.ExecInstrId exec_id=57724360574366 instr_id=116126 core=0 sub_core=1
[cannsim_helper] insert instr failed rc=19 err=UNIQUE constraint failed: ExecutedInstructions.ExecInstrId exec_id=57724360574367 instr_id=116127 core=0 sub_core=1
[cannsim_helper] insert instr failed rc=19 err=UNIQUE constraint failed: ExecutedInstructions.ExecInstrId exec_id=57724360574368 instr_id=116128 core=0 sub_core=1
[cannsim_helper] insert instr failed rc=19 err=UNIQUE constraint failed: ExecutedInstructions.ExecInstrId exec_id=57724360575024 instr_id=116784 core=0 sub_core=1
[cannsim_helper] insert instr failed rc=19 err=UNIQUE constraint failed: ExecutedInstructions.ExecInstrId exec_id=57999238520228 instr_id=155044 core=0 sub_core=2
[cannsim_helper] insert instr failed rc=19 err=UNIQUE constraint failed: ExecutedInstructions.ExecInstrId exec_id=58003533487544 instr_id=155064 core=1 sub_core=2
[cannsim_helper] insert instr failed rc=19 err=UNIQUE constraint failed: ExecutedInstructions.ExecInstrId exec_id=57728655580628 instr_id=155092 core=1 sub_core=1
[cannsim_helper] insert instr failed rc=19 err=UNIQUE constraint failed: ExecutedInstructions.ExecInstrId exec_id=57724360613359 instr_id=155119 core=0 sub_core=1
[cannsim_helper] insert instr failed rc=19 err=UNIQUE constraint failed: ExecutedInstructions.ExecInstrId exec_id=57724360613461 instr_id=155221 core=0 sub_core=1
[cannsim_helper] insert instr failed rc=19 err=UNIQUE constraint failed: ExecutedInstructions.ExecInstrId exec_id=57728655580933 instr_id=155397 core=1 sub_core=1
[cannsim_helper] insert instr failed rc=19 err=UNIQUE constraint failed: ExecutedInstructions.ExecInstrId exec_id=58003533487908 instr_id=155428 core=1 sub_core=2
[cannsim_helper] insert instr failed rc=19 err=UNIQUE constraint failed: ExecutedInstructions.ExecInstrId exec_id=57999238520642 instr_id=155458 core=0 sub_core=2
[cannsim_helper] insert instr failed rc=19 err=UNIQUE constraint failed: ExecutedInstructions.ExecInstrId exec_id=57999238521947 instr_id=156763 core=0 sub_core=2
[cannsim_helper] insert instr failed rc=19 err=UNIQUE constraint failed: ExecutedInstructions.ExecInstrId exec_id=57999238522304 instr_id=157120 core=0 sub_core=2
[cannsim_helper] insert instr failed rc=19 err=UNIQUE constraint failed: ExecutedInstructions.ExecInstrId exec_id=57999238522309 instr_id=157125 core=0 sub_core=2
[cannsim_helper] insert instr failed rc=19 err=UNIQUE constraint failed: ExecutedInstructions.ExecInstrId exec_id=57999238522311 instr_id=157127 core=0 sub_core=2
[cannsim_helper] insert instr failed rc=19 err=UNIQUE constraint failed: ExecutedInstructions.ExecInstrId exec_id=57999238522312 instr_id=157128 core=0 sub_core=2
[cannsim_helper] insert instr failed rc=19 err=UNIQUE constraint failed: ExecutedInstructions.ExecInstrId exec_id=58003533490145 instr_id=157665 core=1 sub_core=2
[cannsim_helper] insert instr failed rc=19 err=UNIQUE constraint failed: ExecutedInstructions.ExecInstrId exec_id=57728655583666 instr_id=158130 core=1 sub_core=1
[cannsim_helper] insert instr failed rc=19 err=UNIQUE constraint failed: ExecutedInstructions.ExecInstrId exec_id=57724360616541 instr_id=158301 core=0 sub_core=1
[cannsim_helper] insert instr failed rc=19 err=UNIQUE constraint failed: ExecutedInstructions.ExecInstrId exec_id=58003533490565 instr_id=158085 core=1 sub_core=2
[cannsim_helper] insert instr failed rc=19 err=UNIQUE constraint failed: ExecutedInstructions.ExecInstrId exec_id=58003533490566 instr_id=158086 core=1 sub_core=2
[cannsim_helper] insert instr failed rc=19 err=UNIQUE constraint failed: ExecutedInstructions.ExecInstrId exec_id=58003533490568 instr_id=158088 core=1 sub_core=2
[cannsim_helper] insert instr failed rc=19 err=UNIQUE constraint failed: ExecutedInstructions.ExecInstrId exec_id=58003533490569 instr_id=158089 core=1 sub_core=2
[cannsim_helper] insert instr failed rc=19 err=UNIQUE constraint failed: ExecutedInstructions.ExecInstrId exec_id=57728655583962 instr_id=158426 core=1 sub_core=1
[cannsim_helper] insert instr failed rc=19 err=UNIQUE constraint failed: ExecutedInstructions.ExecInstrId exec_id=57728655583964 instr_id=158428 core=1 sub_core=1
[cannsim_helper] insert instr failed rc=19 err=UNIQUE constraint failed: ExecutedInstructions.ExecInstrId exec_id=57724360616855 instr_id=158615 core=0 sub_core=1
[cannsim_helper] insert instr failed rc=19 err=UNIQUE constraint failed: ExecutedInstructions.ExecInstrId exec_id=57728655583966 instr_id=158430 core=1 sub_core=1
[cannsim_helper] insert instr failed rc=19 err=UNIQUE constraint failed: ExecutedInstructions.ExecInstrId exec_id=57728655583967 instr_id=158431 core=1 sub_core=1
[cannsim_helper] insert instr failed rc=19 err=UNIQUE constraint failed: ExecutedInstructions.ExecInstrId exec_id=57724360617447 instr_id=159207 core=0 sub_core=1
[cannsim_helper] insert instr failed rc=19 err=UNIQUE constraint failed: ExecutedInstructions.ExecInstrId exec_id=57724360616856 instr_id=158616 core=0 sub_core=1
[cannsim_helper] insert instr failed rc=19 err=UNIQUE constraint failed: ExecutedInstructions.ExecInstrId exec_id=57724360616858 instr_id=158618 core=0 sub_core=1
[cannsim_helper] insert instr failed rc=19 err=UNIQUE constraint failed: ExecutedInstructions.ExecInstrId exec_id=57724360616860 instr_id=158620 core=0 sub_core=1
[cannsim_helper] insert instr failed rc=19 err=UNIQUE constraint failed: ExecutedInstructions.ExecInstrId exec_id=57724360617748 instr_id=159508 core=0 sub_core=1
[cannsim_helper] insert instr failed rc=19 err=UNIQUE constraint failed: ExecutedInstructions.ExecInstrId exec_id=57728655585574 instr_id=160038 core=1 sub_core=1
[cannsim_helper] insert instr failed rc=19 err=UNIQUE constraint failed: ExecutedInstructions.ExecInstrId exec_id=57724360617749 instr_id=159509 core=0 sub_core=1
[cannsim_helper] insert instr failed rc=19 err=UNIQUE constraint failed: ExecutedInstructions.ExecInstrId exec_id=57724360617751 instr_id=159511 core=0 sub_core=1
[cannsim_helper] insert instr failed rc=19 err=UNIQUE constraint failed: ExecutedInstructions.ExecInstrId exec_id=57724360617752 instr_id=159512 core=0 sub_core=1
[cannsim_helper] insert instr failed rc=19 err=UNIQUE constraint failed: ExecutedInstructions.ExecInstrId exec_id=58003533492822 instr_id=160342 core=1 sub_core=2
[cannsim_helper] insert instr failed rc=19 err=UNIQUE constraint failed: ExecutedInstructions.ExecInstrId exec_id=57999238525774 instr_id=160590 core=0 sub_core=2
[cannsim_helper] insert instr failed rc=19 err=UNIQUE constraint failed: ExecutedInstructions.ExecInstrId exec_id=57728655585858 instr_id=160322 core=1 sub_core=1
[cannsim_helper] insert instr failed rc=19 err=UNIQUE constraint failed: ExecutedInstructions.ExecInstrId exec_id=57728655585862 instr_id=160326 core=1 sub_core=1
[cannsim_helper] insert instr failed rc=19 err=UNIQUE constraint failed: ExecutedInstructions.ExecInstrId exec_id=57728655585865 instr_id=160329 core=1 sub_core=1
[cannsim_helper] insert instr failed rc=19 err=UNIQUE constraint failed: ExecutedInstructions.ExecInstrId exec_id=57728655585866 instr_id=160330 core=1 sub_core=1
[cannsim_helper] insert instr failed rc=19 err=UNIQUE constraint failed: ExecutedInstructions.ExecInstrId exec_id=58003533493160 instr_id=160680 core=1 sub_core=2
[cannsim_helper] insert instr failed rc=19 err=UNIQUE constraint failed: ExecutedInstructions.ExecInstrId exec_id=58003533493162 instr_id=160682 core=1 sub_core=2
[cannsim_helper] insert instr failed rc=19 err=UNIQUE constraint failed: ExecutedInstructions.ExecInstrId exec_id=58003533493165 instr_id=160685 core=1 sub_core=2
[cannsim_helper] insert instr failed rc=19 err=UNIQUE constraint failed: ExecutedInstructions.ExecInstrId exec_id=58003533493166 instr_id=160686 core=1 sub_core=2
[cannsim_helper] insert instr failed rc=19 err=UNIQUE constraint failed: ExecutedInstructions.ExecInstrId exec_id=57999238526207 instr_id=161023 core=0 sub_core=2
[cannsim_helper] insert instr failed rc=19 err=UNIQUE constraint failed: ExecutedInstructions.ExecInstrId exec_id=57999238526209 instr_id=161025 core=0 sub_core=2
[cannsim_helper] insert instr failed rc=19 err=UNIQUE constraint failed: ExecutedInstructions.ExecInstrId exec_id=57999238526214 instr_id=161030 core=0 sub_core=2
[cannsim_helper] insert instr failed rc=19 err=UNIQUE constraint failed: ExecutedInstructions.ExecInstrId exec_id=57999238526215 instr_id=161031 core=0 sub_core=2
[cannsim_helper] insert instr failed rc=19 err=UNIQUE constraint failed: ExecutedInstructions.ExecInstrId exec_id=57999238527534 instr_id=162350 core=0 sub_core=2
[cannsim_helper] insert instr failed rc=19 err=UNIQUE constraint failed: ExecutedInstructions.ExecInstrId exec_id=57999238527624 instr_id=162440 core=0 sub_core=2
[cannsim_helper] insert instr failed rc=19 err=UNIQUE constraint failed: ExecutedInstructions.ExecInstrId exec_id=57724360620757 instr_id=162517 core=0 sub_core=1
[cannsim_helper] insert instr failed rc=19 err=UNIQUE constraint failed: ExecutedInstructions.ExecInstrId exec_id=57724360620813 instr_id=162573 core=0 sub_core=1
[cannsim_helper] insert instr failed rc=19 err=UNIQUE constraint failed: ExecutedInstructions.ExecInstrId exec_id=58003533495072 instr_id=162592 core=1 sub_core=2
[cannsim_helper] insert instr failed rc=19 err=UNIQUE constraint failed: ExecutedInstructions.ExecInstrId exec_id=57999238527735 instr_id=162551 core=0 sub_core=2
[cannsim_helper] insert instr failed rc=19 err=UNIQUE constraint failed: ExecutedInstructions.ExecInstrId exec_id=57999238527736 instr_id=162552 core=0 sub_core=2
[cannsim_helper] insert instr failed rc=19 err=UNIQUE constraint failed: ExecutedInstructions.ExecInstrId exec_id=57999238527738 instr_id=162554 core=0 sub_core=2
[cannsim_helper] insert instr failed rc=19 err=UNIQUE constraint failed: ExecutedInstructions.ExecInstrId exec_id=57999238527739 instr_id=162555 core=0 sub_core=2
[cannsim_helper] insert instr failed rc=19 err=UNIQUE constraint failed: ExecutedInstructions.ExecInstrId exec_id=57728655588370 instr_id=162834 core=1 sub_core=1
[cannsim_helper] insert instr failed rc=19 err=UNIQUE constraint failed: ExecutedInstructions.ExecInstrId exec_id=57724360621068 instr_id=162828 core=0 sub_core=1
[cannsim_helper] insert instr failed rc=19 err=UNIQUE constraint failed: ExecutedInstructions.ExecInstrId exec_id=57724360621169 instr_id=162929 core=0 sub_core=1
[cannsim_helper] insert instr failed rc=19 err=UNIQUE constraint failed: ExecutedInstructions.ExecInstrId exec_id=58003533495387 instr_id=162907 core=1 sub_core=2
[cannsim_helper] insert instr failed rc=19 err=UNIQUE constraint failed: ExecutedInstructions.ExecInstrId exec_id=58003533495767 instr_id=163287 core=1 sub_core=2
[cannsim_helper] insert instr failed rc=19 err=UNIQUE constraint failed: ExecutedInstructions.ExecInstrId exec_id=57724360621433 instr_id=163193 core=0 sub_core=1
[cannsim_helper] insert instr failed rc=19 err=UNIQUE constraint failed: ExecutedInstructions.ExecInstrId exec_id=57728655588837 instr_id=163301 core=1 sub_core=1
[cannsim_helper] insert instr failed rc=19 err=UNIQUE constraint failed: ExecutedInstructions.ExecInstrId exec_id=57999238528621 instr_id=163437 core=0 sub_core=2
[cannsim_helper] insert instr failed rc=19 err=UNIQUE constraint failed: ExecutedInstructions.ExecInstrId exec_id=57728655588972 instr_id=163436 core=1 sub_core=1
[cannsim_helper] insert instr failed rc=19 err=UNIQUE constraint failed: ExecutedInstructions.ExecInstrId exec_id=57724360621514 instr_id=163274 core=0 sub_core=1
[cannsim_helper] insert instr failed rc=19 err=UNIQUE constraint failed: ExecutedInstructions.ExecInstrId exec_id=58003533495769 instr_id=163289 core=1 sub_core=2
[cannsim_helper] insert instr failed rc=19 err=UNIQUE constraint failed: ExecutedInstructions.ExecInstrId exec_id=57724360621434 instr_id=163194 core=0 sub_core=1
[cannsim_helper] insert instr failed rc=19 err=UNIQUE constraint failed: ExecutedInstructions.ExecInstrId exec_id=57724360621436 instr_id=163196 core=0 sub_core=1
[cannsim_helper] insert instr failed rc=19 err=UNIQUE constraint failed: ExecutedInstructions.ExecInstrId exec_id=57724360621437 instr_id=163197 core=0 sub_core=1
[cannsim_helper] insert instr failed rc=19 err=UNIQUE constraint failed: ExecutedInstructions.ExecInstrId exec_id=57724360621515 instr_id=163275 core=0 sub_core=1
[cannsim_helper] insert instr failed rc=19 err=UNIQUE constraint failed: ExecutedInstructions.ExecInstrId exec_id=58003533495770 instr_id=163290 core=1 sub_core=2
[cannsim_helper] insert instr failed rc=19 err=UNIQUE constraint failed: ExecutedInstructions.ExecInstrId exec_id=57724360621517 instr_id=163277 core=0 sub_core=1
[cannsim_helper] insert instr failed rc=19 err=UNIQUE constraint failed: ExecutedInstructions.ExecInstrId exec_id=57724360621518 instr_id=163278 core=0 sub_core=1
[cannsim_helper] insert instr failed rc=19 err=UNIQUE constraint failed: ExecutedInstructions.ExecInstrId exec_id=58003533495772 instr_id=163292 core=1 sub_core=2
[cannsim_helper] insert instr failed rc=19 err=UNIQUE constraint failed: ExecutedInstructions.ExecInstrId exec_id=58003533495773 instr_id=163293 core=1 sub_core=2
[cannsim_helper] insert instr failed rc=19 err=UNIQUE constraint failed: ExecutedInstructions.ExecInstrId exec_id=58003533496321 instr_id=163841 core=1 sub_core=2
[cannsim_helper] insert instr failed rc=19 err=UNIQUE constraint failed: ExecutedInstructions.ExecInstrId exec_id=57728655589291 instr_id=163755 core=1 sub_core=1
[cannsim_helper] insert instr failed rc=19 err=UNIQUE constraint failed: ExecutedInstructions.ExecInstrId exec_id=57728655589292 instr_id=163756 core=1 sub_core=1
[cannsim_helper] insert instr failed rc=19 err=UNIQUE constraint failed: ExecutedInstructions.ExecInstrId exec_id=57728655589295 instr_id=163759 core=1 sub_core=1
[cannsim_helper] insert instr failed rc=19 err=UNIQUE constraint failed: ExecutedInstructions.ExecInstrId exec_id=57728655589296 instr_id=163760 core=1 sub_core=1
[cannsim_helper] insert instr failed rc=19 err=UNIQUE constraint failed: ExecutedInstructions.ExecInstrId exec_id=57999238529191 instr_id=164007 core=0 sub_core=2
[cannsim_helper] insert instr failed rc=19 err=UNIQUE constraint failed: ExecutedInstructions.ExecInstrId exec_id=57728655589552 instr_id=164016 core=1 sub_core=1
[cannsim_helper] insert instr failed rc=19 err=UNIQUE constraint failed: ExecutedInstructions.ExecInstrId exec_id=58003533496641 instr_id=164161 core=1 sub_core=2
[cannsim_helper] insert instr failed rc=19 err=UNIQUE constraint failed: ExecutedInstructions.ExecInstrId exec_id=58003533496642 instr_id=164162 core=1 sub_core=2
[cannsim_helper] insert instr failed rc=19 err=UNIQUE constraint failed: ExecutedInstructions.ExecInstrId exec_id=58003533496644 instr_id=164164 core=1 sub_core=2
[cannsim_helper] insert instr failed rc=19 err=UNIQUE constraint failed: ExecutedInstructions.ExecInstrId exec_id=58003533496645 instr_id=164165 core=1 sub_core=2
[cannsim_helper] insert instr failed rc=19 err=UNIQUE constraint failed: ExecutedInstructions.ExecInstrId exec_id=57999238529556 instr_id=164372 core=0 sub_core=2
[cannsim_helper] insert instr failed rc=19 err=UNIQUE constraint failed: ExecutedInstructions.ExecInstrId exec_id=57728655589910 instr_id=164374 core=1 sub_core=1
[cannsim_helper] insert instr failed rc=19 err=UNIQUE constraint failed: ExecutedInstructions.ExecInstrId exec_id=57999238529557 instr_id=164373 core=0 sub_core=2
[cannsim_helper] insert instr failed rc=19 err=UNIQUE constraint failed: ExecutedInstructions.ExecInstrId exec_id=57728655589912 instr_id=164376 core=1 sub_core=1
[cannsim_helper] insert instr failed rc=19 err=UNIQUE constraint failed: ExecutedInstructions.ExecInstrId exec_id=57999238529561 instr_id=164377 core=0 sub_core=2
[cannsim_helper] insert instr failed rc=19 err=UNIQUE constraint failed: ExecutedInstructions.ExecInstrId exec_id=57728655589916 instr_id=164380 core=1 sub_core=1
[cannsim_helper] insert instr failed rc=19 err=UNIQUE constraint failed: ExecutedInstructions.ExecInstrId exec_id=57999238529563 instr_id=164379 core=0 sub_core=2
[cannsim_helper] insert instr failed rc=19 err=UNIQUE constraint failed: ExecutedInstructions.ExecInstrId exec_id=57728655589918 instr_id=164382 core=1 sub_core=1
[cannsim_helper] insert instr failed rc=19 err=UNIQUE constraint failed: ExecutedInstructions.ExecInstrId exec_id=57999238529898 instr_id=164714 core=0 sub_core=2
[cannsim_helper] insert instr failed rc=19 err=UNIQUE constraint failed: ExecutedInstructions.ExecInstrId exec_id=57999238530027 instr_id=164843 core=0 sub_core=2
[cannsim_helper] insert instr failed rc=19 err=UNIQUE constraint failed: ExecutedInstructions.ExecInstrId exec_id=57724360623170 instr_id=164930 core=0 sub_core=1
[cannsim_helper] insert instr failed rc=19 err=UNIQUE constraint failed: ExecutedInstructions.ExecInstrId exec_id=57724360623248 instr_id=165008 core=0 sub_core=1
[cannsim_helper] insert instr failed rc=19 err=UNIQUE constraint failed: ExecutedInstructions.ExecInstrId exec_id=58003533497516 instr_id=165036 core=1 sub_core=2
[cannsim_helper] insert instr failed rc=19 err=UNIQUE constraint failed: ExecutedInstructions.ExecInstrId exec_id=57728655590900 instr_id=165364 core=1 sub_core=1
[cannsim_helper] insert instr failed rc=19 err=UNIQUE constraint failed: ExecutedInstructions.ExecInstrId exec_id=57999238530329 instr_id=165145 core=0 sub_core=2
[cannsim_helper] insert instr failed rc=19 err=UNIQUE constraint failed: ExecutedInstructions.ExecInstrId exec_id=57999238530330 instr_id=165146 core=0 sub_core=2
[cannsim_helper] insert instr failed rc=19 err=UNIQUE constraint failed: ExecutedInstructions.ExecInstrId exec_id=57999238530332 instr_id=165148 core=0 sub_core=2
[cannsim_helper] insert instr failed rc=19 err=UNIQUE constraint failed: ExecutedInstructions.ExecInstrId exec_id=57999238530333 instr_id=165149 core=0 sub_core=2
[cannsim_helper] insert instr failed rc=19 err=UNIQUE constraint failed: ExecutedInstructions.ExecInstrId exec_id=57724360623747 instr_id=165507 core=0 sub_core=1
[cannsim_helper] insert instr failed rc=19 err=UNIQUE constraint failed: ExecutedInstructions.ExecInstrId exec_id=57724360623827 instr_id=165587 core=0 sub_core=1
[cannsim_helper] insert instr failed rc=19 err=UNIQUE constraint failed: ExecutedInstructions.ExecInstrId exec_id=58003533498095 instr_id=165615 core=1 sub_core=2
[cannsim_helper] insert instr failed rc=19 err=UNIQUE constraint failed: ExecutedInstructions.ExecInstrId exec_id=57728655591802 instr_id=166266 core=1 sub_core=1
[cannsim_helper] insert instr failed rc=19 err=UNIQUE constraint failed: ExecutedInstructions.ExecInstrId exec_id=57728655591424 instr_id=165888 core=1 sub_core=1
[cannsim_helper] insert instr failed rc=19 err=UNIQUE constraint failed: ExecutedInstructions.ExecInstrId exec_id=57724360624262 instr_id=166022 core=0 sub_core=1
[cannsim_helper] insert instr failed rc=19 err=UNIQUE constraint failed: ExecutedInstructions.ExecInstrId exec_id=58003533499030 instr_id=166550 core=1 sub_core=2
[cannsim_helper] insert instr failed rc=19 err=UNIQUE constraint failed: ExecutedInstructions.ExecInstrId exec_id=57724360624386 instr_id=166146 core=0 sub_core=1
[cannsim_helper] insert instr failed rc=19 err=UNIQUE constraint failed: ExecutedInstructions.ExecInstrId exec_id=58003533498643 instr_id=166163 core=1 sub_core=2
[cannsim_helper] insert instr failed rc=19 err=UNIQUE constraint failed: ExecutedInstructions.ExecInstrId exec_id=57724360624263 instr_id=166023 core=0 sub_core=1
[cannsim_helper] insert instr failed rc=19 err=UNIQUE constraint failed: ExecutedInstructions.ExecInstrId exec_id=57724360624265 instr_id=166025 core=0 sub_core=1
[cannsim_helper] insert instr failed rc=19 err=UNIQUE constraint failed: ExecutedInstructions.ExecInstrId exec_id=57724360624266 instr_id=166026 core=0 sub_core=1
[cannsim_helper] insert instr failed rc=19 err=UNIQUE constraint failed: ExecutedInstructions.ExecInstrId exec_id=57999238531770 instr_id=166586 core=0 sub_core=2
[cannsim_helper] insert instr failed rc=19 err=UNIQUE constraint failed: ExecutedInstructions.ExecInstrId exec_id=57724360624388 instr_id=166148 core=0 sub_core=1
[cannsim_helper] insert instr failed rc=19 err=UNIQUE constraint failed: ExecutedInstructions.ExecInstrId exec_id=58003533498644 instr_id=166164 core=1 sub_core=2
[cannsim_helper] insert instr failed rc=19 err=UNIQUE constraint failed: ExecutedInstructions.ExecInstrId exec_id=57724360624390 instr_id=166150 core=0 sub_core=1
[cannsim_helper] insert instr failed rc=19 err=UNIQUE constraint failed: ExecutedInstructions.ExecInstrId exec_id=57724360624392 instr_id=166152 core=0 sub_core=1
[cannsim_helper] insert instr failed rc=19 err=UNIQUE constraint failed: ExecutedInstructions.ExecInstrId exec_id=58003533498646 instr_id=166166 core=1 sub_core=2
[cannsim_helper] insert instr failed rc=19 err=UNIQUE constraint failed: ExecutedInstructions.ExecInstrId exec_id=58003533498647 instr_id=166167 core=1 sub_core=2
[cannsim_helper] insert instr failed rc=19 err=UNIQUE constraint failed: ExecutedInstructions.ExecInstrId exec_id=57728655591971 instr_id=166435 core=1 sub_core=1
[cannsim_helper] insert instr failed rc=19 err=UNIQUE constraint failed: ExecutedInstructions.ExecInstrId exec_id=57728655591972 instr_id=166436 core=1 sub_core=1
[cannsim_helper] insert instr failed rc=19 err=UNIQUE constraint failed: ExecutedInstructions.ExecInstrId exec_id=57728655591974 instr_id=166438 core=1 sub_core=1
[cannsim_helper] insert instr failed rc=19 err=UNIQUE constraint failed: ExecutedInstructions.ExecInstrId exec_id=57728655591975 instr_id=166439 core=1 sub_core=1
[cannsim_helper] insert instr failed rc=19 err=UNIQUE constraint failed: ExecutedInstructions.ExecInstrId exec_id=57728655592545 instr_id=167009 core=1 sub_core=1
[cannsim_helper] insert instr failed rc=19 err=UNIQUE constraint failed: ExecutedInstructions.ExecInstrId exec_id=58003533499635 instr_id=167155 core=1 sub_core=2
[cannsim_helper] insert instr failed rc=19 err=UNIQUE constraint failed: ExecutedInstructions.ExecInstrId exec_id=57999238532382 instr_id=167198 core=0 sub_core=2
[cannsim_helper] insert instr failed rc=19 err=UNIQUE constraint failed: ExecutedInstructions.ExecInstrId exec_id=57728655592838 instr_id=167302 core=1 sub_core=1
[cannsim_helper] insert instr failed rc=19 err=UNIQUE constraint failed: ExecutedInstructions.ExecInstrId exec_id=57728655592839 instr_id=167303 core=1 sub_core=1
[cannsim_helper] insert instr failed rc=19 err=UNIQUE constraint failed: ExecutedInstructions.ExecInstrId exec_id=57728655592841 instr_id=167305 core=1 sub_core=1
[cannsim_helper] insert instr failed rc=19 err=UNIQUE constraint failed: ExecutedInstructions.ExecInstrId exec_id=57728655592842 instr_id=167306 core=1 sub_core=1
[cannsim_helper] insert instr failed rc=19 err=UNIQUE constraint failed: ExecutedInstructions.ExecInstrId exec_id=58003533499962 instr_id=167482 core=1 sub_core=2
[cannsim_helper] insert instr failed rc=19 err=UNIQUE constraint failed: ExecutedInstructions.ExecInstrId exec_id=57999238532690 instr_id=167506 core=0 sub_core=2
[cannsim_helper] insert instr failed rc=19 err=UNIQUE constraint failed: ExecutedInstructions.ExecInstrId exec_id=58003533499964 instr_id=167484 core=1 sub_core=2
[cannsim_helper] insert instr failed rc=19 err=UNIQUE constraint failed: ExecutedInstructions.ExecInstrId exec_id=58003533499968 instr_id=167488 core=1 sub_core=2
[cannsim_helper] insert instr failed rc=19 err=UNIQUE constraint failed: ExecutedInstructions.ExecInstrId exec_id=57999238532692 instr_id=167508 core=0 sub_core=2
[cannsim_helper] insert instr failed rc=19 err=UNIQUE constraint failed: ExecutedInstructions.ExecInstrId exec_id=58003533499969 instr_id=167489 core=1 sub_core=2
[cannsim_helper] insert instr failed rc=19 err=UNIQUE constraint failed: ExecutedInstructions.ExecInstrId exec_id=57999238532695 instr_id=167511 core=0 sub_core=2
[cannsim_helper] insert instr failed rc=19 err=UNIQUE constraint failed: ExecutedInstructions.ExecInstrId exec_id=57999238532697 instr_id=167513 core=0 sub_core=2
[cannsim_helper] insert instr failed rc=19 err=UNIQUE constraint failed: ExecutedInstructions.ExecInstrId exec_id=57999238533009 instr_id=167825 core=0 sub_core=2
[cannsim_helper] insert instr failed rc=19 err=UNIQUE constraint failed: ExecutedInstructions.ExecInstrId exec_id=57999238533091 instr_id=167907 core=0 sub_core=2
[cannsim_helper] insert instr failed rc=19 err=UNIQUE constraint failed: ExecutedInstructions.ExecInstrId exec_id=58003533500505 instr_id=168025 core=1 sub_core=2
[cannsim_helper] insert instr failed rc=19 err=UNIQUE constraint failed: ExecutedInstructions.ExecInstrId exec_id=57999238533184 instr_id=168000 core=0 sub_core=2
[cannsim_helper] insert instr failed rc=19 err=UNIQUE constraint failed: ExecutedInstructions.ExecInstrId exec_id=57999238533185 instr_id=168001 core=0 sub_core=2
[cannsim_helper] insert instr failed rc=19 err=UNIQUE constraint failed: ExecutedInstructions.ExecInstrId exec_id=57999238533187 instr_id=168003 core=0 sub_core=2
[cannsim_helper] insert instr failed rc=19 err=UNIQUE constraint failed: ExecutedInstructions.ExecInstrId exec_id=57999238533188 instr_id=168004 core=0 sub_core=2
[cannsim_helper] insert instr failed rc=19 err=UNIQUE constraint failed: ExecutedInstructions.ExecInstrId exec_id=57724360626430 instr_id=168190 core=0 sub_core=1
[cannsim_helper] insert instr failed rc=19 err=UNIQUE constraint failed: ExecutedInstructions.ExecInstrId exec_id=57724360626472 instr_id=168232 core=0 sub_core=1
[cannsim_helper] insert instr failed rc=19 err=UNIQUE constraint failed: ExecutedInstructions.ExecInstrId exec_id=58003533500681 instr_id=168201 core=1 sub_core=2
[cannsim_helper] insert instr failed rc=19 err=UNIQUE constraint failed: ExecutedInstructions.ExecInstrId exec_id=57728655593904 instr_id=168368 core=1 sub_core=1
[cannsim_helper] insert instr failed rc=19 err=UNIQUE constraint failed: ExecutedInstructions.ExecInstrId exec_id=57724360626798 instr_id=168558 core=0 sub_core=1
[cannsim_helper] insert instr failed rc=19 err=UNIQUE constraint failed: ExecutedInstructions.ExecInstrId exec_id=58003533501005 instr_id=168525 core=1 sub_core=2
[cannsim_helper] insert instr failed rc=19 err=UNIQUE constraint failed: ExecutedInstructions.ExecInstrId exec_id=57999238533809 instr_id=168625 core=0 sub_core=2
[cannsim_helper] insert instr failed rc=19 err=UNIQUE constraint failed: ExecutedInstructions.ExecInstrId exec_id=57724360626818 instr_id=168578 core=0 sub_core=1
[cannsim_helper] insert instr failed rc=19 err=UNIQUE constraint failed: ExecutedInstructions.ExecInstrId exec_id=58003533501187 instr_id=168707 core=1 sub_core=2
[cannsim_helper] insert instr failed rc=19 err=UNIQUE constraint failed: ExecutedInstructions.ExecInstrId exec_id=58003533501006 instr_id=168526 core=1 sub_core=2
[cannsim_helper] insert instr failed rc=19 err=UNIQUE constraint failed: ExecutedInstructions.ExecInstrId exec_id=58003533501008 instr_id=168528 core=1 sub_core=2
[cannsim_helper] insert instr failed rc=19 err=UNIQUE constraint failed: ExecutedInstructions.ExecInstrId exec_id=58003533501009 instr_id=168529 core=1 sub_core=2
[cannsim_helper] insert instr failed rc=19 err=UNIQUE constraint failed: ExecutedInstructions.ExecInstrId exec_id=57728655594171 instr_id=168635 core=1 sub_core=1
[cannsim_helper] insert instr failed rc=19 err=UNIQUE constraint failed: ExecutedInstructions.ExecInstrId exec_id=57728655594608 instr_id=169072 core=1 sub_core=1
[cannsim_helper] insert instr failed rc=19 err=UNIQUE constraint failed: ExecutedInstructions.ExecInstrId exec_id=57724360627134 instr_id=168894 core=0 sub_core=1
[cannsim_helper] insert instr failed rc=19 err=UNIQUE constraint failed: ExecutedInstructions.ExecInstrId exec_id=57724360627236 instr_id=168996 core=0 sub_core=1
[cannsim_helper] insert instr failed rc=19 err=UNIQUE constraint failed: ExecutedInstructions.ExecInstrId exec_id=57724360627136 instr_id=168896 core=0 sub_core=1
[cannsim_helper] insert instr failed rc=19 err=UNIQUE constraint failed: ExecutedInstructions.ExecInstrId exec_id=57724360627139 instr_id=168899 core=0 sub_core=1
[cannsim_helper] insert instr failed rc=19 err=UNIQUE constraint failed: ExecutedInstructions.ExecInstrId exec_id=57724360627140 instr_id=168900 core=0 sub_core=1
[cannsim_helper] insert instr failed rc=19 err=UNIQUE constraint failed: ExecutedInstructions.ExecInstrId exec_id=57724360627238 instr_id=168998 core=0 sub_core=1
[cannsim_helper] insert instr failed rc=19 err=UNIQUE constraint failed: ExecutedInstructions.ExecInstrId exec_id=57999238534442 instr_id=169258 core=0 sub_core=2
[cannsim_helper] insert instr failed rc=19 err=UNIQUE constraint failed: ExecutedInstructions.ExecInstrId exec_id=57724360627242 instr_id=169002 core=0 sub_core=1
[cannsim_helper] insert instr failed rc=19 err=UNIQUE constraint failed: ExecutedInstructions.ExecInstrId exec_id=57728655594737 instr_id=169201 core=1 sub_core=1
[cannsim_helper] insert instr failed rc=19 err=UNIQUE constraint failed: ExecutedInstructions.ExecInstrId exec_id=57724360627243 instr_id=169003 core=0 sub_core=1
[cannsim_helper] insert instr failed rc=19 err=UNIQUE constraint failed: ExecutedInstructions.ExecInstrId exec_id=58003533501787 instr_id=169307 core=1 sub_core=2
[cannsim_helper] insert instr failed rc=19 err=UNIQUE constraint failed: ExecutedInstructions.ExecInstrId exec_id=57728655594738 instr_id=169202 core=1 sub_core=1
[cannsim_helper] insert instr failed rc=19 err=UNIQUE constraint failed: ExecutedInstructions.ExecInstrId exec_id=57728655594740 instr_id=169204 core=1 sub_core=1
[cannsim_helper] insert instr failed rc=19 err=UNIQUE constraint failed: ExecutedInstructions.ExecInstrId exec_id=57728655594741 instr_id=169205 core=1 sub_core=1
[cannsim_helper] insert instr failed rc=19 err=UNIQUE constraint failed: ExecutedInstructions.ExecInstrId exec_id=57728655595033 instr_id=169497 core=1 sub_core=1
[cannsim_helper] insert instr failed rc=19 err=UNIQUE constraint failed: ExecutedInstructions.ExecInstrId exec_id=57999238534833 instr_id=169649 core=0 sub_core=2
[cannsim_helper] insert instr failed rc=19 err=UNIQUE constraint failed: ExecutedInstructions.ExecInstrId exec_id=58003533502210 instr_id=169730 core=1 sub_core=2
[cannsim_helper] insert instr failed rc=19 err=UNIQUE constraint failed: ExecutedInstructions.ExecInstrId exec_id=57999238534835 instr_id=169651 core=0 sub_core=2
[cannsim_helper] insert instr failed rc=19 err=UNIQUE constraint failed: ExecutedInstructions.ExecInstrId exec_id=57999238534838 instr_id=169654 core=0 sub_core=2
[cannsim_helper] insert instr failed rc=19 err=UNIQUE constraint failed: ExecutedInstructions.ExecInstrId exec_id=57999238534840 instr_id=169656 core=0 sub_core=2
[cannsim_helper] insert instr failed rc=19 err=UNIQUE constraint failed: ExecutedInstructions.ExecInstrId exec_id=58003533502212 instr_id=169732 core=1 sub_core=2
[cannsim_helper] insert instr failed rc=19 err=UNIQUE constraint failed: ExecutedInstructions.ExecInstrId exec_id=58003533502214 instr_id=169734 core=1 sub_core=2
[cannsim_helper] insert instr failed rc=19 err=UNIQUE constraint failed: ExecutedInstructions.ExecInstrId exec_id=58003533502215 instr_id=169735 core=1 sub_core=2
[cannsim_helper] insert instr failed rc=19 err=UNIQUE constraint failed: ExecutedInstructions.ExecInstrId exec_id=57728655595419 instr_id=169883 core=1 sub_core=1
[cannsim_helper] insert instr failed rc=19 err=UNIQUE constraint failed: ExecutedInstructions.ExecInstrId exec_id=57728655595420 instr_id=169884 core=1 sub_core=1
[cannsim_helper] insert instr failed rc=19 err=UNIQUE constraint failed: ExecutedInstructions.ExecInstrId exec_id=57728655595422 instr_id=169886 core=1 sub_core=1
[cannsim_helper] insert instr failed rc=19 err=UNIQUE constraint failed: ExecutedInstructions.ExecInstrId exec_id=57728655595423 instr_id=169887 core=1 sub_core=1
[cannsim_helper] insert instr failed rc=19 err=UNIQUE constraint failed: ExecutedInstructions.ExecInstrId exec_id=57999238535353 instr_id=170169 core=0 sub_core=2
[cannsim_helper] insert instr failed rc=19 err=UNIQUE constraint failed: ExecutedInstructions.ExecInstrId exec_id=58003533502731 instr_id=170251 core=1 sub_core=2
[cannsim_helper] insert instr failed rc=19 err=UNIQUE constraint failed: ExecutedInstructions.ExecInstrId exec_id=57724360628554 instr_id=170314 core=0 sub_core=1
[cannsim_helper] insert instr failed rc=19 err=UNIQUE constraint failed: ExecutedInstructions.ExecInstrId exec_id=57728655595922 instr_id=170386 core=1 sub_core=1
[cannsim_helper] insert instr failed rc=19 err=UNIQUE constraint failed: ExecutedInstructions.ExecInstrId exec_id=57724360628682 instr_id=170442 core=0 sub_core=1
[cannsim_helper] insert instr failed rc=19 err=UNIQUE constraint failed: ExecutedInstructions.ExecInstrId exec_id=57999238535763 instr_id=170579 core=0 sub_core=2
[cannsim_helper] insert instr failed rc=19 err=UNIQUE constraint failed: ExecutedInstructions.ExecInstrId exec_id=57728655596166 instr_id=170630 core=1 sub_core=1
[cannsim_helper] insert instr failed rc=19 err=UNIQUE constraint failed: ExecutedInstructions.ExecInstrId exec_id=58003533503219 instr_id=170739 core=1 sub_core=2
[cannsim_helper] instruction handler flush: pending_start=156 (dropped) pending_end=142 (dropped)
[cannsim_helper] normalized zero-duration sync instructions: 792
[cannsim_helper] finalize: total_writes=70794
[cannsim_helper] per-chip: finalized chip_id=0 writes=70794
[cannsim_helper] instruction handler flush: pending_start=156 (dropped) pending_end=142 (dropped)
[cannsim_helper] normalized zero-duration sync instructions: 792
[cannsim_helper] finalize: total_writes=71205
[cannsim_helper] per-chip: finalized chip_id=1 writes=71205
