[cannsim_helper] init start: per-chip DB enabled arch=Ascend950
[cannsim_helper] camodel callback registration worker started
[cannsim_helper] camodel callback registration delayed by 10000 ms
[cannsim_helper] dlopen libpem_davinci.so success
[cannsim_helper] dlsym DvcSetLogLevel success
[cannsim_helper] dlsym DvcAttachLogCallback success
[cannsim_helper] DvcSetLogLevel(6, 4, 2) called
[cannsim_helper] DvcAttachLogCallback(DVC_INSTR_POPPED_LOG) called
[cannsim_helper] DvcAttachLogCallback(DVC_INSTR_LOG) called
[cannsim_helper] DvcAttachLogCallback(DVC_MTE_LOG) called
[cannsim_helper] DvcAttachLogCallback(DVC_ICACHE_LOG) called
[cannsim_helper] DvcAttachLogCallback(DVC_CCU_LOG) called
[cannsim_helper] camodel callback registration completed after 1 attempts
[cannsim_helper] INSTR_POPPED_LOG callback count=1
[cannsim_helper] dlopen /home/t00826093/Ascend/9.2.0-weekly.20260902.01/cann-9.2.0/x86_64-linux/simulator/bin/libsqlite3.so.0 failed: /home/t00826093/Ascend/9.2.0-weekly.20260902.01/cann-9.2.0/x86_64-linux/simulator/bin/libsqlite3.so.0: cannot open shared object file: No such file or directory
[cannsim_helper] dlopen /home/t00826093/Ascend/9.2.0-weekly.20260902.01/cann-9.2.0/x86_64-linux/simulator/bin/libsqlite3.so failed: /home/t00826093/Ascend/9.2.0-weekly.20260902.01/cann-9.2.0/x86_64-linux/simulator/bin/libsqlite3.so: cannot open shared object file: No such file or directory
[cannsim_helper] dlopen libsqlite3.so.0 success
[cannsim_helper] sqlite3_open success path=/home/t00826093/sources/ops-transformer/examples/mega_moe_950pr_sim/artifacts/run_Dv9QaQ/output/npusim_20260908060122_case/record/chip0.db
[cannsim_helper] per-chip: opened chip_id=0 db=/home/t00826093/sources/ops-transformer/examples/mega_moe_950pr_sim/artifacts/run_Dv9QaQ/output/npusim_20260908060122_case/record/chip0.db
[cannsim_helper] sqlite3_open success path=/home/t00826093/sources/ops-transformer/examples/mega_moe_950pr_sim/artifacts/run_Dv9QaQ/output/npusim_20260908060122_case/record/chip1.db
[cannsim_helper] per-chip: opened chip_id=1 db=/home/t00826093/sources/ops-transformer/examples/mega_moe_950pr_sim/artifacts/run_Dv9QaQ/output/npusim_20260908060122_case/record/chip1.db
[cannsim_helper] INSTR_LOG callback count=1
[cannsim_helper] insert instr failed rc=19 err=UNIQUE constraint failed: ExecutedInstructions.ExecInstrId exec_id=57788785080992 instr_id=113312 core=15 sub_core=1
[cannsim_helper] insert instr failed rc=19 err=UNIQUE constraint failed: ExecutedInstructions.ExecInstrId exec_id=57754425343818 instr_id=114506 core=7 sub_core=1
[cannsim_helper] insert instr failed rc=19 err=UNIQUE constraint failed: ExecutedInstructions.ExecInstrId exec_id=57767310245738 instr_id=114538 core=10 sub_core=1
[cannsim_helper] insert instr failed rc=19 err=UNIQUE constraint failed: ExecutedInstructions.ExecInstrId exec_id=57737245474744 instr_id=114616 core=3 sub_core=1
[cannsim_helper] insert instr failed rc=19 err=UNIQUE constraint failed: ExecutedInstructions.ExecInstrId exec_id=57763015278521 instr_id=114617 core=9 sub_core=1
[cannsim_helper] insert instr failed rc=19 err=UNIQUE constraint failed: ExecutedInstructions.ExecInstrId exec_id=57780195147792 instr_id=114704 core=13 sub_core=1
[cannsim_helper] insert instr failed rc=19 err=UNIQUE constraint failed: ExecutedInstructions.ExecInstrId exec_id=57728655540270 instr_id=114734 core=1 sub_core=1
[cannsim_helper] insert instr failed rc=19 err=UNIQUE constraint failed: ExecutedInstructions.ExecInstrId exec_id=57732950507797 instr_id=114965 core=2 sub_core=1
[cannsim_helper] insert instr failed rc=19 err=UNIQUE constraint failed: ExecutedInstructions.ExecInstrId exec_id=57745835409729 instr_id=115009 core=5 sub_core=1
[cannsim_helper] insert instr failed rc=19 err=UNIQUE constraint failed: ExecutedInstructions.ExecInstrId exec_id=57758720311735 instr_id=115127 core=8 sub_core=1
[cannsim_helper] insert instr failed rc=19 err=UNIQUE constraint failed: ExecutedInstructions.ExecInstrId exec_id=57741540443068 instr_id=115644 core=4 sub_core=1
[cannsim_helper] insert instr failed rc=19 err=UNIQUE constraint failed: ExecutedInstructions.ExecInstrId exec_id=57775900181788 instr_id=115996 core=12 sub_core=1
[cannsim_helper] insert instr failed rc=19 err=UNIQUE constraint failed: ExecutedInstructions.ExecInstrId exec_id=57750130378369 instr_id=116353 core=6 sub_core=1
[cannsim_helper] insert instr failed rc=19 err=UNIQUE constraint failed: ExecutedInstructions.ExecInstrId exec_id=58063662993524 instr_id=118900 core=15 sub_core=2
[cannsim_helper] insert instr failed rc=19 err=UNIQUE constraint failed: ExecutedInstructions.ExecInstrId exec_id=57784490119913 instr_id=119529 core=14 sub_core=1
[cannsim_helper] insert instr failed rc=19 err=UNIQUE constraint failed: ExecutedInstructions.ExecInstrId exec_id=58020713321727 instr_id=120063 core=5 sub_core=2
[cannsim_helper] insert instr failed rc=19 err=UNIQUE constraint failed: ExecutedInstructions.ExecInstrId exec_id=58029303257087 instr_id=120831 core=7 sub_core=2
[cannsim_helper] insert instr failed rc=19 err=UNIQUE constraint failed: ExecutedInstructions.ExecInstrId exec_id=58042188159745 instr_id=121601 core=10 sub_core=2
[cannsim_helper] insert instr failed rc=19 err=UNIQUE constraint failed: ExecutedInstructions.ExecInstrId exec_id=58007828421446 instr_id=121670 core=2 sub_core=2
[cannsim_helper] insert instr failed rc=19 err=UNIQUE constraint failed: ExecutedInstructions.ExecInstrId exec_id=58055073061814 instr_id=121782 core=13 sub_core=2
[cannsim_helper] insert instr failed rc=19 err=UNIQUE constraint failed: ExecutedInstructions.ExecInstrId exec_id=58025008291249 instr_id=122289 core=6 sub_core=2
[cannsim_helper] insert instr failed rc=19 err=UNIQUE constraint failed: ExecutedInstructions.ExecInstrId exec_id=58012123389499 instr_id=122427 core=3 sub_core=2
[cannsim_helper] insert instr failed rc=19 err=UNIQUE constraint failed: ExecutedInstructions.ExecInstrId exec_id=58050778095567 instr_id=122831 core=12 sub_core=2
[cannsim_helper] insert instr failed rc=19 err=UNIQUE constraint failed: ExecutedInstructions.ExecInstrId exec_id=57771605221726 instr_id=123230 core=11 sub_core=1
[cannsim_helper] insert instr failed rc=19 err=UNIQUE constraint failed: ExecutedInstructions.ExecInstrId exec_id=58059368030809 instr_id=123481 core=14 sub_core=2
[cannsim_helper] insert instr failed rc=19 err=UNIQUE constraint failed: ExecutedInstructions.ExecInstrId exec_id=58003533456047 instr_id=123567 core=1 sub_core=2
[cannsim_helper] insert instr failed rc=19 err=UNIQUE constraint failed: ExecutedInstructions.ExecInstrId exec_id=58037893194930 instr_id=124082 core=9 sub_core=2
[cannsim_helper] insert instr failed rc=19 err=UNIQUE constraint failed: ExecutedInstructions.ExecInstrId exec_id=58016418358874 instr_id=124506 core=4 sub_core=2
[cannsim_helper] insert instr failed rc=19 err=UNIQUE constraint failed: ExecutedInstructions.ExecInstrId exec_id=58119497578352 instr_id=128880 core=28 sub_core=2
[cannsim_helper] INSTR_POPPED_LOG callback count=100000
[cannsim_helper] insert instr failed rc=19 err=UNIQUE constraint failed: ExecutedInstructions.ExecInstrId exec_id=58102317711959 instr_id=131671 core=24 sub_core=2
[cannsim_helper] INSTR_LOG callback count=100000
[cannsim_helper] insert instr failed rc=19 err=UNIQUE constraint failed: ExecutedInstructions.ExecInstrId exec_id=58076547909545 instr_id=133033 core=18 sub_core=2
[cannsim_helper] insert instr failed rc=19 err=UNIQUE constraint failed: ExecutedInstructions.ExecInstrId exec_id=57857504577589 instr_id=133173 core=31 sub_core=1
[cannsim_helper] insert instr failed rc=19 err=UNIQUE constraint failed: ExecutedInstructions.ExecInstrId exec_id=57853209609924 instr_id=132804 core=30 sub_core=1
[cannsim_helper] insert instr failed rc=19 err=UNIQUE constraint failed: ExecutedInstructions.ExecInstrId exec_id=57797375035913 instr_id=133641 core=17 sub_core=1
[cannsim_helper] insert instr failed rc=19 err=UNIQUE constraint failed: ExecutedInstructions.ExecInstrId exec_id=58089432812921 instr_id=134521 core=21 sub_core=2
[cannsim_helper] insert instr failed rc=19 err=UNIQUE constraint failed: ExecutedInstructions.ExecInstrId exec_id=58110907650062 instr_id=135182 core=26 sub_core=2
[cannsim_helper] insert instr failed rc=19 err=UNIQUE constraint failed: ExecutedInstructions.ExecInstrId exec_id=58115202617607 instr_id=135431 core=27 sub_core=2
[cannsim_helper] insert instr failed rc=19 err=UNIQUE constraint failed: ExecutedInstructions.ExecInstrId exec_id=58046483141099 instr_id=135659 core=11 sub_core=2
[cannsim_helper] insert instr failed rc=19 err=UNIQUE constraint failed: ExecutedInstructions.ExecInstrId exec_id=57840324711614 instr_id=136382 core=27 sub_core=1
[cannsim_helper] insert instr failed rc=19 err=UNIQUE constraint failed: ExecutedInstructions.ExecInstrId exec_id=57823144841924 instr_id=135876 core=23 sub_core=1
[cannsim_helper] insert instr failed rc=19 err=UNIQUE constraint failed: ExecutedInstructions.ExecInstrId exec_id=58067957978603 instr_id=136683 core=16 sub_core=2
[cannsim_helper] insert instr failed rc=19 err=UNIQUE constraint failed: ExecutedInstructions.ExecInstrId exec_id=58033598238488 instr_id=134936 core=8 sub_core=2
[cannsim_helper] insert instr failed rc=19 err=UNIQUE constraint failed: ExecutedInstructions.ExecInstrId exec_id=57831734779937 instr_id=139297 core=25 sub_core=1
[cannsim_helper] insert instr failed rc=19 err=UNIQUE constraint failed: ExecutedInstructions.ExecInstrId exec_id=57801670006982 instr_id=137414 core=18 sub_core=1
[cannsim_helper] insert instr failed rc=19 err=UNIQUE constraint failed: ExecutedInstructions.ExecInstrId exec_id=58106612687198 instr_id=139614 core=25 sub_core=2
[cannsim_helper] insert instr failed rc=19 err=UNIQUE constraint failed: ExecutedInstructions.ExecInstrId exec_id=57818849879185 instr_id=140433 core=22 sub_core=1
[cannsim_helper] insert instr failed rc=19 err=UNIQUE constraint failed: ExecutedInstructions.ExecInstrId exec_id=57844619684238 instr_id=141710 core=28 sub_core=1
[cannsim_helper] insert instr failed rc=19 err=UNIQUE constraint failed: ExecutedInstructions.ExecInstrId exec_id=57793080078038 instr_id=143062 core=16 sub_core=1
[cannsim_helper] insert instr failed rc=19 err=UNIQUE constraint failed: ExecutedInstructions.ExecInstrId exec_id=58080842887705 instr_id=143897 core=19 sub_core=2
[cannsim_helper] insert instr failed rc=19 err=UNIQUE constraint failed: ExecutedInstructions.ExecInstrId exec_id=58085137855710 instr_id=144606 core=20 sub_core=2
[cannsim_helper] insert instr failed rc=19 err=UNIQUE constraint failed: ExecutedInstructions.ExecInstrId exec_id=58128087530043 instr_id=145979 core=30 sub_core=2
[cannsim_helper] insert instr failed rc=19 err=UNIQUE constraint failed: ExecutedInstructions.ExecInstrId exec_id=58123792564372 instr_id=147604 core=29 sub_core=2
[cannsim_helper] insert instr failed rc=19 err=UNIQUE constraint failed: ExecutedInstructions.ExecInstrId exec_id=58093727793411 instr_id=147715 core=22 sub_core=2
[cannsim_helper] insert instr failed rc=19 err=UNIQUE constraint failed: ExecutedInstructions.ExecInstrId exec_id=57814554919686 instr_id=148230 core=21 sub_core=1
[cannsim_helper] insert instr failed rc=19 err=UNIQUE constraint failed: ExecutedInstructions.ExecInstrId exec_id=58098022761925 instr_id=148933 core=23 sub_core=2
[cannsim_helper] insert instr failed rc=19 err=UNIQUE constraint failed: ExecutedInstructions.ExecInstrId exec_id=58072252958398 instr_id=149182 core=17 sub_core=2
[cannsim_helper] insert instr failed rc=19 err=UNIQUE constraint failed: ExecutedInstructions.ExecInstrId exec_id=58132382503519 instr_id=152159 core=31 sub_core=2
[cannsim_helper] insert instr failed rc=19 err=UNIQUE constraint failed: ExecutedInstructions.ExecInstrId exec_id=57848914662090 instr_id=152266 core=29 sub_core=1
[cannsim_helper] insert instr failed rc=19 err=UNIQUE constraint failed: ExecutedInstructions.ExecInstrId exec_id=57805964989471 instr_id=152607 core=19 sub_core=1
[cannsim_helper] insert instr failed rc=19 err=UNIQUE constraint failed: ExecutedInstructions.ExecInstrId exec_id=57827439826355 instr_id=153011 core=24 sub_core=1
[cannsim_helper] insert instr failed rc=19 err=UNIQUE constraint failed: ExecutedInstructions.ExecInstrId exec_id=57836029761137 instr_id=153201 core=26 sub_core=1
[cannsim_helper] insert instr failed rc=19 err=UNIQUE constraint failed: ExecutedInstructions.ExecInstrId exec_id=57810259958358 instr_id=154198 core=20 sub_core=1
[cannsim_helper] insert instr failed rc=19 err=UNIQUE constraint failed: ExecutedInstructions.ExecInstrId exec_id=57728655537914 instr_id=112378 core=1 sub_core=1
[cannsim_helper] insert instr failed rc=19 err=UNIQUE constraint failed: ExecutedInstructions.ExecInstrId exec_id=57780195145787 instr_id=112699 core=13 sub_core=1
[cannsim_helper] insert instr failed rc=19 err=UNIQUE constraint failed: ExecutedInstructions.ExecInstrId exec_id=57763015276620 instr_id=112716 core=9 sub_core=1
[cannsim_helper] insert instr failed rc=19 err=UNIQUE constraint failed: ExecutedInstructions.ExecInstrId exec_id=57737245473130 instr_id=113002 core=3 sub_core=1
[cannsim_helper] insert instr failed rc=19 err=UNIQUE constraint failed: ExecutedInstructions.ExecInstrId exec_id=58059368020382 instr_id=113054 core=14 sub_core=2
[cannsim_helper] insert instr failed rc=19 err=UNIQUE constraint failed: ExecutedInstructions.ExecInstrId exec_id=57754425342398 instr_id=113086 core=7 sub_core=1
[cannsim_helper] insert instr failed rc=19 err=UNIQUE constraint failed: ExecutedInstructions.ExecInstrId exec_id=57741540440673 instr_id=113249 core=4 sub_core=1
[cannsim_helper] insert instr failed rc=19 err=UNIQUE constraint failed: ExecutedInstructions.ExecInstrId exec_id=57732950506159 instr_id=113327 core=2 sub_core=1
[cannsim_helper] insert instr failed rc=19 err=UNIQUE constraint failed: ExecutedInstructions.ExecInstrId exec_id=57788785081116 instr_id=113436 core=15 sub_core=1
[cannsim_helper] insert instr failed rc=19 err=UNIQUE constraint failed: ExecutedInstructions.ExecInstrId exec_id=57775900179259 instr_id=113467 core=12 sub_core=1
[cannsim_helper] insert instr failed rc=19 err=UNIQUE constraint failed: ExecutedInstructions.ExecInstrId exec_id=57745835408380 instr_id=113660 core=5 sub_core=1
[cannsim_helper] insert instr failed rc=19 err=UNIQUE constraint failed: ExecutedInstructions.ExecInstrId exec_id=57724360572022 instr_id=113782 core=0 sub_core=1
[cannsim_helper] insert instr failed rc=19 err=UNIQUE constraint failed: ExecutedInstructions.ExecInstrId exec_id=57767310245082 instr_id=113882 core=10 sub_core=1
[cannsim_helper] insert instr failed rc=19 err=UNIQUE constraint failed: ExecutedInstructions.ExecInstrId exec_id=57750130375935 instr_id=113919 core=6 sub_core=1
[cannsim_helper] insert instr failed rc=19 err=UNIQUE constraint failed: ExecutedInstructions.ExecInstrId exec_id=58003533446444 instr_id=113964 core=1 sub_core=2
[cannsim_helper] insert instr failed rc=19 err=UNIQUE constraint failed: ExecutedInstructions.ExecInstrId exec_id=58063662989177 instr_id=114553 core=15 sub_core=2
[cannsim_helper] insert instr failed rc=19 err=UNIQUE constraint failed: ExecutedInstructions.ExecInstrId exec_id=57724360573250 instr_id=115010 core=0 sub_core=1
[cannsim_helper] insert instr failed rc=19 err=UNIQUE constraint failed: ExecutedInstructions.ExecInstrId exec_id=57758720311748 instr_id=115140 core=8 sub_core=1
[cannsim_helper] insert instr failed rc=19 err=UNIQUE constraint failed: ExecutedInstructions.ExecInstrId exec_id=58025008284310 instr_id=115350 core=6 sub_core=2
[cannsim_helper] insert instr failed rc=19 err=UNIQUE constraint failed: ExecutedInstructions.ExecInstrId exec_id=57771605213949 instr_id=115453 core=11 sub_core=1
[cannsim_helper] insert instr failed rc=19 err=UNIQUE constraint failed: ExecutedInstructions.ExecInstrId exec_id=57784490116297 instr_id=115913 core=14 sub_core=1
[cannsim_helper] insert instr failed rc=19 err=UNIQUE constraint failed: ExecutedInstructions.ExecInstrId exec_id=58037893187368 instr_id=116520 core=9 sub_core=2
[cannsim_helper] insert instr failed rc=19 err=UNIQUE constraint failed: ExecutedInstructions.ExecInstrId exec_id=58012123383692 instr_id=116620 core=3 sub_core=2
[cannsim_helper] insert instr failed rc=19 err=UNIQUE constraint failed: ExecutedInstructions.ExecInstrId exec_id=58029303253285 instr_id=117029 core=7 sub_core=2
[cannsim_helper] insert instr failed rc=19 err=UNIQUE constraint failed: ExecutedInstructions.ExecInstrId exec_id=58007828417016 instr_id=117240 core=2 sub_core=2
[cannsim_helper] insert instr failed rc=19 err=UNIQUE constraint failed: ExecutedInstructions.ExecInstrId exec_id=58016418351734 instr_id=117366 core=4 sub_core=2
[cannsim_helper] insert instr failed rc=19 err=UNIQUE constraint failed: ExecutedInstructions.ExecInstrId exec_id=58055073058165 instr_id=118133 core=13 sub_core=2
[cannsim_helper] insert instr failed rc=19 err=UNIQUE constraint failed: ExecutedInstructions.ExecInstrId exec_id=58020713319796 instr_id=118132 core=5 sub_core=2
[cannsim_helper] insert instr failed rc=19 err=UNIQUE constraint failed: ExecutedInstructions.ExecInstrId exec_id=58050778091498 instr_id=118762 core=12 sub_core=2
[cannsim_helper] insert instr failed rc=19 err=UNIQUE constraint failed: ExecutedInstructions.ExecInstrId exec_id=58042188157941 instr_id=119797 core=10 sub_core=2
[cannsim_helper] insert instr failed rc=19 err=UNIQUE constraint failed: ExecutedInstructions.ExecInstrId exec_id=57999238485343 instr_id=120159 core=0 sub_core=2
[cannsim_helper] insert instr failed rc=19 err=UNIQUE constraint failed: ExecutedInstructions.ExecInstrId exec_id=58033598224014 instr_id=120462 core=8 sub_core=2
[cannsim_helper] insert instr failed rc=19 err=UNIQUE constraint failed: ExecutedInstructions.ExecInstrId exec_id=57999238485818 instr_id=120634 core=0 sub_core=2
[cannsim_helper] insert instr failed rc=19 err=UNIQUE constraint failed: ExecutedInstructions.ExecInstrId exec_id=58046483126735 instr_id=121295 core=11 sub_core=2
[cannsim_helper] insert instr failed rc=19 err=UNIQUE constraint failed: ExecutedInstructions.ExecInstrId exec_id=58080842873991 instr_id=130183 core=19 sub_core=2
[cannsim_helper] insert instr failed rc=19 err=UNIQUE constraint failed: ExecutedInstructions.ExecInstrId exec_id=58076547909488 instr_id=132976 core=18 sub_core=2
[cannsim_helper] insert instr failed rc=19 err=UNIQUE constraint failed: ExecutedInstructions.ExecInstrId exec_id=57823144840063 instr_id=134015 core=23 sub_core=1
[cannsim_helper] insert instr failed rc=19 err=UNIQUE constraint failed: ExecutedInstructions.ExecInstrId exec_id=58085137845506 instr_id=134402 core=20 sub_core=2
[cannsim_helper] insert instr failed rc=19 err=UNIQUE constraint failed: ExecutedInstructions.ExecInstrId exec_id=57840324709968 instr_id=134736 core=27 sub_core=1
[cannsim_helper] insert instr failed rc=19 err=UNIQUE constraint failed: ExecutedInstructions.ExecInstrId exec_id=57831734775838 instr_id=135198 core=25 sub_core=1
[cannsim_helper] insert instr failed rc=19 err=UNIQUE constraint failed: ExecutedInstructions.ExecInstrId exec_id=57818849874890 instr_id=136138 core=22 sub_core=1
[cannsim_helper] insert instr failed rc=19 err=UNIQUE constraint failed: ExecutedInstructions.ExecInstrId exec_id=57857504580586 instr_id=136170 core=31 sub_core=1
[cannsim_helper] insert instr failed rc=19 err=UNIQUE constraint failed: ExecutedInstructions.ExecInstrId exec_id=57844619679148 instr_id=136620 core=28 sub_core=1
[cannsim_helper] insert instr failed rc=19 err=UNIQUE constraint failed: ExecutedInstructions.ExecInstrId exec_id=57836029745707 instr_id=137771 core=26 sub_core=1
[cannsim_helper] insert instr failed rc=19 err=UNIQUE constraint failed: ExecutedInstructions.ExecInstrId exec_id=58098022751515 instr_id=138523 core=23 sub_core=2
[cannsim_helper] insert instr failed rc=19 err=UNIQUE constraint failed: ExecutedInstructions.ExecInstrId exec_id=57797375041096 instr_id=138824 core=17 sub_core=1
[cannsim_helper] insert instr failed rc=19 err=UNIQUE constraint failed: ExecutedInstructions.ExecInstrId exec_id=57827439812428 instr_id=139084 core=24 sub_core=1
[cannsim_helper] insert instr failed rc=19 err=UNIQUE constraint failed: ExecutedInstructions.ExecInstrId exec_id=57814554911154 instr_id=139698 core=21 sub_core=1
[cannsim_helper] insert instr failed rc=19 err=UNIQUE constraint failed: ExecutedInstructions.ExecInstrId exec_id=57848914650006 instr_id=140182 core=29 sub_core=1
[cannsim_helper] insert instr failed rc=19 err=UNIQUE constraint failed: ExecutedInstructions.ExecInstrId exec_id=57810259944831 instr_id=140671 core=20 sub_core=1
[cannsim_helper] insert instr failed rc=19 err=UNIQUE constraint failed: ExecutedInstructions.ExecInstrId exec_id=58115202623315 instr_id=141139 core=27 sub_core=2
[cannsim_helper] insert instr failed rc=19 err=UNIQUE constraint failed: ExecutedInstructions.ExecInstrId exec_id=58072252951123 instr_id=141907 core=17 sub_core=2
[cannsim_helper] insert instr failed rc=19 err=UNIQUE constraint failed: ExecutedInstructions.ExecInstrId exec_id=57853209619158 instr_id=142038 core=30 sub_core=1
[cannsim_helper] insert instr failed rc=19 err=UNIQUE constraint failed: ExecutedInstructions.ExecInstrId exec_id=58067957984277 instr_id=142357 core=16 sub_core=2
[cannsim_helper] insert instr failed rc=19 err=UNIQUE constraint failed: ExecutedInstructions.ExecInstrId exec_id=58106612690501 instr_id=142917 core=25 sub_core=2
[cannsim_helper] insert instr failed rc=19 err=UNIQUE constraint failed: ExecutedInstructions.ExecInstrId exec_id=58132382494595 instr_id=143235 core=31 sub_core=2
[cannsim_helper] insert instr failed rc=19 err=UNIQUE constraint failed: ExecutedInstructions.ExecInstrId exec_id=58089432822550 instr_id=144150 core=21 sub_core=2
[cannsim_helper] insert instr failed rc=19 err=UNIQUE constraint failed: ExecutedInstructions.ExecInstrId exec_id=58093727790098 instr_id=144402 core=22 sub_core=2
[cannsim_helper] insert instr failed rc=19 err=UNIQUE constraint failed: ExecutedInstructions.ExecInstrId exec_id=58110907659584 instr_id=144704 core=26 sub_core=2
[cannsim_helper] insert instr failed rc=19 err=UNIQUE constraint failed: ExecutedInstructions.ExecInstrId exec_id=57805964982853 instr_id=145989 core=19 sub_core=1
[cannsim_helper] insert instr failed rc=19 err=UNIQUE constraint failed: ExecutedInstructions.ExecInstrId exec_id=58119497596066 instr_id=146594 core=28 sub_core=2
[cannsim_helper] insert instr failed rc=19 err=UNIQUE constraint failed: ExecutedInstructions.ExecInstrId exec_id=58102317728291 instr_id=148003 core=24 sub_core=2
[cannsim_helper] insert instr failed rc=19 err=UNIQUE constraint failed: ExecutedInstructions.ExecInstrId exec_id=57801670018286 instr_id=148718 core=18 sub_core=1
[cannsim_helper] insert instr failed rc=19 err=UNIQUE constraint failed: ExecutedInstructions.ExecInstrId exec_id=57793080084015 instr_id=149039 core=16 sub_core=1
[cannsim_helper] insert instr failed rc=19 err=UNIQUE constraint failed: ExecutedInstructions.ExecInstrId exec_id=58128087534769 instr_id=150705 core=30 sub_core=2
[cannsim_helper] insert instr failed rc=19 err=UNIQUE constraint failed: ExecutedInstructions.ExecInstrId exec_id=58123792568420 instr_id=151652 core=29 sub_core=2
[cannsim_helper] INSTR_POPPED_LOG callback count=200000
[cannsim_helper] INSTR_LOG callback count=200000
[cannsim_helper] insert instr failed rc=19 err=UNIQUE constraint failed: ExecutedInstructions.ExecInstrId exec_id=58016418477311 instr_id=242943 core=4 sub_core=2
[cannsim_helper] insert instr failed rc=19 err=UNIQUE constraint failed: ExecutedInstructions.ExecInstrId exec_id=58016418477912 instr_id=243544 core=4 sub_core=2
[cannsim_helper] insert instr failed rc=19 err=UNIQUE constraint failed: ExecutedInstructions.ExecInstrId exec_id=57741540567307 instr_id=239883 core=4 sub_core=1
[cannsim_helper] insert instr failed rc=19 err=UNIQUE constraint failed: ExecutedInstructions.ExecInstrId exec_id=57741540567734 instr_id=240310 core=4 sub_core=1
[cannsim_helper] insert instr failed rc=19 err=UNIQUE constraint failed: ExecutedInstructions.ExecInstrId exec_id=58029303380475 instr_id=244219 core=7 sub_core=2
[cannsim_helper] insert instr failed rc=19 err=UNIQUE constraint failed: ExecutedInstructions.ExecInstrId exec_id=58042188282426 instr_id=244282 core=10 sub_core=2
[cannsim_helper] insert instr failed rc=19 err=UNIQUE constraint failed: ExecutedInstructions.ExecInstrId exec_id=58016418478466 instr_id=244098 core=4 sub_core=2
[cannsim_helper] insert instr failed rc=19 err=UNIQUE constraint failed: ExecutedInstructions.ExecInstrId exec_id=58016418478468 instr_id=244100 core=4 sub_core=2
[cannsim_helper] insert instr failed rc=19 err=UNIQUE constraint failed: ExecutedInstructions.ExecInstrId exec_id=58016418478470 instr_id=244102 core=4 sub_core=2
[cannsim_helper] insert instr failed rc=19 err=UNIQUE constraint failed: ExecutedInstructions.ExecInstrId exec_id=57741540568397 instr_id=240973 core=4 sub_core=1
[cannsim_helper] insert instr failed rc=19 err=UNIQUE constraint failed: ExecutedInstructions.ExecInstrId exec_id=57741540568403 instr_id=240979 core=4 sub_core=1
[cannsim_helper] insert instr failed rc=19 err=UNIQUE constraint failed: ExecutedInstructions.ExecInstrId exec_id=57741540568409 instr_id=240985 core=4 sub_core=1
[cannsim_helper] insert instr failed rc=19 err=UNIQUE constraint failed: ExecutedInstructions.ExecInstrId exec_id=58042188283253 instr_id=245109 core=10 sub_core=2
[cannsim_helper] insert instr failed rc=19 err=UNIQUE constraint failed: ExecutedInstructions.ExecInstrId exec_id=58029303381721 instr_id=245465 core=7 sub_core=2
[cannsim_helper] insert instr failed rc=19 err=UNIQUE constraint failed: ExecutedInstructions.ExecInstrId exec_id=57771605344422 instr_id=245926 core=11 sub_core=1
[cannsim_helper] insert instr failed rc=19 err=UNIQUE constraint failed: ExecutedInstructions.ExecInstrId exec_id=58042188283844 instr_id=245700 core=10 sub_core=2
[cannsim_helper] insert instr failed rc=19 err=UNIQUE constraint failed: ExecutedInstructions.ExecInstrId exec_id=58042188283846 instr_id=245702 core=10 sub_core=2
[cannsim_helper] insert instr failed rc=19 err=UNIQUE constraint failed: ExecutedInstructions.ExecInstrId exec_id=58042188283851 instr_id=245707 core=10 sub_core=2
[cannsim_helper] insert instr failed rc=19 err=UNIQUE constraint failed: ExecutedInstructions.ExecInstrId exec_id=58029303382345 instr_id=246089 core=7 sub_core=2
[cannsim_helper] insert instr failed rc=19 err=UNIQUE constraint failed: ExecutedInstructions.ExecInstrId exec_id=57754425472303 instr_id=242991 core=7 sub_core=1
[cannsim_helper] insert instr failed rc=19 err=UNIQUE constraint failed: ExecutedInstructions.ExecInstrId exec_id=58029303382347 instr_id=246091 core=7 sub_core=2
[cannsim_helper] insert instr failed rc=19 err=UNIQUE constraint failed: ExecutedInstructions.ExecInstrId exec_id=58029303382353 instr_id=246097 core=7 sub_core=2
[cannsim_helper] insert instr failed rc=19 err=UNIQUE constraint failed: ExecutedInstructions.ExecInstrId exec_id=57771605345360 instr_id=246864 core=11 sub_core=1
[cannsim_helper] insert instr failed rc=19 err=UNIQUE constraint failed: ExecutedInstructions.ExecInstrId exec_id=58033598350419 instr_id=246867 core=8 sub_core=2
[cannsim_helper] insert instr failed rc=19 err=UNIQUE constraint failed: ExecutedInstructions.ExecInstrId exec_id=57780195280421 instr_id=247333 core=13 sub_core=1
[cannsim_helper] insert instr failed rc=19 err=UNIQUE constraint failed: ExecutedInstructions.ExecInstrId exec_id=57754425472739 instr_id=243427 core=7 sub_core=1
[cannsim_helper] insert instr failed rc=19 err=UNIQUE constraint failed: ExecutedInstructions.ExecInstrId exec_id=58033598351170 instr_id=247618 core=8 sub_core=2
[cannsim_helper] insert instr failed rc=19 err=UNIQUE constraint failed: ExecutedInstructions.ExecInstrId exec_id=57771605346001 instr_id=247505 core=11 sub_core=1
[cannsim_helper] insert instr failed rc=19 err=UNIQUE constraint failed: ExecutedInstructions.ExecInstrId exec_id=57771605346004 instr_id=247508 core=11 sub_core=1
[cannsim_helper] insert instr failed rc=19 err=UNIQUE constraint failed: ExecutedInstructions.ExecInstrId exec_id=57771605346006 instr_id=247510 core=11 sub_core=1
[cannsim_helper] insert instr failed rc=19 err=UNIQUE constraint failed: ExecutedInstructions.ExecInstrId exec_id=57784490248423 instr_id=248039 core=14 sub_core=1
[cannsim_helper] insert instr failed rc=19 err=UNIQUE constraint failed: ExecutedInstructions.ExecInstrId exec_id=57780195280939 instr_id=247851 core=13 sub_core=1
[cannsim_helper] insert instr failed rc=19 err=UNIQUE constraint failed: ExecutedInstructions.ExecInstrId exec_id=58025008412983 instr_id=244023 core=6 sub_core=2
[cannsim_helper] insert instr failed rc=19 err=UNIQUE constraint failed: ExecutedInstructions.ExecInstrId exec_id=58033598352065 instr_id=248513 core=8 sub_core=2
[cannsim_helper] insert instr failed rc=19 err=UNIQUE constraint failed: ExecutedInstructions.ExecInstrId exec_id=58033598352081 instr_id=248529 core=8 sub_core=2
[cannsim_helper] insert instr failed rc=19 err=UNIQUE constraint failed: ExecutedInstructions.ExecInstrId exec_id=58033598352085 instr_id=248533 core=8 sub_core=2
[cannsim_helper] insert instr failed rc=19 err=UNIQUE constraint failed: ExecutedInstructions.ExecInstrId exec_id=57784490249252 instr_id=248868 core=14 sub_core=1
[cannsim_helper] insert instr failed rc=19 err=UNIQUE constraint failed: ExecutedInstructions.ExecInstrId exec_id=57780195282050 instr_id=248962 core=13 sub_core=1
[cannsim_helper] insert instr failed rc=19 err=UNIQUE constraint failed: ExecutedInstructions.ExecInstrId exec_id=57758720446291 instr_id=249683 core=8 sub_core=1
[cannsim_helper] insert instr failed rc=19 err=UNIQUE constraint failed: ExecutedInstructions.ExecInstrId exec_id=57780195282054 instr_id=248966 core=13 sub_core=1
[cannsim_helper] insert instr failed rc=19 err=UNIQUE constraint failed: ExecutedInstructions.ExecInstrId exec_id=57780195282057 instr_id=248969 core=13 sub_core=1
[cannsim_helper] insert instr failed rc=19 err=UNIQUE constraint failed: ExecutedInstructions.ExecInstrId exec_id=58059368157254 instr_id=249926 core=14 sub_core=2
[cannsim_helper] insert instr failed rc=19 err=UNIQUE constraint failed: ExecutedInstructions.ExecInstrId exec_id=57754425480271 instr_id=250959 core=7 sub_core=1
[cannsim_helper] insert instr failed rc=19 err=UNIQUE constraint failed: ExecutedInstructions.ExecInstrId exec_id=57784490250618 instr_id=250234 core=14 sub_core=1
[cannsim_helper] insert instr failed rc=19 err=UNIQUE constraint failed: ExecutedInstructions.ExecInstrId exec_id=57758720447277 instr_id=250669 core=8 sub_core=1
[cannsim_helper] insert instr failed rc=19 err=UNIQUE constraint failed: ExecutedInstructions.ExecInstrId exec_id=57784490250620 instr_id=250236 core=14 sub_core=1
[cannsim_helper] insert instr failed rc=19 err=UNIQUE constraint failed: ExecutedInstructions.ExecInstrId exec_id=57784490250626 instr_id=250242 core=14 sub_core=1
[cannsim_helper] insert instr failed rc=19 err=UNIQUE constraint failed: ExecutedInstructions.ExecInstrId exec_id=58059368158286 instr_id=250958 core=14 sub_core=2
[cannsim_helper] insert instr failed rc=19 err=UNIQUE constraint failed: ExecutedInstructions.ExecInstrId exec_id=58016418478725 instr_id=244357 core=4 sub_core=2
[cannsim_helper] insert instr failed rc=19 err=UNIQUE constraint failed: ExecutedInstructions.ExecInstrId exec_id=57771605342870 instr_id=244374 core=11 sub_core=1
[cannsim_helper] insert instr failed rc=19 err=UNIQUE constraint failed: ExecutedInstructions.ExecInstrId exec_id=57754425481172 instr_id=251860 core=7 sub_core=1
[cannsim_helper] insert instr failed rc=19 err=UNIQUE constraint failed: ExecutedInstructions.ExecInstrId exec_id=57754425473386 instr_id=244074 core=7 sub_core=1
[cannsim_helper] insert instr failed rc=19 err=UNIQUE constraint failed: ExecutedInstructions.ExecInstrId exec_id=57758720448509 instr_id=251901 core=8 sub_core=1
[cannsim_helper] insert instr failed rc=19 err=UNIQUE constraint failed: ExecutedInstructions.ExecInstrId exec_id=57754425473392 instr_id=244080 core=7 sub_core=1
[cannsim_helper] insert instr failed rc=19 err=UNIQUE constraint failed: ExecutedInstructions.ExecInstrId exec_id=57763015416381 instr_id=252477 core=9 sub_core=1
[cannsim_helper] insert instr failed rc=19 err=UNIQUE constraint failed: ExecutedInstructions.ExecInstrId exec_id=57758720448513 instr_id=251905 core=8 sub_core=1
[cannsim_helper] insert instr failed rc=19 err=UNIQUE constraint failed: ExecutedInstructions.ExecInstrId exec_id=57758720448520 instr_id=251912 core=8 sub_core=1
[cannsim_helper] insert instr failed rc=19 err=UNIQUE constraint failed: ExecutedInstructions.ExecInstrId exec_id=57754425473396 instr_id=244084 core=7 sub_core=1
[cannsim_helper] insert instr failed rc=19 err=UNIQUE constraint failed: ExecutedInstructions.ExecInstrId exec_id=58059368159422 instr_id=252094 core=14 sub_core=2
[cannsim_helper] insert instr failed rc=19 err=UNIQUE constraint failed: ExecutedInstructions.ExecInstrId exec_id=58059368159430 instr_id=252102 core=14 sub_core=2
[cannsim_helper] insert instr failed rc=19 err=UNIQUE constraint failed: ExecutedInstructions.ExecInstrId exec_id=58059368159434 instr_id=252106 core=14 sub_core=2
[cannsim_helper] insert instr failed rc=19 err=UNIQUE constraint failed: ExecutedInstructions.ExecInstrId exec_id=58025008413459 instr_id=244499 core=6 sub_core=2
[cannsim_helper] insert instr failed rc=19 err=UNIQUE constraint failed: ExecutedInstructions.ExecInstrId exec_id=57754425482047 instr_id=252735 core=7 sub_core=1
[cannsim_helper] insert instr failed rc=19 err=UNIQUE constraint failed: ExecutedInstructions.ExecInstrId exec_id=57754425482053 instr_id=252741 core=7 sub_core=1
[cannsim_helper] insert instr failed rc=19 err=UNIQUE constraint failed: ExecutedInstructions.ExecInstrId exec_id=57754425482055 instr_id=252743 core=7 sub_core=1
[cannsim_helper] insert instr failed rc=19 err=UNIQUE constraint failed: ExecutedInstructions.ExecInstrId exec_id=57763015417019 instr_id=253115 core=9 sub_core=1
[cannsim_helper] insert instr failed rc=19 err=UNIQUE constraint failed: ExecutedInstructions.ExecInstrId exec_id=58046483259521 instr_id=254081 core=11 sub_core=2
[cannsim_helper] insert instr failed rc=19 err=UNIQUE constraint failed: ExecutedInstructions.ExecInstrId exec_id=57750130507308 instr_id=245292 core=6 sub_core=1
[cannsim_helper] insert instr failed rc=19 err=UNIQUE constraint failed: ExecutedInstructions.ExecInstrId exec_id=57763015417884 instr_id=253980 core=9 sub_core=1
[cannsim_helper] insert instr failed rc=19 err=UNIQUE constraint failed: ExecutedInstructions.ExecInstrId exec_id=58016418479488 instr_id=245120 core=4 sub_core=2
[cannsim_helper] insert instr failed rc=19 err=UNIQUE constraint failed: ExecutedInstructions.ExecInstrId exec_id=57771605343623 instr_id=245127 core=11 sub_core=1
[cannsim_helper] insert instr failed rc=19 err=UNIQUE constraint failed: ExecutedInstructions.ExecInstrId exec_id=57763015417892 instr_id=253988 core=9 sub_core=1
[cannsim_helper] insert instr failed rc=19 err=UNIQUE constraint failed: ExecutedInstructions.ExecInstrId exec_id=57763015417897 instr_id=253993 core=9 sub_core=1
[cannsim_helper] insert instr failed rc=19 err=UNIQUE constraint failed: ExecutedInstructions.ExecInstrId exec_id=57780195278468 instr_id=245380 core=13 sub_core=1
[cannsim_helper] insert instr failed rc=19 err=UNIQUE constraint failed: ExecutedInstructions.ExecInstrId exec_id=57788785213329 instr_id=245649 core=15 sub_core=1
[cannsim_helper] insert instr failed rc=19 err=UNIQUE constraint failed: ExecutedInstructions.ExecInstrId exec_id=58025008414337 instr_id=245377 core=6 sub_core=2
[cannsim_helper] insert instr failed rc=19 err=UNIQUE constraint failed: ExecutedInstructions.ExecInstrId exec_id=58046483260136 instr_id=254696 core=11 sub_core=2
[cannsim_helper] insert instr failed rc=19 err=UNIQUE constraint failed: ExecutedInstructions.ExecInstrId exec_id=58025008414341 instr_id=245381 core=6 sub_core=2
[cannsim_helper] insert instr failed rc=19 err=UNIQUE constraint failed: ExecutedInstructions.ExecInstrId exec_id=58025008414348 instr_id=245388 core=6 sub_core=2
[cannsim_helper] insert instr failed rc=19 err=UNIQUE constraint failed: ExecutedInstructions.ExecInstrId exec_id=57750130507773 instr_id=245757 core=6 sub_core=1
[cannsim_helper] insert instr failed rc=19 err=UNIQUE constraint failed: ExecutedInstructions.ExecInstrId exec_id=57780195278981 instr_id=245893 core=13 sub_core=1
[cannsim_helper] insert instr failed rc=19 err=UNIQUE constraint failed: ExecutedInstructions.ExecInstrId exec_id=58037893316897 instr_id=246049 core=9 sub_core=2
[cannsim_helper] insert instr failed rc=19 err=UNIQUE constraint failed: ExecutedInstructions.ExecInstrId exec_id=58016418480111 instr_id=245743 core=4 sub_core=2
[cannsim_helper] insert instr failed rc=19 err=UNIQUE constraint failed: ExecutedInstructions.ExecInstrId exec_id=57771605344251 instr_id=245755 core=11 sub_core=1
[cannsim_helper] insert instr failed rc=19 err=UNIQUE constraint failed: ExecutedInstructions.ExecInstrId exec_id=58016418480121 instr_id=245753 core=4 sub_core=2
[cannsim_helper] insert instr failed rc=19 err=UNIQUE constraint failed: ExecutedInstructions.ExecInstrId exec_id=57771605344258 instr_id=245762 core=11 sub_core=1
[cannsim_helper] insert instr failed rc=19 err=UNIQUE constraint failed: ExecutedInstructions.ExecInstrId exec_id=58016418480126 instr_id=245758 core=4 sub_core=2
[cannsim_helper] insert instr failed rc=19 err=UNIQUE constraint failed: ExecutedInstructions.ExecInstrId exec_id=57771605344260 instr_id=245764 core=11 sub_core=1
[cannsim_helper] insert instr failed rc=19 err=UNIQUE constraint failed: ExecutedInstructions.ExecInstrId exec_id=57788785213819 instr_id=246139 core=15 sub_core=1
[cannsim_helper] insert instr failed rc=19 err=UNIQUE constraint failed: ExecutedInstructions.ExecInstrId exec_id=57788785223914 instr_id=256234 core=15 sub_core=1
[cannsim_helper] insert instr failed rc=19 err=UNIQUE constraint failed: ExecutedInstructions.ExecInstrId exec_id=58046483261312 instr_id=255872 core=11 sub_core=2
[cannsim_helper] insert instr failed rc=19 err=UNIQUE constraint failed: ExecutedInstructions.ExecInstrId exec_id=58046483261315 instr_id=255875 core=11 sub_core=2
[cannsim_helper] insert instr failed rc=19 err=UNIQUE constraint failed: ExecutedInstructions.ExecInstrId exec_id=58046483261318 instr_id=255878 core=11 sub_core=2
[cannsim_helper] insert instr failed rc=19 err=UNIQUE constraint failed: ExecutedInstructions.ExecInstrId exec_id=57788785224888 instr_id=257208 core=15 sub_core=1
[cannsim_helper] insert instr failed rc=19 err=UNIQUE constraint failed: ExecutedInstructions.ExecInstrId exec_id=58037893317378 instr_id=246530 core=9 sub_core=2
[cannsim_helper] insert instr failed rc=19 err=UNIQUE constraint failed: ExecutedInstructions.ExecInstrId exec_id=57750130508366 instr_id=246350 core=6 sub_core=1
[cannsim_helper] insert instr failed rc=19 err=UNIQUE constraint failed: ExecutedInstructions.ExecInstrId exec_id=57750130508372 instr_id=246356 core=6 sub_core=1
[cannsim_helper] insert instr failed rc=19 err=UNIQUE constraint failed: ExecutedInstructions.ExecInstrId exec_id=57750130508377 instr_id=246361 core=6 sub_core=1
[cannsim_helper] insert instr failed rc=19 err=UNIQUE constraint failed: ExecutedInstructions.ExecInstrId exec_id=57780195279598 instr_id=246510 core=13 sub_core=1
[cannsim_helper] insert instr failed rc=19 err=UNIQUE constraint failed: ExecutedInstructions.ExecInstrId exec_id=57780195279611 instr_id=246523 core=13 sub_core=1
[cannsim_helper] insert instr failed rc=19 err=UNIQUE constraint failed: ExecutedInstructions.ExecInstrId exec_id=57780195279622 instr_id=246534 core=13 sub_core=1
[cannsim_helper] insert instr failed rc=19 err=UNIQUE constraint failed: ExecutedInstructions.ExecInstrId exec_id=57775900323788 instr_id=257996 core=12 sub_core=1
[cannsim_helper] insert instr failed rc=19 err=UNIQUE constraint failed: ExecutedInstructions.ExecInstrId exec_id=57788785214622 instr_id=246942 core=15 sub_core=1
[cannsim_helper] insert instr failed rc=19 err=UNIQUE constraint failed: ExecutedInstructions.ExecInstrId exec_id=58037893329145 instr_id=258297 core=9 sub_core=2
[cannsim_helper] insert instr failed rc=19 err=UNIQUE constraint failed: ExecutedInstructions.ExecInstrId exec_id=57788785214624 instr_id=246944 core=15 sub_core=1
[cannsim_helper] insert instr failed rc=19 err=UNIQUE constraint failed: ExecutedInstructions.ExecInstrId exec_id=57788785214630 instr_id=246950 core=15 sub_core=1
[cannsim_helper] insert instr failed rc=19 err=UNIQUE constraint failed: ExecutedInstructions.ExecInstrId exec_id=57788785225999 instr_id=258319 core=15 sub_core=1
[cannsim_helper] insert instr failed rc=19 err=UNIQUE constraint failed: ExecutedInstructions.ExecInstrId exec_id=57788785226001 instr_id=258321 core=15 sub_core=1
[cannsim_helper] insert instr failed rc=19 err=UNIQUE constraint failed: ExecutedInstructions.ExecInstrId exec_id=57788785226004 instr_id=258324 core=15 sub_core=1
[cannsim_helper] insert instr failed rc=19 err=UNIQUE constraint failed: ExecutedInstructions.ExecInstrId exec_id=58110907774023 instr_id=259143 core=26 sub_core=2
[cannsim_helper] insert instr failed rc=19 err=UNIQUE constraint failed: ExecutedInstructions.ExecInstrId exec_id=58037893318200 instr_id=247352 core=9 sub_core=2
[cannsim_helper] insert instr failed rc=19 err=UNIQUE constraint failed: ExecutedInstructions.ExecInstrId exec_id=57775900324652 instr_id=258860 core=12 sub_core=1
[cannsim_helper] insert instr failed rc=19 err=UNIQUE constraint failed: ExecutedInstructions.ExecInstrId exec_id=58037893318202 instr_id=247354 core=9 sub_core=2
[cannsim_helper] insert instr failed rc=19 err=UNIQUE constraint failed: ExecutedInstructions.ExecInstrId exec_id=58037893318204 instr_id=247356 core=9 sub_core=2
[cannsim_helper] insert instr failed rc=19 err=UNIQUE constraint failed: ExecutedInstructions.ExecInstrId exec_id=58037893330051 instr_id=259203 core=9 sub_core=2
[cannsim_helper] insert instr failed rc=19 err=UNIQUE constraint failed: ExecutedInstructions.ExecInstrId exec_id=58110907774875 instr_id=259995 core=26 sub_core=2
[cannsim_helper] insert instr failed rc=19 err=UNIQUE constraint failed: ExecutedInstructions.ExecInstrId exec_id=57775900325846 instr_id=260054 core=12 sub_core=1
[cannsim_helper] insert instr failed rc=19 err=UNIQUE constraint failed: ExecutedInstructions.ExecInstrId exec_id=57775900325848 instr_id=260056 core=12 sub_core=1
[cannsim_helper] insert instr failed rc=19 err=UNIQUE constraint failed: ExecutedInstructions.ExecInstrId exec_id=57775900325850 instr_id=260058 core=12 sub_core=1
[cannsim_helper] insert instr failed rc=19 err=UNIQUE constraint failed: ExecutedInstructions.ExecInstrId exec_id=58050778233652 instr_id=260916 core=12 sub_core=2
[cannsim_helper] insert instr failed rc=19 err=UNIQUE constraint failed: ExecutedInstructions.ExecInstrId exec_id=58037893331211 instr_id=260363 core=9 sub_core=2
[cannsim_helper] insert instr failed rc=19 err=UNIQUE constraint failed: ExecutedInstructions.ExecInstrId exec_id=58037893331217 instr_id=260369 core=9 sub_core=2
[cannsim_helper] insert instr failed rc=19 err=UNIQUE constraint failed: ExecutedInstructions.ExecInstrId exec_id=58037893331229 instr_id=260381 core=9 sub_core=2
[cannsim_helper] insert instr failed rc=19 err=UNIQUE constraint failed: ExecutedInstructions.ExecInstrId exec_id=58046483254960 instr_id=249520 core=11 sub_core=2
[cannsim_helper] insert instr failed rc=19 err=UNIQUE constraint failed: ExecutedInstructions.ExecInstrId exec_id=58115202743855 instr_id=261679 core=27 sub_core=2
[cannsim_helper] insert instr failed rc=19 err=UNIQUE constraint failed: ExecutedInstructions.ExecInstrId exec_id=58110907776130 instr_id=261250 core=26 sub_core=2
[cannsim_helper] insert instr failed rc=19 err=UNIQUE constraint failed: ExecutedInstructions.ExecInstrId exec_id=58093727896143 instr_id=250447 core=22 sub_core=2
[cannsim_helper] insert instr failed rc=19 err=UNIQUE constraint failed: ExecutedInstructions.ExecInstrId exec_id=57810260066096 instr_id=261936 core=20 sub_core=1
[cannsim_helper] insert instr failed rc=19 err=UNIQUE constraint failed: ExecutedInstructions.ExecInstrId exec_id=58110907776136 instr_id=261256 core=26 sub_core=2
[cannsim_helper] insert instr failed rc=19 err=UNIQUE constraint failed: ExecutedInstructions.ExecInstrId exec_id=58110907776138 instr_id=261258 core=26 sub_core=2
[cannsim_helper] insert instr failed rc=19 err=UNIQUE constraint failed: ExecutedInstructions.ExecInstrId exec_id=58050778234566 instr_id=261830 core=12 sub_core=2
[cannsim_helper] insert instr failed rc=19 err=UNIQUE constraint failed: ExecutedInstructions.ExecInstrId exec_id=58055073190719 instr_id=250687 core=13 sub_core=2
[cannsim_helper] insert instr failed rc=19 err=UNIQUE constraint failed: ExecutedInstructions.ExecInstrId exec_id=58046483255968 instr_id=250528 core=11 sub_core=2
[cannsim_helper] insert instr failed rc=19 err=UNIQUE constraint failed: ExecutedInstructions.ExecInstrId exec_id=57745835557092 instr_id=262372 core=5 sub_core=1
[cannsim_helper] insert instr failed rc=19 err=UNIQUE constraint failed: ExecutedInstructions.ExecInstrId exec_id=58115202744786 instr_id=262610 core=27 sub_core=2
[cannsim_helper] insert instr failed rc=19 err=UNIQUE constraint failed: ExecutedInstructions.ExecInstrId exec_id=58020713453159 instr_id=251495 core=5 sub_core=2
[cannsim_helper] insert instr failed rc=19 err=UNIQUE constraint failed: ExecutedInstructions.ExecInstrId exec_id=58085137974125 instr_id=263021 core=20 sub_core=2
[cannsim_helper] insert instr failed rc=19 err=UNIQUE constraint failed: ExecutedInstructions.ExecInstrId exec_id=58093727897594 instr_id=251898 core=22 sub_core=2
[cannsim_helper] insert instr failed rc=19 err=UNIQUE constraint failed: ExecutedInstructions.ExecInstrId exec_id=57857504707792 instr_id=263376 core=31 sub_core=1
[cannsim_helper] insert instr failed rc=19 err=UNIQUE constraint failed: ExecutedInstructions.ExecInstrId exec_id=58055073191667 instr_id=251635 core=13 sub_core=2
[cannsim_helper] insert instr failed rc=19 err=UNIQUE constraint failed: ExecutedInstructions.ExecInstrId exec_id=58050778235567 instr_id=262831 core=12 sub_core=2
[cannsim_helper] insert instr failed rc=19 err=UNIQUE constraint failed: ExecutedInstructions.ExecInstrId exec_id=57745835557938 instr_id=263218 core=5 sub_core=1
[cannsim_helper] insert instr failed rc=19 err=UNIQUE constraint failed: ExecutedInstructions.ExecInstrId exec_id=58050778235573 instr_id=262837 core=12 sub_core=2
[cannsim_helper] insert instr failed rc=19 err=UNIQUE constraint failed: ExecutedInstructions.ExecInstrId exec_id=58050778235575 instr_id=262839 core=12 sub_core=2
[cannsim_helper] insert instr failed rc=19 err=UNIQUE constraint failed: ExecutedInstructions.ExecInstrId exec_id=58046483257243 instr_id=251803 core=11 sub_core=2
[cannsim_helper] insert instr failed rc=19 err=UNIQUE constraint failed: ExecutedInstructions.ExecInstrId exec_id=58115202745886 instr_id=263710 core=27 sub_core=2
[cannsim_helper] insert instr failed rc=19 err=UNIQUE constraint failed: ExecutedInstructions.ExecInstrId exec_id=58115202745902 instr_id=263726 core=27 sub_core=2
[cannsim_helper] insert instr failed rc=19 err=UNIQUE constraint failed: ExecutedInstructions.ExecInstrId exec_id=57844619806726 instr_id=264198 core=28 sub_core=1
[cannsim_helper] insert instr failed rc=19 err=UNIQUE constraint failed: ExecutedInstructions.ExecInstrId exec_id=58115202745904 instr_id=263728 core=27 sub_core=2
[cannsim_helper] insert instr failed rc=19 err=UNIQUE constraint failed: ExecutedInstructions.ExecInstrId exec_id=58046483257248 instr_id=251808 core=11 sub_core=2
[cannsim_helper] insert instr failed rc=19 err=UNIQUE constraint failed: ExecutedInstructions.ExecInstrId exec_id=58046483257250 instr_id=251810 core=11 sub_core=2
[cannsim_helper] insert instr failed rc=19 err=UNIQUE constraint failed: ExecutedInstructions.ExecInstrId exec_id=58020713453934 instr_id=252270 core=5 sub_core=2
[cannsim_helper] insert instr failed rc=19 err=UNIQUE constraint failed: ExecutedInstructions.ExecInstrId exec_id=58106612811983 instr_id=264399 core=25 sub_core=2
[cannsim_helper] insert instr failed rc=19 err=UNIQUE constraint failed: ExecutedInstructions.ExecInstrId exec_id=57853209729694 instr_id=252574 core=30 sub_core=1
[cannsim_helper] insert instr failed rc=19 err=UNIQUE constraint failed: ExecutedInstructions.ExecInstrId exec_id=57745835559006 instr_id=264286 core=5 sub_core=1
[cannsim_helper] insert instr failed rc=19 err=UNIQUE constraint failed: ExecutedInstructions.ExecInstrId exec_id=57745835559011 instr_id=264291 core=5 sub_core=1
[cannsim_helper] insert instr failed rc=19 err=UNIQUE constraint failed: ExecutedInstructions.ExecInstrId exec_id=57745835559013 instr_id=264293 core=5 sub_core=1
[cannsim_helper] insert instr failed rc=19 err=UNIQUE constraint failed: ExecutedInstructions.ExecInstrId exec_id=57763015416804 instr_id=252900 core=9 sub_core=1
[cannsim_helper] insert instr failed rc=19 err=UNIQUE constraint failed: ExecutedInstructions.ExecInstrId exec_id=57844619807558 instr_id=265030 core=28 sub_core=1
[cannsim_helper] insert instr failed rc=19 err=UNIQUE constraint failed: ExecutedInstructions.ExecInstrId exec_id=58110907767853 instr_id=252973 core=26 sub_core=2
[cannsim_helper] insert instr failed rc=19 err=UNIQUE constraint failed: ExecutedInstructions.ExecInstrId exec_id=57857504709831 instr_id=265415 core=31 sub_core=1
[cannsim_helper] insert instr failed rc=19 err=UNIQUE constraint failed: ExecutedInstructions.ExecInstrId exec_id=58055073192625 instr_id=252593 core=13 sub_core=2
[cannsim_helper] insert instr failed rc=19 err=UNIQUE constraint failed: ExecutedInstructions.ExecInstrId exec_id=58055073192630 instr_id=252598 core=13 sub_core=2
[cannsim_helper] insert instr failed rc=19 err=UNIQUE constraint failed: ExecutedInstructions.ExecInstrId exec_id=58055073192633 instr_id=252601 core=13 sub_core=2
[cannsim_helper] insert instr failed rc=19 err=UNIQUE constraint failed: ExecutedInstructions.ExecInstrId exec_id=57814555024776 instr_id=253320 core=21 sub_core=1
[cannsim_helper] insert instr failed rc=19 err=UNIQUE constraint failed: ExecutedInstructions.ExecInstrId exec_id=58123792682453 instr_id=265685 core=29 sub_core=2
[cannsim_helper] insert instr failed rc=19 err=UNIQUE constraint failed: ExecutedInstructions.ExecInstrId exec_id=58020713454803 instr_id=253139 core=5 sub_core=2
[cannsim_helper] insert instr failed rc=19 err=UNIQUE constraint failed: ExecutedInstructions.ExecInstrId exec_id=57827439926968 instr_id=253624 core=24 sub_core=1
[cannsim_helper] insert instr failed rc=19 err=UNIQUE constraint failed: ExecutedInstructions.ExecInstrId exec_id=58020713454807 instr_id=253143 core=5 sub_core=2
[cannsim_helper] insert instr failed rc=19 err=UNIQUE constraint failed: ExecutedInstructions.ExecInstrId exec_id=58020713454809 instr_id=253145 core=5 sub_core=2
[cannsim_helper] insert instr failed rc=19 err=UNIQUE constraint failed: ExecutedInstructions.ExecInstrId exec_id=57763015417459 instr_id=253555 core=9 sub_core=1
[cannsim_helper] insert instr failed rc=19 err=UNIQUE constraint failed: ExecutedInstructions.ExecInstrId exec_id=57741540593557 instr_id=266133 core=4 sub_core=1
[cannsim_helper] insert instr failed rc=19 err=UNIQUE constraint failed: ExecutedInstructions.ExecInstrId exec_id=58093727899735 instr_id=254039 core=22 sub_core=2
[cannsim_helper] insert instr failed rc=19 err=UNIQUE constraint failed: ExecutedInstructions.ExecInstrId exec_id=58093727899741 instr_id=254045 core=22 sub_core=2
[cannsim_helper] insert instr failed rc=19 err=UNIQUE constraint failed: ExecutedInstructions.ExecInstrId exec_id=58093727899743 instr_id=254047 core=22 sub_core=2
[cannsim_helper] insert instr failed rc=19 err=UNIQUE constraint failed: ExecutedInstructions.ExecInstrId exec_id=57848914776271 instr_id=266447 core=29 sub_core=1
[cannsim_helper] insert instr failed rc=19 err=UNIQUE constraint failed: ExecutedInstructions.ExecInstrId exec_id=57836029874453 instr_id=266517 core=26 sub_core=1
[cannsim_helper] insert instr failed rc=19 err=UNIQUE constraint failed: ExecutedInstructions.ExecInstrId exec_id=57844619808663 instr_id=266135 core=28 sub_core=1
[cannsim_helper] insert instr failed rc=19 err=UNIQUE constraint failed: ExecutedInstructions.ExecInstrId exec_id=58106612814317 instr_id=266733 core=25 sub_core=2
[cannsim_helper] insert instr failed rc=19 err=UNIQUE constraint failed: ExecutedInstructions.ExecInstrId exec_id=57844619808666 instr_id=266138 core=28 sub_core=1
[cannsim_helper] insert instr failed rc=19 err=UNIQUE constraint failed: ExecutedInstructions.ExecInstrId exec_id=57844619808668 instr_id=266140 core=28 sub_core=1
[cannsim_helper] insert instr failed rc=19 err=UNIQUE constraint failed: ExecutedInstructions.ExecInstrId exec_id=58020713468445 instr_id=266781 core=5 sub_core=2
[cannsim_helper] insert instr failed rc=19 err=UNIQUE constraint failed: ExecutedInstructions.ExecInstrId exec_id=58067958108784 instr_id=266864 core=16 sub_core=2
[cannsim_helper] insert instr failed rc=19 err=UNIQUE constraint failed: ExecutedInstructions.ExecInstrId exec_id=58025008436003 instr_id=267043 core=6 sub_core=2
[cannsim_helper] insert instr failed rc=19 err=UNIQUE constraint failed: ExecutedInstructions.ExecInstrId exec_id=57741540594321 instr_id=266897 core=4 sub_core=1
[cannsim_helper] insert instr failed rc=19 err=UNIQUE constraint failed: ExecutedInstructions.ExecInstrId exec_id=57823144973389 instr_id=267341 core=23 sub_core=1
[cannsim_helper] insert instr failed rc=19 err=UNIQUE constraint failed: ExecutedInstructions.ExecInstrId exec_id=58089432932936 instr_id=254536 core=21 sub_core=2
[cannsim_helper] insert instr failed rc=19 err=UNIQUE constraint failed: ExecutedInstructions.ExecInstrId exec_id=58110907769452 instr_id=254572 core=26 sub_core=2
[cannsim_helper] insert instr failed rc=19 err=UNIQUE constraint failed: ExecutedInstructions.ExecInstrId exec_id=57801670137262 instr_id=267694 core=18 sub_core=1
[cannsim_helper] insert instr failed rc=19 err=UNIQUE constraint failed: ExecutedInstructions.ExecInstrId exec_id=57763015418271 instr_id=254367 core=9 sub_core=1
[cannsim_helper] insert instr failed rc=19 err=UNIQUE constraint failed: ExecutedInstructions.ExecInstrId exec_id=58020713469217 instr_id=267553 core=5 sub_core=2
[cannsim_helper] insert instr failed rc=19 err=UNIQUE constraint failed: ExecutedInstructions.ExecInstrId exec_id=57810260059251 instr_id=255091 core=20 sub_core=1
[cannsim_helper] insert instr failed rc=19 err=UNIQUE constraint failed: ExecutedInstructions.ExecInstrId exec_id=57763015418277 instr_id=254373 core=9 sub_core=1
[cannsim_helper] insert instr failed rc=19 err=UNIQUE constraint failed: ExecutedInstructions.ExecInstrId exec_id=57763015418283 instr_id=254379 core=9 sub_core=1
[cannsim_helper] insert instr failed rc=19 err=UNIQUE constraint failed: ExecutedInstructions.ExecInstrId exec_id=57750130529878 instr_id=267862 core=6 sub_core=1
[cannsim_helper] insert instr failed rc=19 err=UNIQUE constraint failed: ExecutedInstructions.ExecInstrId exec_id=57784490255660 instr_id=255276 core=14 sub_core=1
[cannsim_helper] insert instr failed rc=19 err=UNIQUE constraint failed: ExecutedInstructions.ExecInstrId exec_id=57745835550187 instr_id=255467 core=5 sub_core=1
[cannsim_helper] insert instr failed rc=19 err=UNIQUE constraint failed: ExecutedInstructions.ExecInstrId exec_id=58025008436744 instr_id=267784 core=6 sub_core=2
[cannsim_helper] insert instr failed rc=19 err=UNIQUE constraint failed: ExecutedInstructions.ExecInstrId exec_id=58106612815277 instr_id=267693 core=25 sub_core=2
[cannsim_helper] insert instr failed rc=19 err=UNIQUE constraint failed: ExecutedInstructions.ExecInstrId exec_id=58055073208129 instr_id=268097 core=13 sub_core=2
[cannsim_helper] insert instr failed rc=19 err=UNIQUE constraint failed: ExecutedInstructions.ExecInstrId exec_id=58106612815282 instr_id=267698 core=25 sub_core=2
[cannsim_helper] insert instr failed rc=19 err=UNIQUE constraint failed: ExecutedInstructions.ExecInstrId exec_id=58106612815284 instr_id=267700 core=25 sub_core=2
[cannsim_helper] insert instr failed rc=19 err=UNIQUE constraint failed: ExecutedInstructions.ExecInstrId exec_id=58132382619682 instr_id=268322 core=31 sub_core=2
[cannsim_helper] insert instr failed rc=19 err=UNIQUE constraint failed: ExecutedInstructions.ExecInstrId exec_id=57805965092948 instr_id=256084 core=19 sub_core=1
[cannsim_helper] insert instr failed rc=19 err=UNIQUE constraint failed: ExecutedInstructions.ExecInstrId exec_id=58089432934487 instr_id=256087 core=21 sub_core=2
[cannsim_helper] insert instr failed rc=19 err=UNIQUE constraint failed: ExecutedInstructions.ExecInstrId exec_id=58063663143008 instr_id=268384 core=15 sub_core=2
[cannsim_helper] insert instr failed rc=19 err=UNIQUE constraint failed: ExecutedInstructions.ExecInstrId exec_id=57741540595298 instr_id=267874 core=4 sub_core=1
[cannsim_helper] insert instr failed rc=19 err=UNIQUE constraint failed: ExecutedInstructions.ExecInstrId exec_id=57810260060454 instr_id=256294 core=20 sub_core=1
[cannsim_helper] insert instr failed rc=19 err=UNIQUE constraint failed: ExecutedInstructions.ExecInstrId exec_id=57784490256391 instr_id=256007 core=14 sub_core=1
[cannsim_helper] insert instr failed rc=19 err=UNIQUE constraint failed: ExecutedInstructions.ExecInstrId exec_id=57741540595309 instr_id=267885 core=4 sub_core=1
[cannsim_helper] insert instr failed rc=19 err=UNIQUE constraint failed: ExecutedInstructions.ExecInstrId exec_id=57741540595311 instr_id=267887 core=4 sub_core=1
[cannsim_helper] insert instr failed rc=19 err=UNIQUE constraint failed: ExecutedInstructions.ExecInstrId exec_id=57745835550968 instr_id=256248 core=5 sub_core=1
[cannsim_helper] insert instr failed rc=19 err=UNIQUE constraint failed: ExecutedInstructions.ExecInstrId exec_id=58059368164138 instr_id=256810 core=14 sub_core=2
[cannsim_helper] insert instr failed rc=19 err=UNIQUE constraint failed: ExecutedInstructions.ExecInstrId exec_id=57818850007637 instr_id=268885 core=22 sub_core=1
[cannsim_helper] insert instr failed rc=19 err=UNIQUE constraint failed: ExecutedInstructions.ExecInstrId exec_id=57750130530669 instr_id=268653 core=6 sub_core=1
[cannsim_helper] insert instr failed rc=19 err=UNIQUE constraint failed: ExecutedInstructions.ExecInstrId exec_id=58110907771971 instr_id=257091 core=26 sub_core=2
[cannsim_helper] insert instr failed rc=19 err=UNIQUE constraint failed: ExecutedInstructions.ExecInstrId exec_id=58110907771973 instr_id=257093 core=26 sub_core=2
[cannsim_helper] insert instr failed rc=19 err=UNIQUE constraint failed: ExecutedInstructions.ExecInstrId exec_id=58110907771975 instr_id=257095 core=26 sub_core=2
[cannsim_helper] insert instr failed rc=19 err=UNIQUE constraint failed: ExecutedInstructions.ExecInstrId exec_id=58020713470237 instr_id=268573 core=5 sub_core=2
[cannsim_helper] insert instr failed rc=19 err=UNIQUE constraint failed: ExecutedInstructions.ExecInstrId exec_id=58055073208946 instr_id=268914 core=13 sub_core=2
[cannsim_helper] insert instr failed rc=19 err=UNIQUE constraint failed: ExecutedInstructions.ExecInstrId exec_id=58020713470250 instr_id=268586 core=5 sub_core=2
[cannsim_helper] insert instr failed rc=19 err=UNIQUE constraint failed: ExecutedInstructions.ExecInstrId exec_id=58020713470254 instr_id=268590 core=5 sub_core=2
[cannsim_helper] insert instr failed rc=19 err=UNIQUE constraint failed: ExecutedInstructions.ExecInstrId exec_id=57827439942508 instr_id=269164 core=24 sub_core=1
[cannsim_helper] insert instr failed rc=19 err=UNIQUE constraint failed: ExecutedInstructions.ExecInstrId exec_id=58025008438062 instr_id=269102 core=6 sub_core=2
[cannsim_helper] insert instr failed rc=19 err=UNIQUE constraint failed: ExecutedInstructions.ExecInstrId exec_id=58132382620452 instr_id=269092 core=31 sub_core=2
[cannsim_helper] insert instr failed rc=19 err=UNIQUE constraint failed: ExecutedInstructions.ExecInstrId exec_id=58063663143691 instr_id=269067 core=15 sub_core=2
[cannsim_helper] insert instr failed rc=19 err=UNIQUE constraint failed: ExecutedInstructions.ExecInstrId exec_id=58123792674307 instr_id=257539 core=29 sub_core=2
[cannsim_helper] insert instr failed rc=19 err=UNIQUE constraint failed: ExecutedInstructions.ExecInstrId exec_id=58025008438071 instr_id=269111 core=6 sub_core=2
[cannsim_helper] insert instr failed rc=19 err=UNIQUE constraint failed: ExecutedInstructions.ExecInstrId exec_id=58025008438075 instr_id=269115 core=6 sub_core=2
[cannsim_helper] insert instr failed rc=19 err=UNIQUE constraint failed: ExecutedInstructions.ExecInstrId exec_id=58042188295762 instr_id=257618 core=10 sub_core=2
[cannsim_helper] insert instr failed rc=19 err=UNIQUE constraint failed: ExecutedInstructions.ExecInstrId exec_id=57805965094519 instr_id=257655 core=19 sub_core=1
[cannsim_helper] insert instr failed rc=19 err=UNIQUE constraint failed: ExecutedInstructions.ExecInstrId exec_id=57767310400585 instr_id=269385 core=10 sub_core=1
[cannsim_helper] insert instr failed rc=19 err=UNIQUE constraint failed: ExecutedInstructions.ExecInstrId exec_id=58089432935699 instr_id=257299 core=21 sub_core=2
[cannsim_helper] insert instr failed rc=19 err=UNIQUE constraint failed: ExecutedInstructions.ExecInstrId exec_id=57818850008144 instr_id=269392 core=22 sub_core=1
[cannsim_helper] insert instr failed rc=19 err=UNIQUE constraint failed: ExecutedInstructions.ExecInstrId exec_id=58089432935705 instr_id=257305 core=21 sub_core=2
[cannsim_helper] insert instr failed rc=19 err=UNIQUE constraint failed: ExecutedInstructions.ExecInstrId exec_id=58089432935707 instr_id=257307 core=21 sub_core=2
[cannsim_helper] insert instr failed rc=19 err=UNIQUE constraint failed: ExecutedInstructions.ExecInstrId exec_id=57784490257673 instr_id=257289 core=14 sub_core=1
[cannsim_helper] insert instr failed rc=19 err=UNIQUE constraint failed: ExecutedInstructions.ExecInstrId exec_id=57810260061653 instr_id=257493 core=20 sub_core=1
[cannsim_helper] insert instr failed rc=19 err=UNIQUE constraint failed: ExecutedInstructions.ExecInstrId exec_id=57784490257675 instr_id=257291 core=14 sub_core=1
[cannsim_helper] insert instr failed rc=19 err=UNIQUE constraint failed: ExecutedInstructions.ExecInstrId exec_id=57810260061655 instr_id=257495 core=20 sub_core=1
[cannsim_helper] insert instr failed rc=19 err=UNIQUE constraint failed: ExecutedInstructions.ExecInstrId exec_id=58059368165192 instr_id=257864 core=14 sub_core=2
[cannsim_helper] insert instr failed rc=19 err=UNIQUE constraint failed: ExecutedInstructions.ExecInstrId exec_id=57784490257677 instr_id=257293 core=14 sub_core=1
[cannsim_helper] insert instr failed rc=19 err=UNIQUE constraint failed: ExecutedInstructions.ExecInstrId exec_id=57810260061657 instr_id=257497 core=20 sub_core=1
[cannsim_helper] insert instr failed rc=19 err=UNIQUE constraint failed: ExecutedInstructions.ExecInstrId exec_id=57745835552252 instr_id=257532 core=5 sub_core=1
[cannsim_helper] insert instr failed rc=19 err=UNIQUE constraint failed: ExecutedInstructions.ExecInstrId exec_id=57750130531532 instr_id=269516 core=6 sub_core=1
[cannsim_helper] insert instr failed rc=19 err=UNIQUE constraint failed: ExecutedInstructions.ExecInstrId exec_id=57745835552254 instr_id=257534 core=5 sub_core=1
[cannsim_helper] insert instr failed rc=19 err=UNIQUE constraint failed: ExecutedInstructions.ExecInstrId exec_id=57750130531538 instr_id=269522 core=6 sub_core=1
[cannsim_helper] insert instr failed rc=19 err=UNIQUE constraint failed: ExecutedInstructions.ExecInstrId exec_id=57745835552258 instr_id=257538 core=5 sub_core=1
[cannsim_helper] insert instr failed rc=19 err=UNIQUE constraint failed: ExecutedInstructions.ExecInstrId exec_id=57750130531540 instr_id=269524 core=6 sub_core=1
[cannsim_helper] insert instr failed rc=19 err=UNIQUE constraint failed: ExecutedInstructions.ExecInstrId exec_id=58055073209772 instr_id=269740 core=13 sub_core=2
[cannsim_helper] insert instr failed rc=19 err=UNIQUE constraint failed: ExecutedInstructions.ExecInstrId exec_id=58055073209774 instr_id=269742 core=13 sub_core=2
[cannsim_helper] insert instr failed rc=19 err=UNIQUE constraint failed: ExecutedInstructions.ExecInstrId exec_id=58055073209776 instr_id=269744 core=13 sub_core=2
[cannsim_helper] insert instr failed rc=19 err=UNIQUE constraint failed: ExecutedInstructions.ExecInstrId exec_id=57797375160822 instr_id=258550 core=17 sub_core=1
[cannsim_helper] insert instr failed rc=19 err=UNIQUE constraint failed: ExecutedInstructions.ExecInstrId exec_id=58098022883573 instr_id=270581 core=23 sub_core=2
[cannsim_helper] insert instr failed rc=19 err=UNIQUE constraint failed: ExecutedInstructions.ExecInstrId exec_id=57767310401503 instr_id=270303 core=10 sub_core=1
[cannsim_helper] insert instr failed rc=19 err=UNIQUE constraint failed: ExecutedInstructions.ExecInstrId exec_id=58132382621378 instr_id=270018 core=31 sub_core=2
[cannsim_helper] insert instr failed rc=19 err=UNIQUE constraint failed: ExecutedInstructions.ExecInstrId exec_id=58042188296529 instr_id=258385 core=10 sub_core=2
[cannsim_helper] insert instr failed rc=19 err=UNIQUE constraint failed: ExecutedInstructions.ExecInstrId exec_id=58063663144681 instr_id=270057 core=15 sub_core=2
[cannsim_helper] insert instr failed rc=19 err=UNIQUE constraint failed: ExecutedInstructions.ExecInstrId exec_id=58072253079906 instr_id=270690 core=17 sub_core=2
[cannsim_helper] insert instr failed rc=19 err=UNIQUE constraint failed: ExecutedInstructions.ExecInstrId exec_id=58132382621384 instr_id=270024 core=31 sub_core=2
[cannsim_helper] insert instr failed rc=19 err=UNIQUE constraint failed: ExecutedInstructions.ExecInstrId exec_id=58132382621390 instr_id=270030 core=31 sub_core=2
[cannsim_helper] insert instr failed rc=19 err=UNIQUE constraint failed: ExecutedInstructions.ExecInstrId exec_id=57775900324677 instr_id=258885 core=12 sub_core=1
[cannsim_helper] insert instr failed rc=19 err=UNIQUE constraint failed: ExecutedInstructions.ExecInstrId exec_id=58063663144686 instr_id=270062 core=15 sub_core=2
[cannsim_helper] insert instr failed rc=19 err=UNIQUE constraint failed: ExecutedInstructions.ExecInstrId exec_id=58063663144697 instr_id=270073 core=15 sub_core=2
[cannsim_helper] insert instr failed rc=19 err=UNIQUE constraint failed: ExecutedInstructions.ExecInstrId exec_id=57805965095509 instr_id=258645 core=19 sub_core=1
[cannsim_helper] insert instr failed rc=19 err=UNIQUE constraint failed: ExecutedInstructions.ExecInstrId exec_id=58076548047600 instr_id=271088 core=18 sub_core=2
[cannsim_helper] insert instr failed rc=19 err=UNIQUE constraint failed: ExecutedInstructions.ExecInstrId exec_id=57805965095521 instr_id=258657 core=19 sub_core=1
[cannsim_helper] insert instr failed rc=19 err=UNIQUE constraint failed: ExecutedInstructions.ExecInstrId exec_id=57805965095523 instr_id=258659 core=19 sub_core=1
[cannsim_helper] insert instr failed rc=19 err=UNIQUE constraint failed: ExecutedInstructions.ExecInstrId exec_id=57818850009334 instr_id=270582 core=22 sub_core=1
[cannsim_helper] insert instr failed rc=19 err=UNIQUE constraint failed: ExecutedInstructions.ExecInstrId exec_id=58059368166275 instr_id=258947 core=14 sub_core=2
[cannsim_helper] insert instr failed rc=19 err=UNIQUE constraint failed: ExecutedInstructions.ExecInstrId exec_id=57793080206357 instr_id=271381 core=16 sub_core=1
[cannsim_helper] insert instr failed rc=19 err=UNIQUE constraint failed: ExecutedInstructions.ExecInstrId exec_id=57758720456229 instr_id=259621 core=8 sub_core=1
[cannsim_helper] insert instr failed rc=19 err=UNIQUE constraint failed: ExecutedInstructions.ExecInstrId exec_id=57848914769460 instr_id=259636 core=29 sub_core=1
[cannsim_helper] insert instr failed rc=19 err=UNIQUE constraint failed: ExecutedInstructions.ExecInstrId exec_id=57818850009342 instr_id=270590 core=22 sub_core=1
[cannsim_helper] insert instr failed rc=19 err=UNIQUE constraint failed: ExecutedInstructions.ExecInstrId exec_id=58059368166282 instr_id=258954 core=14 sub_core=2
[cannsim_helper] insert instr failed rc=19 err=UNIQUE constraint failed: ExecutedInstructions.ExecInstrId exec_id=58059368166287 instr_id=258959 core=14 sub_core=2
[cannsim_helper] insert instr failed rc=19 err=UNIQUE constraint failed: ExecutedInstructions.ExecInstrId exec_id=57818850009347 instr_id=270595 core=22 sub_core=1
[cannsim_helper] insert instr failed rc=19 err=UNIQUE constraint failed: ExecutedInstructions.ExecInstrId exec_id=57836029867676 instr_id=259740 core=26 sub_core=1
[cannsim_helper] insert instr failed rc=19 err=UNIQUE constraint failed: ExecutedInstructions.ExecInstrId exec_id=57797375161757 instr_id=259485 core=17 sub_core=1
[cannsim_helper] insert instr failed rc=19 err=UNIQUE constraint failed: ExecutedInstructions.ExecInstrId exec_id=57775900325624 instr_id=259832 core=12 sub_core=1
[cannsim_helper] insert instr failed rc=19 err=UNIQUE constraint failed: ExecutedInstructions.ExecInstrId exec_id=58042188297815 instr_id=259671 core=10 sub_core=2
[cannsim_helper] insert instr failed rc=19 err=UNIQUE constraint failed: ExecutedInstructions.ExecInstrId exec_id=58042188297819 instr_id=259675 core=10 sub_core=2
[cannsim_helper] insert instr failed rc=19 err=UNIQUE constraint failed: ExecutedInstructions.ExecInstrId exec_id=58042188297823 instr_id=259679 core=10 sub_core=2
[cannsim_helper] insert instr failed rc=19 err=UNIQUE constraint failed: ExecutedInstructions.ExecInstrId exec_id=58063663135027 instr_id=260403 core=15 sub_core=2
[cannsim_helper] insert instr failed rc=19 err=UNIQUE constraint failed: ExecutedInstructions.ExecInstrId exec_id=58076548037319 instr_id=260807 core=18 sub_core=2
[cannsim_helper] insert instr failed rc=19 err=UNIQUE constraint failed: ExecutedInstructions.ExecInstrId exec_id=57758720457089 instr_id=260481 core=8 sub_core=1
[cannsim_helper] insert instr failed rc=19 err=UNIQUE constraint failed: ExecutedInstructions.ExecInstrId exec_id=57767310402867 instr_id=271667 core=10 sub_core=1
[cannsim_helper] insert instr failed rc=19 err=UNIQUE constraint failed: ExecutedInstructions.ExecInstrId exec_id=57848914770322 instr_id=260498 core=29 sub_core=1
[cannsim_helper] insert instr failed rc=19 err=UNIQUE constraint failed: ExecutedInstructions.ExecInstrId exec_id=58123792677709 instr_id=260941 core=29 sub_core=2
[cannsim_helper] insert instr failed rc=19 err=UNIQUE constraint failed: ExecutedInstructions.ExecInstrId exec_id=57767310402873 instr_id=271673 core=10 sub_core=1
[cannsim_helper] insert instr failed rc=19 err=UNIQUE constraint failed: ExecutedInstructions.ExecInstrId exec_id=57767310402875 instr_id=271675 core=10 sub_core=1
[cannsim_helper] insert instr failed rc=19 err=UNIQUE constraint failed: ExecutedInstructions.ExecInstrId exec_id=58076548048677 instr_id=272165 core=18 sub_core=2
[cannsim_helper] insert instr failed rc=19 err=UNIQUE constraint failed: ExecutedInstructions.ExecInstrId exec_id=57793080207410 instr_id=272434 core=16 sub_core=1
[cannsim_helper] insert instr failed rc=19 err=UNIQUE constraint failed: ExecutedInstructions.ExecInstrId exec_id=58080843016564 instr_id=272756 core=19 sub_core=2
[cannsim_helper] insert instr failed rc=19 err=UNIQUE constraint failed: ExecutedInstructions.ExecInstrId exec_id=58033598364818 instr_id=261266 core=8 sub_core=2
[cannsim_helper] insert instr failed rc=19 err=UNIQUE constraint failed: ExecutedInstructions.ExecInstrId exec_id=57797375162975 instr_id=260703 core=17 sub_core=1
[cannsim_helper] insert instr failed rc=19 err=UNIQUE constraint failed: ExecutedInstructions.ExecInstrId exec_id=57797375162980 instr_id=260708 core=17 sub_core=1
[cannsim_helper] insert instr failed rc=19 err=UNIQUE constraint failed: ExecutedInstructions.ExecInstrId exec_id=58128087657144 instr_id=273080 core=30 sub_core=2
[cannsim_helper] insert instr failed rc=19 err=UNIQUE constraint failed: ExecutedInstructions.ExecInstrId exec_id=57797375162991 instr_id=260719 core=17 sub_core=1
[cannsim_helper] insert instr failed rc=19 err=UNIQUE constraint failed: ExecutedInstructions.ExecInstrId exec_id=58063663135985 instr_id=261361 core=15 sub_core=2
[cannsim_helper] insert instr failed rc=19 err=UNIQUE constraint failed: ExecutedInstructions.ExecInstrId exec_id=57775900326859 instr_id=261067 core=12 sub_core=1
[cannsim_helper] insert instr failed rc=19 err=UNIQUE constraint failed: ExecutedInstructions.ExecInstrId exec_id=57775900326861 instr_id=261069 core=12 sub_core=1
[cannsim_helper] insert instr failed rc=19 err=UNIQUE constraint failed: ExecutedInstructions.ExecInstrId exec_id=57775900326866 instr_id=261074 core=12 sub_core=1
[cannsim_helper] insert instr failed rc=19 err=UNIQUE constraint failed: ExecutedInstructions.ExecInstrId exec_id=57810260077850 instr_id=273690 core=20 sub_core=1
[cannsim_helper] insert instr failed rc=19 err=UNIQUE constraint failed: ExecutedInstructions.ExecInstrId exec_id=58076548050187 instr_id=273675 core=18 sub_core=2
[cannsim_helper] insert instr failed rc=19 err=UNIQUE constraint failed: ExecutedInstructions.ExecInstrId exec_id=57758720458386 instr_id=261778 core=8 sub_core=1
[cannsim_helper] insert instr failed rc=19 err=UNIQUE constraint failed: ExecutedInstructions.ExecInstrId exec_id=58076548038714 instr_id=262202 core=18 sub_core=2
[cannsim_helper] insert instr failed rc=19 err=UNIQUE constraint failed: ExecutedInstructions.ExecInstrId exec_id=57848914771608 instr_id=261784 core=29 sub_core=1
[cannsim_helper] insert instr failed rc=19 err=UNIQUE constraint failed: ExecutedInstructions.ExecInstrId exec_id=58076548050198 instr_id=273686 core=18 sub_core=2
[cannsim_helper] insert instr failed rc=19 err=UNIQUE constraint failed: ExecutedInstructions.ExecInstrId exec_id=58076548050212 instr_id=273700 core=18 sub_core=2
[cannsim_helper] insert instr failed rc=19 err=UNIQUE constraint failed: ExecutedInstructions.ExecInstrId exec_id=58128087658404 instr_id=274340 core=30 sub_core=2
[cannsim_helper] insert instr failed rc=19 err=UNIQUE constraint failed: ExecutedInstructions.ExecInstrId exec_id=57758720458389 instr_id=261781 core=8 sub_core=1
[cannsim_helper] insert instr failed rc=19 err=UNIQUE constraint failed: ExecutedInstructions.ExecInstrId exec_id=58033598365757 instr_id=262205 core=8 sub_core=2
[cannsim_helper] insert instr failed rc=19 err=UNIQUE constraint failed: ExecutedInstructions.ExecInstrId exec_id=57848914771617 instr_id=261793 core=29 sub_core=1
[cannsim_helper] insert instr failed rc=19 err=UNIQUE constraint failed: ExecutedInstructions.ExecInstrId exec_id=57793080208912 instr_id=273936 core=16 sub_core=1
[cannsim_helper] insert instr failed rc=19 err=UNIQUE constraint failed: ExecutedInstructions.ExecInstrId exec_id=58123792678979 instr_id=262211 core=29 sub_core=2
[cannsim_helper] insert instr failed rc=19 err=UNIQUE constraint failed: ExecutedInstructions.ExecInstrId exec_id=57758720458391 instr_id=261783 core=8 sub_core=1
[cannsim_helper] insert instr failed rc=19 err=UNIQUE constraint failed: ExecutedInstructions.ExecInstrId exec_id=57848914771619 instr_id=261795 core=29 sub_core=1
[cannsim_helper] insert instr failed rc=19 err=UNIQUE constraint failed: ExecutedInstructions.ExecInstrId exec_id=57793080208918 instr_id=273942 core=16 sub_core=1
[cannsim_helper] insert instr failed rc=19 err=UNIQUE constraint failed: ExecutedInstructions.ExecInstrId exec_id=57793080208920 instr_id=273944 core=16 sub_core=1
[cannsim_helper] insert instr failed rc=19 err=UNIQUE constraint failed: ExecutedInstructions.ExecInstrId exec_id=58123792678989 instr_id=262221 core=29 sub_core=2
[cannsim_helper] insert instr failed rc=19 err=UNIQUE constraint failed: ExecutedInstructions.ExecInstrId exec_id=58123792678992 instr_id=262224 core=29 sub_core=2
[cannsim_helper] insert instr failed rc=19 err=UNIQUE constraint failed: ExecutedInstructions.ExecInstrId exec_id=57840324850428 instr_id=275196 core=27 sub_core=1
[cannsim_helper] insert instr failed rc=19 err=UNIQUE constraint failed: ExecutedInstructions.ExecInstrId exec_id=58132382613897 instr_id=262537 core=31 sub_core=2
[cannsim_helper] insert instr failed rc=19 err=UNIQUE constraint failed: ExecutedInstructions.ExecInstrId exec_id=57853209752535 instr_id=275415 core=30 sub_core=1
[cannsim_helper] insert instr failed rc=19 err=UNIQUE constraint failed: ExecutedInstructions.ExecInstrId exec_id=57810260079362 instr_id=275202 core=20 sub_core=1
[cannsim_helper] insert instr failed rc=19 err=UNIQUE constraint failed: ExecutedInstructions.ExecInstrId exec_id=57810260079366 instr_id=275206 core=20 sub_core=1
[cannsim_helper] insert instr failed rc=19 err=UNIQUE constraint failed: ExecutedInstructions.ExecInstrId exec_id=57810260079370 instr_id=275210 core=20 sub_core=1
[cannsim_helper] insert instr failed rc=19 err=UNIQUE constraint failed: ExecutedInstructions.ExecInstrId exec_id=58063663137012 instr_id=262388 core=15 sub_core=2
[cannsim_helper] insert instr failed rc=19 err=UNIQUE constraint failed: ExecutedInstructions.ExecInstrId exec_id=58085137974092 instr_id=262988 core=20 sub_core=2
[cannsim_helper] insert instr failed rc=19 err=UNIQUE constraint failed: ExecutedInstructions.ExecInstrId exec_id=58063663137021 instr_id=262397 core=15 sub_core=2
[cannsim_helper] insert instr failed rc=19 err=UNIQUE constraint failed: ExecutedInstructions.ExecInstrId exec_id=58128087659870 instr_id=275806 core=30 sub_core=2
[cannsim_helper] insert instr failed rc=19 err=UNIQUE constraint failed: ExecutedInstructions.ExecInstrId exec_id=58063663137024 instr_id=262400 core=15 sub_core=2
[cannsim_helper] insert instr failed rc=19 err=UNIQUE constraint failed: ExecutedInstructions.ExecInstrId exec_id=57767310394394 instr_id=263194 core=10 sub_core=1
[cannsim_helper] insert instr failed rc=19 err=UNIQUE constraint failed: ExecutedInstructions.ExecInstrId exec_id=58128087659872 instr_id=275808 core=30 sub_core=2
[cannsim_helper] insert instr failed rc=19 err=UNIQUE constraint failed: ExecutedInstructions.ExecInstrId exec_id=58128087659876 instr_id=275812 core=30 sub_core=2
[cannsim_helper] insert instr failed rc=19 err=UNIQUE constraint failed: ExecutedInstructions.ExecInstrId exec_id=58085137988093 instr_id=276989 core=20 sub_core=2
[cannsim_helper] insert instr failed rc=19 err=UNIQUE constraint failed: ExecutedInstructions.ExecInstrId exec_id=57857504721481 instr_id=277065 core=31 sub_core=1
[cannsim_helper] insert instr failed rc=19 err=UNIQUE constraint failed: ExecutedInstructions.ExecInstrId exec_id=57831734917836 instr_id=277196 core=25 sub_core=1
[cannsim_helper] insert instr failed rc=19 err=UNIQUE constraint failed: ExecutedInstructions.ExecInstrId exec_id=57857504721485 instr_id=277069 core=31 sub_core=1
[cannsim_helper] insert instr failed rc=19 err=UNIQUE constraint failed: ExecutedInstructions.ExecInstrId exec_id=57857504721489 instr_id=277073 core=31 sub_core=1
[cannsim_helper] insert instr failed rc=19 err=UNIQUE constraint failed: ExecutedInstructions.ExecInstrId exec_id=58072253086892 instr_id=277676 core=17 sub_core=2
[cannsim_helper] insert instr failed rc=19 err=UNIQUE constraint failed: ExecutedInstructions.ExecInstrId exec_id=58132382614762 instr_id=263402 core=31 sub_core=2
[cannsim_helper] insert instr failed rc=19 err=UNIQUE constraint failed: ExecutedInstructions.ExecInstrId exec_id=58076548039808 instr_id=263296 core=18 sub_core=2
[cannsim_helper] insert instr failed rc=19 err=UNIQUE constraint failed: ExecutedInstructions.ExecInstrId exec_id=58050778236474 instr_id=263738 core=12 sub_core=2
[cannsim_helper] insert instr failed rc=19 err=UNIQUE constraint failed: ExecutedInstructions.ExecInstrId exec_id=58033598366839 instr_id=263287 core=8 sub_core=2
[cannsim_helper] insert instr failed rc=19 err=UNIQUE constraint failed: ExecutedInstructions.ExecInstrId exec_id=58029303400054 instr_id=263798 core=7 sub_core=2
[cannsim_helper] insert instr failed rc=19 err=UNIQUE constraint failed: ExecutedInstructions.ExecInstrId exec_id=58076548039813 instr_id=263301 core=18 sub_core=2
[cannsim_helper] insert instr failed rc=19 err=UNIQUE constraint failed: ExecutedInstructions.ExecInstrId exec_id=58076548039817 instr_id=263305 core=18 sub_core=2
[cannsim_helper] insert instr failed rc=19 err=UNIQUE constraint failed: ExecutedInstructions.ExecInstrId exec_id=58033598366850 instr_id=263298 core=8 sub_core=2
[cannsim_helper] insert instr failed rc=19 err=UNIQUE constraint failed: ExecutedInstructions.ExecInstrId exec_id=58033598366854 instr_id=263302 core=8 sub_core=2
[cannsim_helper] insert instr failed rc=19 err=UNIQUE constraint failed: ExecutedInstructions.ExecInstrId exec_id=57827439951616 instr_id=278272 core=24 sub_core=1
[cannsim_helper] insert instr failed rc=19 err=UNIQUE constraint failed: ExecutedInstructions.ExecInstrId exec_id=58106612811581 instr_id=263997 core=25 sub_core=2
[cannsim_helper] insert instr failed rc=19 err=UNIQUE constraint failed: ExecutedInstructions.ExecInstrId exec_id=57805965115299 instr_id=278435 core=19 sub_core=1
[cannsim_helper] insert instr failed rc=19 err=UNIQUE constraint failed: ExecutedInstructions.ExecInstrId exec_id=57818850002888 instr_id=264136 core=22 sub_core=1
[cannsim_helper] insert instr failed rc=19 err=UNIQUE constraint failed: ExecutedInstructions.ExecInstrId exec_id=57767310395189 instr_id=263989 core=10 sub_core=1
[cannsim_helper] insert instr failed rc=19 err=UNIQUE constraint failed: ExecutedInstructions.ExecInstrId exec_id=57831734904922 instr_id=264282 core=25 sub_core=1
[cannsim_helper] insert instr failed rc=19 err=UNIQUE constraint failed: ExecutedInstructions.ExecInstrId exec_id=58085137989449 instr_id=278345 core=20 sub_core=2
[cannsim_helper] insert instr failed rc=19 err=UNIQUE constraint failed: ExecutedInstructions.ExecInstrId exec_id=58085137989457 instr_id=278353 core=20 sub_core=2
[cannsim_helper] insert instr failed rc=19 err=UNIQUE constraint failed: ExecutedInstructions.ExecInstrId exec_id=58085137989464 instr_id=278360 core=20 sub_core=2
[cannsim_helper] insert instr failed rc=19 err=UNIQUE constraint failed: ExecutedInstructions.ExecInstrId exec_id=57853209756373 instr_id=279253 core=30 sub_core=1
[cannsim_helper] insert instr failed rc=19 err=UNIQUE constraint failed: ExecutedInstructions.ExecInstrId exec_id=58050778237195 instr_id=264459 core=12 sub_core=2
[cannsim_helper] insert instr failed rc=19 err=UNIQUE constraint failed: ExecutedInstructions.ExecInstrId exec_id=58072253088290 instr_id=279074 core=17 sub_core=2
[cannsim_helper] insert instr failed rc=19 err=UNIQUE constraint failed: ExecutedInstructions.ExecInstrId exec_id=58029303400818 instr_id=264562 core=7 sub_core=2
[cannsim_helper] insert instr failed rc=19 err=UNIQUE constraint failed: ExecutedInstructions.ExecInstrId exec_id=58085137975988 instr_id=264884 core=20 sub_core=2
[cannsim_helper] insert instr failed rc=19 err=UNIQUE constraint failed: ExecutedInstructions.ExecInstrId exec_id=58072253088292 instr_id=279076 core=17 sub_core=2
[cannsim_helper] insert instr failed rc=19 err=UNIQUE constraint failed: ExecutedInstructions.ExecInstrId exec_id=58072253088294 instr_id=279078 core=17 sub_core=2
[cannsim_helper] insert instr failed rc=19 err=UNIQUE constraint failed: ExecutedInstructions.ExecInstrId exec_id=57801670134540 instr_id=264972 core=18 sub_core=1
[cannsim_helper] insert instr failed rc=19 err=UNIQUE constraint failed: ExecutedInstructions.ExecInstrId exec_id=58132382615777 instr_id=264417 core=31 sub_core=2
[cannsim_helper] insert instr failed rc=19 err=UNIQUE constraint failed: ExecutedInstructions.ExecInstrId exec_id=58132382615783 instr_id=264423 core=31 sub_core=2
[cannsim_helper] insert instr failed rc=19 err=UNIQUE constraint failed: ExecutedInstructions.ExecInstrId exec_id=57805965116391 instr_id=279527 core=19 sub_core=1
[cannsim_helper] insert instr failed rc=19 err=UNIQUE constraint failed: ExecutedInstructions.ExecInstrId exec_id=58106612812385 instr_id=264801 core=25 sub_core=2
[cannsim_helper] insert instr failed rc=19 err=UNIQUE constraint failed: ExecutedInstructions.ExecInstrId exec_id=58132382615786 instr_id=264426 core=31 sub_core=2
[cannsim_helper] insert instr failed rc=19 err=UNIQUE constraint failed: ExecutedInstructions.ExecInstrId exec_id=57827439952946 instr_id=279602 core=24 sub_core=1
[cannsim_helper] insert instr failed rc=19 err=UNIQUE constraint failed: ExecutedInstructions.ExecInstrId exec_id=58098022893094 instr_id=280102 core=23 sub_core=2
[cannsim_helper] insert instr failed rc=19 err=UNIQUE constraint failed: ExecutedInstructions.ExecInstrId exec_id=57831734906065 instr_id=265425 core=25 sub_core=1
[cannsim_helper] insert instr failed rc=19 err=UNIQUE constraint failed: ExecutedInstructions.ExecInstrId exec_id=57827439952952 instr_id=279608 core=24 sub_core=1
[cannsim_helper] insert instr failed rc=19 err=UNIQUE constraint failed: ExecutedInstructions.ExecInstrId exec_id=57827439952957 instr_id=279613 core=24 sub_core=1
[cannsim_helper] insert instr failed rc=19 err=UNIQUE constraint failed: ExecutedInstructions.ExecInstrId exec_id=58102317845845 instr_id=265557 core=24 sub_core=2
[cannsim_helper] insert instr failed rc=19 err=UNIQUE constraint failed: ExecutedInstructions.ExecInstrId exec_id=58080843024262 instr_id=280454 core=19 sub_core=2
[cannsim_helper] insert instr failed rc=19 err=UNIQUE constraint failed: ExecutedInstructions.ExecInstrId exec_id=57767310396337 instr_id=265137 core=10 sub_core=1
[cannsim_helper] insert instr failed rc=19 err=UNIQUE constraint failed: ExecutedInstructions.ExecInstrId exec_id=57767310396344 instr_id=265144 core=10 sub_core=1
[cannsim_helper] insert instr failed rc=19 err=UNIQUE constraint failed: ExecutedInstructions.ExecInstrId exec_id=57767310396346 instr_id=265146 core=10 sub_core=1
[cannsim_helper] insert instr failed rc=19 err=UNIQUE constraint failed: ExecutedInstructions.ExecInstrId exec_id=57827439939432 instr_id=266088 core=24 sub_core=1
[cannsim_helper] insert instr failed rc=19 err=UNIQUE constraint failed: ExecutedInstructions.ExecInstrId exec_id=58050778238321 instr_id=265585 core=12 sub_core=2
[cannsim_helper] insert instr failed rc=19 err=UNIQUE constraint failed: ExecutedInstructions.ExecInstrId exec_id=57853209757576 instr_id=280456 core=30 sub_core=1
[cannsim_helper] insert instr failed rc=19 err=UNIQUE constraint failed: ExecutedInstructions.ExecInstrId exec_id=57823144987081 instr_id=281033 core=23 sub_core=1
[cannsim_helper] insert instr failed rc=19 err=UNIQUE constraint failed: ExecutedInstructions.ExecInstrId exec_id=58029303401946 instr_id=265690 core=7 sub_core=2
[cannsim_helper] insert instr failed rc=19 err=UNIQUE constraint failed: ExecutedInstructions.ExecInstrId exec_id=58050778238323 instr_id=265587 core=12 sub_core=2
[cannsim_helper] insert instr failed rc=19 err=UNIQUE constraint failed: ExecutedInstructions.ExecInstrId exec_id=58050778238325 instr_id=265589 core=12 sub_core=2
[cannsim_helper] insert instr failed rc=19 err=UNIQUE constraint failed: ExecutedInstructions.ExecInstrId exec_id=57853209757583 instr_id=280463 core=30 sub_core=1
[cannsim_helper] insert instr failed rc=19 err=UNIQUE constraint failed: ExecutedInstructions.ExecInstrId exec_id=57853209757590 instr_id=280470 core=30 sub_core=1
[cannsim_helper] insert instr failed rc=19 err=UNIQUE constraint failed: ExecutedInstructions.ExecInstrId exec_id=57793080201293 instr_id=266317 core=16 sub_core=1
[cannsim_helper] insert instr failed rc=19 err=UNIQUE constraint failed: ExecutedInstructions.ExecInstrId exec_id=58029303401952 instr_id=265696 core=7 sub_core=2
[cannsim_helper] insert instr failed rc=19 err=UNIQUE constraint failed: ExecutedInstructions.ExecInstrId exec_id=58029303401959 instr_id=265703 core=7 sub_core=2
[cannsim_helper] insert instr failed rc=19 err=UNIQUE constraint failed: ExecutedInstructions.ExecInstrId exec_id=57836029874333 instr_id=266397 core=26 sub_core=1
[cannsim_helper] insert instr failed rc=19 err=UNIQUE constraint failed: ExecutedInstructions.ExecInstrId exec_id=58106612813595 instr_id=266011 core=25 sub_core=2
[cannsim_helper] insert instr failed rc=19 err=UNIQUE constraint failed: ExecutedInstructions.ExecInstrId exec_id=58106612813597 instr_id=266013 core=25 sub_core=2
[cannsim_helper] insert instr failed rc=19 err=UNIQUE constraint failed: ExecutedInstructions.ExecInstrId exec_id=58106612813599 instr_id=266015 core=25 sub_core=2
[cannsim_helper] insert instr failed rc=19 err=UNIQUE constraint failed: ExecutedInstructions.ExecInstrId exec_id=57805965117701 instr_id=280837 core=19 sub_core=1
[cannsim_helper] insert instr failed rc=19 err=UNIQUE constraint failed: ExecutedInstructions.ExecInstrId exec_id=57831734907228 instr_id=266588 core=25 sub_core=1
[cannsim_helper] insert instr failed rc=19 err=UNIQUE constraint failed: ExecutedInstructions.ExecInstrId exec_id=57805965117706 instr_id=280842 core=19 sub_core=1
[cannsim_helper] insert instr failed rc=19 err=UNIQUE constraint failed: ExecutedInstructions.ExecInstrId exec_id=58119497731385 instr_id=281913 core=28 sub_core=2
[cannsim_helper] insert instr failed rc=19 err=UNIQUE constraint failed: ExecutedInstructions.ExecInstrId exec_id=57840324857136 instr_id=281904 core=27 sub_core=1
[cannsim_helper] insert instr failed rc=19 err=UNIQUE constraint failed: ExecutedInstructions.ExecInstrId exec_id=57805965117716 instr_id=280852 core=19 sub_core=1
[cannsim_helper] insert instr failed rc=19 err=UNIQUE constraint failed: ExecutedInstructions.ExecInstrId exec_id=57831734907230 instr_id=266590 core=25 sub_core=1
[cannsim_helper] insert instr failed rc=19 err=UNIQUE constraint failed: ExecutedInstructions.ExecInstrId exec_id=58098022894410 instr_id=281418 core=23 sub_core=2
[cannsim_helper] insert instr failed rc=19 err=UNIQUE constraint failed: ExecutedInstructions.ExecInstrId exec_id=57831734907233 instr_id=266593 core=25 sub_core=1
[cannsim_helper] insert instr failed rc=19 err=UNIQUE constraint failed: ExecutedInstructions.ExecInstrId exec_id=58098022894413 instr_id=281421 core=23 sub_core=2
[cannsim_helper] insert instr failed rc=19 err=UNIQUE constraint failed: ExecutedInstructions.ExecInstrId exec_id=58098022894416 instr_id=281424 core=23 sub_core=2
[cannsim_helper] insert instr failed rc=19 err=UNIQUE constraint failed: ExecutedInstructions.ExecInstrId exec_id=58080843025723 instr_id=281915 core=19 sub_core=2
[cannsim_helper] insert instr failed rc=19 err=UNIQUE constraint failed: ExecutedInstructions.ExecInstrId exec_id=58080843025726 instr_id=281918 core=19 sub_core=2
[cannsim_helper] insert instr failed rc=19 err=UNIQUE constraint failed: ExecutedInstructions.ExecInstrId exec_id=57793080202086 instr_id=267110 core=16 sub_core=1
[cannsim_helper] insert instr failed rc=19 err=UNIQUE constraint failed: ExecutedInstructions.ExecInstrId exec_id=58080843025730 instr_id=281922 core=19 sub_core=2
[cannsim_helper] insert instr failed rc=19 err=UNIQUE constraint failed: ExecutedInstructions.ExecInstrId exec_id=58102317847641 instr_id=267353 core=24 sub_core=2
[cannsim_helper] insert instr failed rc=19 err=UNIQUE constraint failed: ExecutedInstructions.ExecInstrId exec_id=57797375185139 instr_id=282867 core=17 sub_core=1
[cannsim_helper] insert instr failed rc=19 err=UNIQUE constraint failed: ExecutedInstructions.ExecInstrId exec_id=58080843011324 instr_id=267516 core=19 sub_core=2
[cannsim_helper] insert instr failed rc=19 err=UNIQUE constraint failed: ExecutedInstructions.ExecInstrId exec_id=57823144988693 instr_id=282645 core=23 sub_core=1
[cannsim_helper] insert instr failed rc=19 err=UNIQUE constraint failed: ExecutedInstructions.ExecInstrId exec_id=57836029875295 instr_id=267359 core=26 sub_core=1
[cannsim_helper] insert instr failed rc=19 err=UNIQUE constraint failed: ExecutedInstructions.ExecInstrId exec_id=57823144988695 instr_id=282647 core=23 sub_core=1
[cannsim_helper] insert instr failed rc=19 err=UNIQUE constraint failed: ExecutedInstructions.ExecInstrId exec_id=57836029875297 instr_id=267361 core=26 sub_core=1
[cannsim_helper] insert instr failed rc=19 err=UNIQUE constraint failed: ExecutedInstructions.ExecInstrId exec_id=57823144988702 instr_id=282654 core=23 sub_core=1
[cannsim_helper] insert instr failed rc=19 err=UNIQUE constraint failed: ExecutedInstructions.ExecInstrId exec_id=57836029875299 instr_id=267363 core=26 sub_core=1
[cannsim_helper] insert instr failed rc=19 err=UNIQUE constraint failed: ExecutedInstructions.ExecInstrId exec_id=57818850006696 instr_id=267944 core=22 sub_core=1
[cannsim_helper] insert instr failed rc=19 err=UNIQUE constraint failed: ExecutedInstructions.ExecInstrId exec_id=57840324858781 instr_id=283549 core=27 sub_core=1
[cannsim_helper] insert instr failed rc=19 err=UNIQUE constraint failed: ExecutedInstructions.ExecInstrId exec_id=58089432962836 instr_id=284436 core=21 sub_core=2
[cannsim_helper] insert instr failed rc=19 err=UNIQUE constraint failed: ExecutedInstructions.ExecInstrId exec_id=57840324858791 instr_id=283559 core=27 sub_core=1
[cannsim_helper] insert instr failed rc=19 err=UNIQUE constraint failed: ExecutedInstructions.ExecInstrId exec_id=57840324858800 instr_id=283568 core=27 sub_core=1
[cannsim_helper] insert instr failed rc=19 err=UNIQUE constraint failed: ExecutedInstructions.ExecInstrId exec_id=57797375186504 instr_id=284232 core=17 sub_core=1
[cannsim_helper] insert instr failed rc=19 err=UNIQUE constraint failed: ExecutedInstructions.ExecInstrId exec_id=57793080203058 instr_id=268082 core=16 sub_core=1
[cannsim_helper] insert instr failed rc=19 err=UNIQUE constraint failed: ExecutedInstructions.ExecInstrId exec_id=58102317848623 instr_id=268335 core=24 sub_core=2
[cannsim_helper] insert instr failed rc=19 err=UNIQUE constraint failed: ExecutedInstructions.ExecInstrId exec_id=57793080203060 instr_id=268084 core=16 sub_core=1
[cannsim_helper] insert instr failed rc=19 err=UNIQUE constraint failed: ExecutedInstructions.ExecInstrId exec_id=57793080203062 instr_id=268086 core=16 sub_core=1
[cannsim_helper] insert instr failed rc=19 err=UNIQUE constraint failed: ExecutedInstructions.ExecInstrId exec_id=58085137979928 instr_id=268824 core=20 sub_core=2
[cannsim_helper] insert instr failed rc=19 err=UNIQUE constraint failed: ExecutedInstructions.ExecInstrId exec_id=58102317848630 instr_id=268342 core=24 sub_core=2
[cannsim_helper] insert instr failed rc=19 err=UNIQUE constraint failed: ExecutedInstructions.ExecInstrId exec_id=58102317848635 instr_id=268347 core=24 sub_core=2
[cannsim_helper] insert instr failed rc=19 err=UNIQUE constraint failed: ExecutedInstructions.ExecInstrId exec_id=58085137979930 instr_id=268826 core=20 sub_core=2
[cannsim_helper] insert instr failed rc=19 err=UNIQUE constraint failed: ExecutedInstructions.ExecInstrId exec_id=58085137979932 instr_id=268828 core=20 sub_core=2
[cannsim_helper] insert instr failed rc=19 err=UNIQUE constraint failed: ExecutedInstructions.ExecInstrId exec_id=57801670138569 instr_id=269001 core=18 sub_core=1
[cannsim_helper] insert instr failed rc=19 err=UNIQUE constraint failed: ExecutedInstructions.ExecInstrId exec_id=57823144975053 instr_id=269005 core=23 sub_core=1
[cannsim_helper] insert instr failed rc=19 err=UNIQUE constraint failed: ExecutedInstructions.ExecInstrId exec_id=57831734926032 instr_id=285392 core=25 sub_core=1
[cannsim_helper] insert instr failed rc=19 err=UNIQUE constraint failed: ExecutedInstructions.ExecInstrId exec_id=58102317865855 instr_id=285567 core=24 sub_core=2
[cannsim_helper] insert instr failed rc=19 err=UNIQUE constraint failed: ExecutedInstructions.ExecInstrId exec_id=57818850007706 instr_id=268954 core=22 sub_core=1
[cannsim_helper] insert instr failed rc=19 err=UNIQUE constraint failed: ExecutedInstructions.ExecInstrId exec_id=58098022882214 instr_id=269222 core=23 sub_core=2
[cannsim_helper] insert instr failed rc=19 err=UNIQUE constraint failed: ExecutedInstructions.ExecInstrId exec_id=57814555057201 instr_id=285745 core=21 sub_core=1
[cannsim_helper] insert instr failed rc=19 err=UNIQUE constraint failed: ExecutedInstructions.ExecInstrId exec_id=57818850007708 instr_id=268956 core=22 sub_core=1
[cannsim_helper] insert instr failed rc=19 err=UNIQUE constraint failed: ExecutedInstructions.ExecInstrId exec_id=57818850007710 instr_id=268958 core=22 sub_core=1
[cannsim_helper] insert instr failed rc=19 err=UNIQUE constraint failed: ExecutedInstructions.ExecInstrId exec_id=57724360727659 instr_id=269419 core=0 sub_core=1
[cannsim_helper] insert instr failed rc=19 err=UNIQUE constraint failed: ExecutedInstructions.ExecInstrId exec_id=57797375188056 instr_id=285784 core=17 sub_core=1
[cannsim_helper] insert instr failed rc=19 err=UNIQUE constraint failed: ExecutedInstructions.ExecInstrId exec_id=57797375188063 instr_id=285791 core=17 sub_core=1
[cannsim_helper] insert instr failed rc=19 err=UNIQUE constraint failed: ExecutedInstructions.ExecInstrId exec_id=57797375188065 instr_id=285793 core=17 sub_core=1
[cannsim_helper] insert instr failed rc=19 err=UNIQUE constraint failed: ExecutedInstructions.ExecInstrId exec_id=58102317866989 instr_id=286701 core=24 sub_core=2
[cannsim_helper] insert instr failed rc=19 err=UNIQUE constraint failed: ExecutedInstructions.ExecInstrId exec_id=58093727932995 instr_id=287299 core=22 sub_core=2
[cannsim_helper] insert instr failed rc=19 err=UNIQUE constraint failed: ExecutedInstructions.ExecInstrId exec_id=58123792704057 instr_id=287289 core=29 sub_core=2
[cannsim_helper] insert instr failed rc=19 err=UNIQUE constraint failed: ExecutedInstructions.ExecInstrId exec_id=57814555058871 instr_id=287415 core=21 sub_core=1
[cannsim_helper] insert instr failed rc=19 err=UNIQUE constraint failed: ExecutedInstructions.ExecInstrId exec_id=58012123537117 instr_id=270045 core=3 sub_core=2
[cannsim_helper] insert instr failed rc=19 err=UNIQUE constraint failed: ExecutedInstructions.ExecInstrId exec_id=57831734927467 instr_id=286827 core=25 sub_core=1
[cannsim_helper] insert instr failed rc=19 err=UNIQUE constraint failed: ExecutedInstructions.ExecInstrId exec_id=58003533620037 instr_id=287557 core=1 sub_core=2
[cannsim_helper] insert instr failed rc=19 err=UNIQUE constraint failed: ExecutedInstructions.ExecInstrId exec_id=58072253079338 instr_id=270122 core=17 sub_core=2
[cannsim_helper] insert instr failed rc=19 err=UNIQUE constraint failed: ExecutedInstructions.ExecInstrId exec_id=57831734927479 instr_id=286839 core=25 sub_core=1
[cannsim_helper] insert instr failed rc=19 err=UNIQUE constraint failed: ExecutedInstructions.ExecInstrId exec_id=57831734927485 instr_id=286845 core=25 sub_core=1
[cannsim_helper] insert instr failed rc=19 err=UNIQUE constraint failed: ExecutedInstructions.ExecInstrId exec_id=57801670139373 instr_id=269805 core=18 sub_core=1
[cannsim_helper] insert instr failed rc=19 err=UNIQUE constraint failed: ExecutedInstructions.ExecInstrId exec_id=58098022883200 instr_id=270208 core=23 sub_core=2
[cannsim_helper] insert instr failed rc=19 err=UNIQUE constraint failed: ExecutedInstructions.ExecInstrId exec_id=57801670139383 instr_id=269815 core=18 sub_core=1
[cannsim_helper] insert instr failed rc=19 err=UNIQUE constraint failed: ExecutedInstructions.ExecInstrId exec_id=57801670139385 instr_id=269817 core=18 sub_core=1
[cannsim_helper] insert instr failed rc=19 err=UNIQUE constraint failed: ExecutedInstructions.ExecInstrId exec_id=58003533602953 instr_id=270473 core=1 sub_core=2
[cannsim_helper] insert instr failed rc=19 err=UNIQUE constraint failed: ExecutedInstructions.ExecInstrId exec_id=58093727934316 instr_id=288620 core=22 sub_core=2
[cannsim_helper] insert instr failed rc=19 err=UNIQUE constraint failed: ExecutedInstructions.ExecInstrId exec_id=58102317868775 instr_id=288487 core=24 sub_core=2
[cannsim_helper] insert instr failed rc=19 err=UNIQUE constraint failed: ExecutedInstructions.ExecInstrId exec_id=58102317868782 instr_id=288494 core=24 sub_core=2
[cannsim_helper] insert instr failed rc=19 err=UNIQUE constraint failed: ExecutedInstructions.ExecInstrId exec_id=58123792705757 instr_id=288989 core=29 sub_core=2
[cannsim_helper] insert instr failed rc=19 err=UNIQUE constraint failed: ExecutedInstructions.ExecInstrId exec_id=58102317868789 instr_id=288501 core=24 sub_core=2
[cannsim_helper] insert instr failed rc=19 err=UNIQUE constraint failed: ExecutedInstructions.ExecInstrId exec_id=57814555060533 instr_id=289077 core=21 sub_core=1
[cannsim_helper] insert instr failed rc=19 err=UNIQUE constraint failed: ExecutedInstructions.ExecInstrId exec_id=58123792705761 instr_id=288993 core=29 sub_core=2
[cannsim_helper] insert instr failed rc=19 err=UNIQUE constraint failed: ExecutedInstructions.ExecInstrId exec_id=58123792705764 instr_id=288996 core=29 sub_core=2
[cannsim_helper] insert instr failed rc=19 err=UNIQUE constraint failed: ExecutedInstructions.ExecInstrId exec_id=57814555060547 instr_id=289091 core=21 sub_core=1
[cannsim_helper] insert instr failed rc=19 err=UNIQUE constraint failed: ExecutedInstructions.ExecInstrId exec_id=58016418524215 instr_id=289847 core=4 sub_core=2
[cannsim_helper] insert instr failed rc=19 err=UNIQUE constraint failed: ExecutedInstructions.ExecInstrId exec_id=57814555060551 instr_id=289095 core=21 sub_core=1
[cannsim_helper] insert instr failed rc=19 err=UNIQUE constraint failed: ExecutedInstructions.ExecInstrId exec_id=57848914799887 instr_id=290063 core=29 sub_core=1
[cannsim_helper] insert instr failed rc=19 err=UNIQUE constraint failed: ExecutedInstructions.ExecInstrId exec_id=57836029898757 instr_id=290821 core=26 sub_core=1
[cannsim_helper] insert instr failed rc=19 err=UNIQUE constraint failed: ExecutedInstructions.ExecInstrId exec_id=58067958132846 instr_id=290926 core=16 sub_core=2
[cannsim_helper] insert instr failed rc=19 err=UNIQUE constraint failed: ExecutedInstructions.ExecInstrId exec_id=57823144976924 instr_id=270876 core=23 sub_core=1
[cannsim_helper] insert instr failed rc=19 err=UNIQUE constraint failed: ExecutedInstructions.ExecInstrId exec_id=58093727936082 instr_id=290386 core=22 sub_core=2
[cannsim_helper] insert instr failed rc=19 err=UNIQUE constraint failed: ExecutedInstructions.ExecInstrId exec_id=58093727936088 instr_id=290392 core=22 sub_core=2
[cannsim_helper] insert instr failed rc=19 err=UNIQUE constraint failed: ExecutedInstructions.ExecInstrId exec_id=58093727936093 instr_id=290397 core=22 sub_core=2
[cannsim_helper] insert instr failed rc=19 err=UNIQUE constraint failed: ExecutedInstructions.ExecInstrId exec_id=57801670161849 instr_id=292281 core=18 sub_core=1
[cannsim_helper] insert instr failed rc=19 err=UNIQUE constraint failed: ExecutedInstructions.ExecInstrId exec_id=57848914801647 instr_id=291823 core=29 sub_core=1
[cannsim_helper] insert instr failed rc=19 err=UNIQUE constraint failed: ExecutedInstructions.ExecInstrId exec_id=57848914801651 instr_id=291827 core=29 sub_core=1
[cannsim_helper] insert instr failed rc=19 err=UNIQUE constraint failed: ExecutedInstructions.ExecInstrId exec_id=57848914801658 instr_id=291834 core=29 sub_core=1
[cannsim_helper] insert instr failed rc=19 err=UNIQUE constraint failed: ExecutedInstructions.ExecInstrId exec_id=57836029900567 instr_id=292631 core=26 sub_core=1
[cannsim_helper] insert instr failed rc=19 err=UNIQUE constraint failed: ExecutedInstructions.ExecInstrId exec_id=58067958134673 instr_id=292753 core=16 sub_core=2
[cannsim_helper] insert instr failed rc=19 err=UNIQUE constraint failed: ExecutedInstructions.ExecInstrId exec_id=57836029900570 instr_id=292634 core=26 sub_core=1
[cannsim_helper] insert instr failed rc=19 err=UNIQUE constraint failed: ExecutedInstructions.ExecInstrId exec_id=57836029900574 instr_id=292638 core=26 sub_core=1
[cannsim_helper] insert instr failed rc=19 err=UNIQUE constraint failed: ExecutedInstructions.ExecInstrId exec_id=58067958134675 instr_id=292755 core=16 sub_core=2
[cannsim_helper] insert instr failed rc=19 err=UNIQUE constraint failed: ExecutedInstructions.ExecInstrId exec_id=58067958134677 instr_id=292757 core=16 sub_core=2
[cannsim_helper] insert instr failed rc=19 err=UNIQUE constraint failed: ExecutedInstructions.ExecInstrId exec_id=57728655719300 instr_id=293764 core=1 sub_core=1
[cannsim_helper] insert instr failed rc=19 err=UNIQUE constraint failed: ExecutedInstructions.ExecInstrId exec_id=58119497743480 instr_id=294008 core=28 sub_core=2
[cannsim_helper] insert instr failed rc=19 err=UNIQUE constraint failed: ExecutedInstructions.ExecInstrId exec_id=58080843015120 instr_id=271312 core=19 sub_core=2
[cannsim_helper] insert instr failed rc=19 err=UNIQUE constraint failed: ExecutedInstructions.ExecInstrId exec_id=58012123561592 instr_id=294520 core=3 sub_core=2
[cannsim_helper] insert instr failed rc=19 err=UNIQUE constraint failed: ExecutedInstructions.ExecInstrId exec_id=57801670163537 instr_id=293969 core=18 sub_core=1
[cannsim_helper] insert instr failed rc=19 err=UNIQUE constraint failed: ExecutedInstructions.ExecInstrId exec_id=57827439944752 instr_id=271408 core=24 sub_core=1
[cannsim_helper] insert instr failed rc=19 err=UNIQUE constraint failed: ExecutedInstructions.ExecInstrId exec_id=57801670163543 instr_id=293975 core=18 sub_core=1
[cannsim_helper] insert instr failed rc=19 err=UNIQUE constraint failed: ExecutedInstructions.ExecInstrId exec_id=57801670163548 instr_id=293980 core=18 sub_core=1
[cannsim_helper] insert instr failed rc=19 err=UNIQUE constraint failed: ExecutedInstructions.ExecInstrId exec_id=58089432973686 instr_id=295286 core=21 sub_core=2
[cannsim_helper] insert instr failed rc=19 err=UNIQUE constraint failed: ExecutedInstructions.ExecInstrId exec_id=57827439944759 instr_id=271415 core=24 sub_core=1
[cannsim_helper] insert instr failed rc=19 err=UNIQUE constraint failed: ExecutedInstructions.ExecInstrId exec_id=57827439944763 instr_id=271419 core=24 sub_core=1
[cannsim_helper] insert instr failed rc=19 err=UNIQUE constraint failed: ExecutedInstructions.ExecInstrId exec_id=58042188334687 instr_id=296543 core=10 sub_core=2
[cannsim_helper] insert instr failed rc=19 err=UNIQUE constraint failed: ExecutedInstructions.ExecInstrId exec_id=58128087655782 instr_id=271718 core=30 sub_core=2
[cannsim_helper] insert instr failed rc=19 err=UNIQUE constraint failed: ExecutedInstructions.ExecInstrId exec_id=58119497745795 instr_id=296323 core=28 sub_core=2
[cannsim_helper] insert instr failed rc=19 err=UNIQUE constraint failed: ExecutedInstructions.ExecInstrId exec_id=58119497745797 instr_id=296325 core=28 sub_core=2
[cannsim_helper] insert instr failed rc=19 err=UNIQUE constraint failed: ExecutedInstructions.ExecInstrId exec_id=58119497745799 instr_id=296327 core=28 sub_core=2
[cannsim_helper] insert instr failed rc=19 err=UNIQUE constraint failed: ExecutedInstructions.ExecInstrId exec_id=58029303435115 instr_id=298859 core=7 sub_core=2
[cannsim_helper] insert instr failed rc=19 err=UNIQUE constraint failed: ExecutedInstructions.ExecInstrId exec_id=58089432976539 instr_id=298139 core=21 sub_core=2
[cannsim_helper] insert instr failed rc=19 err=UNIQUE constraint failed: ExecutedInstructions.ExecInstrId exec_id=58089432976544 instr_id=298144 core=21 sub_core=2
[cannsim_helper] insert instr failed rc=19 err=UNIQUE constraint failed: ExecutedInstructions.ExecInstrId exec_id=58089432976550 instr_id=298150 core=21 sub_core=2
[cannsim_helper] insert instr failed rc=19 err=UNIQUE constraint failed: ExecutedInstructions.ExecInstrId exec_id=57844619814411 instr_id=271883 core=28 sub_core=1
[cannsim_helper] insert instr failed rc=19 err=UNIQUE constraint failed: ExecutedInstructions.ExecInstrId exec_id=57754425529817 instr_id=300505 core=7 sub_core=1
[cannsim_helper] insert instr failed rc=19 err=UNIQUE constraint failed: ExecutedInstructions.ExecInstrId exec_id=58003533631635 instr_id=299155 core=1 sub_core=2
[cannsim_helper] insert instr failed rc=19 err=UNIQUE constraint failed: ExecutedInstructions.ExecInstrId exec_id=58098022884414 instr_id=271422 core=23 sub_core=2
[cannsim_helper] insert instr failed rc=19 err=UNIQUE constraint failed: ExecutedInstructions.ExecInstrId exec_id=57737245661909 instr_id=301781 core=3 sub_core=1
[cannsim_helper] insert instr failed rc=19 err=UNIQUE constraint failed: ExecutedInstructions.ExecInstrId exec_id=57771605402306 instr_id=303810 core=11 sub_core=1
[cannsim_helper] insert instr failed rc=19 err=UNIQUE constraint failed: ExecutedInstructions.ExecInstrId exec_id=57732950696737 instr_id=303905 core=2 sub_core=1
[cannsim_helper] insert instr failed rc=19 err=UNIQUE constraint failed: ExecutedInstructions.ExecInstrId exec_id=57999238637288 instr_id=272104 core=0 sub_core=2
[cannsim_helper] insert instr failed rc=19 err=UNIQUE constraint failed: ExecutedInstructions.ExecInstrId exec_id=58098022884420 instr_id=271428 core=23 sub_core=2
[cannsim_helper] insert instr failed rc=19 err=UNIQUE constraint failed: ExecutedInstructions.ExecInstrId exec_id=57728655697654 instr_id=272118 core=1 sub_core=1
[cannsim_helper] insert instr failed rc=19 err=UNIQUE constraint failed: ExecutedInstructions.ExecInstrId exec_id=58098022884429 instr_id=271437 core=23 sub_core=2
[cannsim_helper] insert instr failed rc=19 err=UNIQUE constraint failed: ExecutedInstructions.ExecInstrId exec_id=58016418537454 instr_id=303086 core=4 sub_core=2
[cannsim_helper] insert instr failed rc=19 err=UNIQUE constraint failed: ExecutedInstructions.ExecInstrId exec_id=58007828605474 instr_id=305698 core=2 sub_core=2
[cannsim_helper] insert instr failed rc=19 err=UNIQUE constraint failed: ExecutedInstructions.ExecInstrId exec_id=57763015473891 instr_id=309987 core=9 sub_core=1
[cannsim_helper] insert instr failed rc=19 err=UNIQUE constraint failed: ExecutedInstructions.ExecInstrId exec_id=58033598414997 instr_id=311445 core=8 sub_core=2
[cannsim_helper] insert instr failed rc=19 err=UNIQUE constraint failed: ExecutedInstructions.ExecInstrId exec_id=57745835606486 instr_id=311766 core=5 sub_core=1
[cannsim_helper] insert instr failed rc=19 err=UNIQUE constraint failed: ExecutedInstructions.ExecInstrId exec_id=58046483317469 instr_id=312029 core=11 sub_core=2
[cannsim_helper] insert instr failed rc=19 err=UNIQUE constraint failed: ExecutedInstructions.ExecInstrId exec_id=58072253081827 instr_id=272611 core=17 sub_core=2
[cannsim_helper] insert instr failed rc=19 err=UNIQUE constraint failed: ExecutedInstructions.ExecInstrId exec_id=57823144978226 instr_id=272178 core=23 sub_core=1
[cannsim_helper] insert instr failed rc=19 err=UNIQUE constraint failed: ExecutedInstructions.ExecInstrId exec_id=58042188351675 instr_id=313531 core=10 sub_core=2
[cannsim_helper] insert instr failed rc=19 err=UNIQUE constraint failed: ExecutedInstructions.ExecInstrId exec_id=57780195352262 instr_id=319174 core=13 sub_core=1
[cannsim_helper] insert instr failed rc=19 err=UNIQUE constraint failed: ExecutedInstructions.ExecInstrId exec_id=57823144978234 instr_id=272186 core=23 sub_core=1
[cannsim_helper] insert instr failed rc=19 err=UNIQUE constraint failed: ExecutedInstructions.ExecInstrId exec_id=57823144978242 instr_id=272194 core=23 sub_core=1
[cannsim_helper] insert instr failed rc=19 err=UNIQUE constraint failed: ExecutedInstructions.ExecInstrId exec_id=57728655735289 instr_id=309753 core=1 sub_core=1
[cannsim_helper] insert instr failed rc=19 err=UNIQUE constraint failed: ExecutedInstructions.ExecInstrId exec_id=58037893388425 instr_id=317577 core=9 sub_core=2
[cannsim_helper] insert instr failed rc=19 err=UNIQUE constraint failed: ExecutedInstructions.ExecInstrId exec_id=57758720517384 instr_id=320776 core=8 sub_core=1
[cannsim_helper] insert instr failed rc=19 err=UNIQUE constraint failed: ExecutedInstructions.ExecInstrId exec_id=58059368244617 instr_id=337289 core=14 sub_core=2
[cannsim_helper] insert instr failed rc=19 err=UNIQUE constraint failed: ExecutedInstructions.ExecInstrId exec_id=58080843016416 instr_id=272608 core=19 sub_core=2
[cannsim_helper] insert instr failed rc=19 err=UNIQUE constraint failed: ExecutedInstructions.ExecInstrId exec_id=58016418557290 instr_id=322922 core=4 sub_core=2
[cannsim_helper] insert instr failed rc=19 err=UNIQUE constraint failed: ExecutedInstructions.ExecInstrId exec_id=58016418557296 instr_id=322928 core=4 sub_core=2
[cannsim_helper] insert instr failed rc=19 err=UNIQUE constraint failed: ExecutedInstructions.ExecInstrId exec_id=57741540655230 instr_id=327806 core=4 sub_core=1
[cannsim_helper] insert instr failed rc=19 err=UNIQUE constraint failed: ExecutedInstructions.ExecInstrId exec_id=58012123577748 instr_id=310676 core=3 sub_core=2
[cannsim_helper] insert instr failed rc=19 err=UNIQUE constraint failed: ExecutedInstructions.ExecInstrId exec_id=57788785310579 instr_id=342899 core=15 sub_core=1
[cannsim_helper] insert instr failed rc=19 err=UNIQUE constraint failed: ExecutedInstructions.ExecInstrId exec_id=58080843016422 instr_id=272614 core=19 sub_core=2
[cannsim_helper] insert instr failed rc=19 err=UNIQUE constraint failed: ExecutedInstructions.ExecInstrId exec_id=58003533648897 instr_id=316417 core=1 sub_core=2
[cannsim_helper] insert instr failed rc=19 err=UNIQUE constraint failed: ExecutedInstructions.ExecInstrId exec_id=58003533648906 instr_id=316426 core=1 sub_core=2
[cannsim_helper] insert instr failed rc=19 err=UNIQUE constraint failed: ExecutedInstructions.ExecInstrId exec_id=58025008517324 instr_id=348364 core=6 sub_core=2
[cannsim_helper] insert instr failed rc=19 err=UNIQUE constraint failed: ExecutedInstructions.ExecInstrId exec_id=58080843016426 instr_id=272618 core=19 sub_core=2
[cannsim_helper] insert instr failed rc=19 err=UNIQUE constraint failed: ExecutedInstructions.ExecInstrId exec_id=57784490342358 instr_id=341974 core=14 sub_core=1
[cannsim_helper] insert instr failed rc=19 err=UNIQUE constraint failed: ExecutedInstructions.ExecInstrId exec_id=57775900419152 instr_id=353360 core=12 sub_core=1
[cannsim_helper] insert instr failed rc=19 err=UNIQUE constraint failed: ExecutedInstructions.ExecInstrId exec_id=57750130613571 instr_id=351555 core=6 sub_core=1
[cannsim_helper] insert instr failed rc=19 err=UNIQUE constraint failed: ExecutedInstructions.ExecInstrId exec_id=58067958115383 instr_id=273463 core=16 sub_core=2
[cannsim_helper] insert instr failed rc=19 err=UNIQUE constraint failed: ExecutedInstructions.ExecInstrId exec_id=58050778329634 instr_id=356898 core=12 sub_core=2
[cannsim_helper] insert instr failed rc=19 err=UNIQUE constraint failed: ExecutedInstructions.ExecInstrId exec_id=58063663224291 instr_id=349667 core=15 sub_core=2
[cannsim_helper] insert instr failed rc=19 err=UNIQUE constraint failed: ExecutedInstructions.ExecInstrId exec_id=57745835633042 instr_id=338322 core=5 sub_core=1
[cannsim_helper] insert instr failed rc=19 err=UNIQUE constraint failed: ExecutedInstructions.ExecInstrId exec_id=58119497723073 instr_id=273601 core=28 sub_core=2
[cannsim_helper] insert instr failed rc=19 err=UNIQUE constraint failed: ExecutedInstructions.ExecInstrId exec_id=57771605423405 instr_id=324909 core=11 sub_core=1
[cannsim_helper] insert instr failed rc=19 err=UNIQUE constraint failed: ExecutedInstructions.ExecInstrId exec_id=58042188377659 instr_id=339515 core=10 sub_core=2
[cannsim_helper] insert instr failed rc=19 err=UNIQUE constraint failed: ExecutedInstructions.ExecInstrId exec_id=58042188377672 instr_id=339528 core=10 sub_core=2
[cannsim_helper] insert instr failed rc=19 err=UNIQUE constraint failed: ExecutedInstructions.ExecInstrId exec_id=58029303452992 instr_id=316736 core=7 sub_core=2
[cannsim_helper] insert instr failed rc=19 err=UNIQUE constraint failed: ExecutedInstructions.ExecInstrId exec_id=58055073290678 instr_id=350646 core=13 sub_core=2
[cannsim_helper] insert instr failed rc=19 err=UNIQUE constraint failed: ExecutedInstructions.ExecInstrId exec_id=57780195379507 instr_id=346419 core=13 sub_core=1
[cannsim_helper] insert instr failed rc=19 err=UNIQUE constraint failed: ExecutedInstructions.ExecInstrId exec_id=57754425548811 instr_id=319499 core=7 sub_core=1
[cannsim_helper] insert instr failed rc=19 err=UNIQUE constraint failed: ExecutedInstructions.ExecInstrId exec_id=57767310481179 instr_id=349979 core=10 sub_core=1
[cannsim_helper] insert instr failed rc=19 err=UNIQUE constraint failed: ExecutedInstructions.ExecInstrId exec_id=57857504718540 instr_id=274124 core=31 sub_core=1
[cannsim_helper] insert instr failed rc=19 err=UNIQUE constraint failed: ExecutedInstructions.ExecInstrId exec_id=57737245681843 instr_id=321715 core=3 sub_core=1
[cannsim_helper] insert instr failed rc=19 err=UNIQUE constraint failed: ExecutedInstructions.ExecInstrId exec_id=57732950717916 instr_id=325084 core=2 sub_core=1
[cannsim_helper] insert instr failed rc=19 err=UNIQUE constraint failed: ExecutedInstructions.ExecInstrId exec_id=58007828627603 instr_id=327827 core=2 sub_core=2
[cannsim_helper] insert instr failed rc=19 err=UNIQUE constraint failed: ExecutedInstructions.ExecInstrId exec_id=58020713558965 instr_id=357301 core=5 sub_core=2
[cannsim_helper] insert instr failed rc=19 err=UNIQUE constraint failed: ExecutedInstructions.ExecInstrId exec_id=57728655759827 instr_id=334291 core=1 sub_core=1
[cannsim_helper] insert instr failed rc=19 err=UNIQUE constraint failed: ExecutedInstructions.ExecInstrId exec_id=57763015499386 instr_id=335482 core=9 sub_core=1
[cannsim_helper] insert instr failed rc=19 err=UNIQUE constraint failed: ExecutedInstructions.ExecInstrId exec_id=57728655759835 instr_id=334299 core=1 sub_core=1
[cannsim_helper] insert instr failed rc=19 err=UNIQUE constraint failed: ExecutedInstructions.ExecInstrId exec_id=58033598441454 instr_id=337902 core=8 sub_core=2
[cannsim_helper] insert instr failed rc=19 err=UNIQUE constraint failed: ExecutedInstructions.ExecInstrId exec_id=58072253083308 instr_id=274092 core=17 sub_core=2
[cannsim_helper] insert instr failed rc=19 err=UNIQUE constraint failed: ExecutedInstructions.ExecInstrId exec_id=58046483344128 instr_id=338688 core=11 sub_core=2
[cannsim_helper] insert instr failed rc=19 err=UNIQUE constraint failed: ExecutedInstructions.ExecInstrId exec_id=57741540683229 instr_id=355805 core=4 sub_core=1
[cannsim_helper] insert instr failed rc=19 err=UNIQUE constraint failed: ExecutedInstructions.ExecInstrId exec_id=58072253083323 instr_id=274107 core=17 sub_core=2
[cannsim_helper] insert instr failed rc=19 err=UNIQUE constraint failed: ExecutedInstructions.ExecInstrId exec_id=58072253083329 instr_id=274113 core=17 sub_core=2
[cannsim_helper] insert instr failed rc=19 err=UNIQUE constraint failed: ExecutedInstructions.ExecInstrId exec_id=58115202897585 instr_id=415409 core=27 sub_core=2
[cannsim_helper] insert instr failed rc=19 err=UNIQUE constraint failed: ExecutedInstructions.ExecInstrId exec_id=58037893415592 instr_id=344744 core=9 sub_core=2
[cannsim_helper] insert instr failed rc=19 err=UNIQUE constraint failed: ExecutedInstructions.ExecInstrId exec_id=58003533685223 instr_id=352743 core=1 sub_core=2
[cannsim_helper] insert instr failed rc=19 err=UNIQUE constraint failed: ExecutedInstructions.ExecInstrId exec_id=58003533685228 instr_id=352748 core=1 sub_core=2
[cannsim_helper] insert instr failed rc=19 err=UNIQUE constraint failed: ExecutedInstructions.ExecInstrId exec_id=58003533685244 instr_id=352764 core=1 sub_core=2
[cannsim_helper] insert instr failed rc=19 err=UNIQUE constraint failed: ExecutedInstructions.ExecInstrId exec_id=58012123602995 instr_id=335923 core=3 sub_core=2
[cannsim_helper] insert instr failed rc=19 err=UNIQUE constraint failed: ExecutedInstructions.ExecInstrId exec_id=58012123603008 instr_id=335936 core=3 sub_core=2
[cannsim_helper] insert instr failed rc=19 err=UNIQUE constraint failed: ExecutedInstructions.ExecInstrId exec_id=57844619965064 instr_id=422536 core=28 sub_core=1
[cannsim_helper] insert instr failed rc=19 err=UNIQUE constraint failed: ExecutedInstructions.ExecInstrId exec_id=58059368274193 instr_id=366865 core=14 sub_core=2
[cannsim_helper] insert instr failed rc=19 err=UNIQUE constraint failed: ExecutedInstructions.ExecInstrId exec_id=57797375326630 instr_id=424358 core=17 sub_core=1
[cannsim_helper] insert instr failed rc=19 err=UNIQUE constraint failed: ExecutedInstructions.ExecInstrId exec_id=57745835661912 instr_id=367192 core=5 sub_core=1
[cannsim_helper] insert instr failed rc=19 err=UNIQUE constraint failed: ExecutedInstructions.ExecInstrId exec_id=57745835661922 instr_id=367202 core=5 sub_core=1
[cannsim_helper] insert instr failed rc=19 err=UNIQUE constraint failed: ExecutedInstructions.ExecInstrId exec_id=58102318006251 instr_id=425963 core=24 sub_core=2
[cannsim_helper] insert instr failed rc=19 err=UNIQUE constraint failed: ExecutedInstructions.ExecInstrId exec_id=57758720544667 instr_id=348059 core=8 sub_core=1
[cannsim_helper] insert instr failed rc=19 err=UNIQUE constraint failed: ExecutedInstructions.ExecInstrId exec_id=57728655797536 instr_id=372000 core=1 sub_core=1
[cannsim_helper] insert instr failed rc=19 err=UNIQUE constraint failed: ExecutedInstructions.ExecInstrId exec_id=57728655797540 instr_id=372004 core=1 sub_core=1
[cannsim_helper] insert instr failed rc=19 err=UNIQUE constraint failed: ExecutedInstructions.ExecInstrId exec_id=57728655797552 instr_id=372016 core=1 sub_core=1
[cannsim_helper] insert instr failed rc=19 err=UNIQUE constraint failed: ExecutedInstructions.ExecInstrId exec_id=58128087659305 instr_id=275241 core=30 sub_core=2
[cannsim_helper] insert instr failed rc=19 err=UNIQUE constraint failed: ExecutedInstructions.ExecInstrId exec_id=57788785340021 instr_id=372341 core=15 sub_core=1
[cannsim_helper] insert instr failed rc=19 err=UNIQUE constraint failed: ExecutedInstructions.ExecInstrId exec_id=58003533740715 instr_id=408235 core=1 sub_core=2
[cannsim_helper] insert instr failed rc=19 err=UNIQUE constraint failed: ExecutedInstructions.ExecInstrId exec_id=58003533742264 instr_id=409784 core=1 sub_core=2
[cannsim_helper] insert instr failed rc=19 err=UNIQUE constraint failed: ExecutedInstructions.ExecInstrId exec_id=58016418595448 instr_id=361080 core=4 sub_core=2
[cannsim_helper] insert instr failed rc=19 err=UNIQUE constraint failed: ExecutedInstructions.ExecInstrId exec_id=58016418595454 instr_id=361086 core=4 sub_core=2
[cannsim_helper] insert instr failed rc=19 err=UNIQUE constraint failed: ExecutedInstructions.ExecInstrId exec_id=58016418595471 instr_id=361103 core=4 sub_core=2
[cannsim_helper] insert instr failed rc=19 err=UNIQUE constraint failed: ExecutedInstructions.ExecInstrId exec_id=57767310509324 instr_id=378124 core=10 sub_core=1
[cannsim_helper] insert instr failed rc=19 err=UNIQUE constraint failed: ExecutedInstructions.ExecInstrId exec_id=58025008545319 instr_id=376359 core=6 sub_core=2
[cannsim_helper] insert instr failed rc=19 err=UNIQUE constraint failed: ExecutedInstructions.ExecInstrId exec_id=57784490371865 instr_id=371481 core=14 sub_core=1
[cannsim_helper] insert instr failed rc=19 err=UNIQUE constraint failed: ExecutedInstructions.ExecInstrId exec_id=57844619817970 instr_id=275442 core=28 sub_core=1
[cannsim_helper] insert instr failed rc=19 err=UNIQUE constraint failed: ExecutedInstructions.ExecInstrId exec_id=57775900445497 instr_id=379705 core=12 sub_core=1
[cannsim_helper] insert instr failed rc=19 err=UNIQUE constraint failed: ExecutedInstructions.ExecInstrId exec_id=58042188414514 instr_id=376370 core=10 sub_core=2
[cannsim_helper] insert instr failed rc=19 err=UNIQUE constraint failed: ExecutedInstructions.ExecInstrId exec_id=57771605449995 instr_id=351499 core=11 sub_core=1
[cannsim_helper] insert instr failed rc=19 err=UNIQUE constraint failed: ExecutedInstructions.ExecInstrId exec_id=58042188414520 instr_id=376376 core=10 sub_core=2
[cannsim_helper] insert instr failed rc=19 err=UNIQUE constraint failed: ExecutedInstructions.ExecInstrId exec_id=57771605450010 instr_id=351514 core=11 sub_core=1
[cannsim_helper] insert instr failed rc=19 err=UNIQUE constraint failed: ExecutedInstructions.ExecInstrId exec_id=57728655838205 instr_id=412669 core=1 sub_core=1
[cannsim_helper] insert instr failed rc=19 err=UNIQUE constraint failed: ExecutedInstructions.ExecInstrId exec_id=57750130640530 instr_id=378514 core=6 sub_core=1
[cannsim_helper] insert instr failed rc=19 err=UNIQUE constraint failed: ExecutedInstructions.ExecInstrId exec_id=58042188414531 instr_id=376387 core=10 sub_core=2
[cannsim_helper] insert instr failed rc=19 err=UNIQUE constraint failed: ExecutedInstructions.ExecInstrId exec_id=58063663251856 instr_id=377232 core=15 sub_core=2
[cannsim_helper] insert instr failed rc=19 err=UNIQUE constraint failed: ExecutedInstructions.ExecInstrId exec_id=57857504719662 instr_id=275246 core=31 sub_core=1
[cannsim_helper] insert instr failed rc=19 err=UNIQUE constraint failed: ExecutedInstructions.ExecInstrId exec_id=58050778354390 instr_id=381654 core=12 sub_core=2
[cannsim_helper] insert instr failed rc=19 err=UNIQUE constraint failed: ExecutedInstructions.ExecInstrId exec_id=57831735083754 instr_id=443114 core=25 sub_core=1
[cannsim_helper] insert instr failed rc=19 err=UNIQUE constraint failed: ExecutedInstructions.ExecInstrId exec_id=58007828575383 instr_id=275607 core=2 sub_core=2
[cannsim_helper] insert instr failed rc=19 err=UNIQUE constraint failed: ExecutedInstructions.ExecInstrId exec_id=57836030054094 instr_id=446158 core=26 sub_core=1
[cannsim_helper] insert instr failed rc=19 err=UNIQUE constraint failed: ExecutedInstructions.ExecInstrId exec_id=57780195407498 instr_id=374410 core=13 sub_core=1
[cannsim_helper] insert instr failed rc=19 err=UNIQUE constraint failed: ExecutedInstructions.ExecInstrId exec_id=57728655840293 instr_id=414757 core=1 sub_core=1
[cannsim_helper] insert instr failed rc=19 err=UNIQUE constraint failed: ExecutedInstructions.ExecInstrId exec_id=57780195407511 instr_id=374423 core=13 sub_core=1
[cannsim_helper] insert instr failed rc=19 err=UNIQUE constraint failed: ExecutedInstructions.ExecInstrId exec_id=57737245708362 instr_id=348234 core=3 sub_core=1
[cannsim_helper] insert instr failed rc=19 err=UNIQUE constraint failed: ExecutedInstructions.ExecInstrId exec_id=57737245708375 instr_id=348247 core=3 sub_core=1
[cannsim_helper] insert instr failed rc=19 err=UNIQUE constraint failed: ExecutedInstructions.ExecInstrId exec_id=57741540707907 instr_id=380483 core=4 sub_core=1
[cannsim_helper] insert instr failed rc=19 err=UNIQUE constraint failed: ExecutedInstructions.ExecInstrId exec_id=57741540707916 instr_id=380492 core=4 sub_core=1
[cannsim_helper] insert instr failed rc=19 err=UNIQUE constraint failed: ExecutedInstructions.ExecInstrId exec_id=58029303479297 instr_id=343041 core=7 sub_core=2
[cannsim_helper] insert instr failed rc=19 err=UNIQUE constraint failed: ExecutedInstructions.ExecInstrId exec_id=58029303479310 instr_id=343054 core=7 sub_core=2
[cannsim_helper] insert instr failed rc=19 err=UNIQUE constraint failed: ExecutedInstructions.ExecInstrId exec_id=57754425575210 instr_id=345898 core=7 sub_core=1
[cannsim_helper] INSTR_POPPED_LOG callback count=300000
[cannsim_helper] insert instr failed rc=19 err=UNIQUE constraint failed: ExecutedInstructions.ExecInstrId exec_id=57754425575218 instr_id=345906 core=7 sub_core=1
[cannsim_helper] insert instr failed rc=19 err=UNIQUE constraint failed: ExecutedInstructions.ExecInstrId exec_id=57853209929801 instr_id=452681 core=30 sub_core=1
[cannsim_helper] insert instr failed rc=19 err=UNIQUE constraint failed: ExecutedInstructions.ExecInstrId exec_id=57848914963598 instr_id=453774 core=29 sub_core=1
[cannsim_helper] INSTR_LOG callback count=300000
[cannsim_helper] insert instr failed rc=19 err=UNIQUE constraint failed: ExecutedInstructions.ExecInstrId exec_id=58055073317908 instr_id=377876 core=13 sub_core=2
[cannsim_helper] insert instr failed rc=19 err=UNIQUE constraint failed: ExecutedInstructions.ExecInstrId exec_id=58132382808724 instr_id=457364 core=31 sub_core=2
[cannsim_helper] insert instr failed rc=19 err=UNIQUE constraint failed: ExecutedInstructions.ExecInstrId exec_id=58089433141756 instr_id=463356 core=21 sub_core=2
[cannsim_helper] insert instr failed rc=19 err=UNIQUE constraint failed: ExecutedInstructions.ExecInstrId exec_id=58115202926531 instr_id=444355 core=27 sub_core=2
[cannsim_helper] insert instr failed rc=19 err=UNIQUE constraint failed: ExecutedInstructions.ExecInstrId exec_id=57818850210620 instr_id=471868 core=22 sub_core=1
[cannsim_helper] insert instr failed rc=19 err=UNIQUE constraint failed: ExecutedInstructions.ExecInstrId exec_id=58020713583543 instr_id=381879 core=5 sub_core=2
[cannsim_helper] insert instr failed rc=19 err=UNIQUE constraint failed: ExecutedInstructions.ExecInstrId exec_id=57797375361589 instr_id=459317 core=17 sub_core=1
[cannsim_helper] insert instr failed rc=19 err=UNIQUE constraint failed: ExecutedInstructions.ExecInstrId exec_id=57763015527774 instr_id=363870 core=9 sub_core=1
[cannsim_helper] insert instr failed rc=19 err=UNIQUE constraint failed: ExecutedInstructions.ExecInstrId exec_id=58119497910603 instr_id=461131 core=28 sub_core=2
[cannsim_helper] insert instr failed rc=19 err=UNIQUE constraint failed: ExecutedInstructions.ExecInstrId exec_id=57763015527789 instr_id=363885 core=9 sub_core=1
[cannsim_helper] insert instr failed rc=19 err=UNIQUE constraint failed: ExecutedInstructions.ExecInstrId exec_id=57805965316596 instr_id=479732 core=19 sub_core=1
[cannsim_helper] insert instr failed rc=19 err=UNIQUE constraint failed: ExecutedInstructions.ExecInstrId exec_id=57844619998707 instr_id=456179 core=28 sub_core=1
[cannsim_helper] insert instr failed rc=19 err=UNIQUE constraint failed: ExecutedInstructions.ExecInstrId exec_id=57827440130930 instr_id=457586 core=24 sub_core=1
[cannsim_helper] insert instr failed rc=19 err=UNIQUE constraint failed: ExecutedInstructions.ExecInstrId exec_id=58085138194427 instr_id=483323 core=20 sub_core=2
[cannsim_helper] insert instr failed rc=19 err=UNIQUE constraint failed: ExecutedInstructions.ExecInstrId exec_id=58098023104584 instr_id=491592 core=23 sub_core=2
[cannsim_helper] insert instr failed rc=19 err=UNIQUE constraint failed: ExecutedInstructions.ExecInstrId exec_id=58076548268880 instr_id=492368 core=18 sub_core=2
[cannsim_helper] insert instr failed rc=19 err=UNIQUE constraint failed: ExecutedInstructions.ExecInstrId exec_id=58072253281916 instr_id=472700 core=17 sub_core=2
[cannsim_helper] insert instr failed rc=19 err=UNIQUE constraint failed: ExecutedInstructions.ExecInstrId exec_id=58046483373006 instr_id=367566 core=11 sub_core=2
[cannsim_helper] insert instr failed rc=19 err=UNIQUE constraint failed: ExecutedInstructions.ExecInstrId exec_id=58046483373018 instr_id=367578 core=11 sub_core=2
[cannsim_helper] insert instr failed rc=19 err=UNIQUE constraint failed: ExecutedInstructions.ExecInstrId exec_id=57732950744504 instr_id=351672 core=2 sub_core=1
[cannsim_helper] insert instr failed rc=19 err=UNIQUE constraint failed: ExecutedInstructions.ExecInstrId exec_id=58128087850062 instr_id=465998 core=30 sub_core=2
[cannsim_helper] insert instr failed rc=19 err=UNIQUE constraint failed: ExecutedInstructions.ExecInstrId exec_id=58033598470280 instr_id=366728 core=8 sub_core=2
[cannsim_helper] insert instr failed rc=19 err=UNIQUE constraint failed: ExecutedInstructions.ExecInstrId exec_id=57732950744512 instr_id=351680 core=2 sub_core=1
[cannsim_helper] insert instr failed rc=19 err=UNIQUE constraint failed: ExecutedInstructions.ExecInstrId exec_id=58033598470286 instr_id=366734 core=8 sub_core=2
[cannsim_helper] insert instr failed rc=19 err=UNIQUE constraint failed: ExecutedInstructions.ExecInstrId exec_id=58007828654532 instr_id=354756 core=2 sub_core=2
[cannsim_helper] insert instr failed rc=19 err=UNIQUE constraint failed: ExecutedInstructions.ExecInstrId exec_id=57810260292863 instr_id=488703 core=20 sub_core=1
[cannsim_helper] insert instr failed rc=19 err=UNIQUE constraint failed: ExecutedInstructions.ExecInstrId exec_id=58007828654542 instr_id=354766 core=2 sub_core=2
[cannsim_helper] insert instr failed rc=19 err=UNIQUE constraint failed: ExecutedInstructions.ExecInstrId exec_id=57793080433924 instr_id=498948 core=16 sub_core=1
[cannsim_helper] insert instr failed rc=19 err=UNIQUE constraint failed: ExecutedInstructions.ExecInstrId exec_id=57741540727749 instr_id=400325 core=4 sub_core=1
[cannsim_helper] insert instr failed rc=19 err=UNIQUE constraint failed: ExecutedInstructions.ExecInstrId exec_id=57741540727754 instr_id=400330 core=4 sub_core=1
[cannsim_helper] insert instr failed rc=19 err=UNIQUE constraint failed: ExecutedInstructions.ExecInstrId exec_id=57741540727768 instr_id=400344 core=4 sub_core=1
[cannsim_helper] insert instr failed rc=19 err=UNIQUE constraint failed: ExecutedInstructions.ExecInstrId exec_id=58106613016383 instr_id=468799 core=25 sub_core=2
[cannsim_helper] insert instr failed rc=19 err=UNIQUE constraint failed: ExecutedInstructions.ExecInstrId exec_id=57767310525836 instr_id=394636 core=10 sub_core=1
[cannsim_helper] insert instr failed rc=19 err=UNIQUE constraint failed: ExecutedInstructions.ExecInstrId exec_id=57767310525840 instr_id=394640 core=10 sub_core=1
[cannsim_helper] insert instr failed rc=19 err=UNIQUE constraint failed: ExecutedInstructions.ExecInstrId exec_id=58080843232149 instr_id=488341 core=19 sub_core=2
[cannsim_helper] insert instr failed rc=19 err=UNIQUE constraint failed: ExecutedInstructions.ExecInstrId exec_id=58016418647464 instr_id=413096 core=4 sub_core=2
[cannsim_helper] insert instr failed rc=19 err=UNIQUE constraint failed: ExecutedInstructions.ExecInstrId exec_id=58016418649434 instr_id=415066 core=4 sub_core=2
[cannsim_helper] insert instr failed rc=19 err=UNIQUE constraint failed: ExecutedInstructions.ExecInstrId exec_id=57732950669288 instr_id=276456 core=2 sub_core=1
[cannsim_helper] insert instr failed rc=19 err=UNIQUE constraint failed: ExecutedInstructions.ExecInstrId exec_id=58037893444040 instr_id=373192 core=9 sub_core=2
[cannsim_helper] insert instr failed rc=19 err=UNIQUE constraint failed: ExecutedInstructions.ExecInstrId exec_id=58012123640603 instr_id=373531 core=3 sub_core=2
[cannsim_helper] insert instr failed rc=19 err=UNIQUE constraint failed: ExecutedInstructions.ExecInstrId exec_id=58012123640609 instr_id=373537 core=3 sub_core=2
[cannsim_helper] insert instr failed rc=19 err=UNIQUE constraint failed: ExecutedInstructions.ExecInstrId exec_id=58037893444048 instr_id=373200 core=9 sub_core=2
[cannsim_helper] insert instr failed rc=19 err=UNIQUE constraint failed: ExecutedInstructions.ExecInstrId exec_id=58012123640626 instr_id=373554 core=3 sub_core=2
[cannsim_helper] insert instr failed rc=19 err=UNIQUE constraint failed: ExecutedInstructions.ExecInstrId exec_id=57840325040886 instr_id=465654 core=27 sub_core=1
[cannsim_helper] insert instr failed rc=19 err=UNIQUE constraint failed: ExecutedInstructions.ExecInstrId exec_id=57857504928347 instr_id=483931 core=31 sub_core=1
[cannsim_helper] insert instr failed rc=19 err=UNIQUE constraint failed: ExecutedInstructions.ExecInstrId exec_id=57823145211484 instr_id=505436 core=23 sub_core=1
[cannsim_helper] insert instr failed rc=19 err=UNIQUE constraint failed: ExecutedInstructions.ExecInstrId exec_id=58102318049132 instr_id=468844 core=24 sub_core=2
[cannsim_helper] insert instr failed rc=19 err=UNIQUE constraint failed: ExecutedInstructions.ExecInstrId exec_id=57737245742693 instr_id=382565 core=3 sub_core=1
[cannsim_helper] insert instr failed rc=19 err=UNIQUE constraint failed: ExecutedInstructions.ExecInstrId exec_id=57737245742695 instr_id=382567 core=3 sub_core=1
[cannsim_helper] insert instr failed rc=19 err=UNIQUE constraint failed: ExecutedInstructions.ExecInstrId exec_id=57737245742707 instr_id=382579 core=3 sub_core=1
[cannsim_helper] insert instr failed rc=19 err=UNIQUE constraint failed: ExecutedInstructions.ExecInstrId exec_id=58110907998132 instr_id=483252 core=26 sub_core=2
[cannsim_helper] insert instr failed rc=19 err=UNIQUE constraint failed: ExecutedInstructions.ExecInstrId exec_id=57737245770779 instr_id=410651 core=3 sub_core=1
[cannsim_helper] insert instr failed rc=19 err=UNIQUE constraint failed: ExecutedInstructions.ExecInstrId exec_id=57737245772586 instr_id=412458 core=3 sub_core=1
[cannsim_helper] insert instr failed rc=19 err=UNIQUE constraint failed: ExecutedInstructions.ExecInstrId exec_id=57758720572186 instr_id=375578 core=8 sub_core=1
[cannsim_helper] insert instr failed rc=19 err=UNIQUE constraint failed: ExecutedInstructions.ExecInstrId exec_id=57758720572197 instr_id=375589 core=8 sub_core=1
[cannsim_helper] insert instr failed rc=19 err=UNIQUE constraint failed: ExecutedInstructions.ExecInstrId exec_id=57848915014964 instr_id=505140 core=29 sub_core=1
[cannsim_helper] insert instr failed rc=19 err=UNIQUE constraint failed: ExecutedInstructions.ExecInstrId exec_id=58093728155868 instr_id=510172 core=22 sub_core=2
[cannsim_helper] insert instr failed rc=19 err=UNIQUE constraint failed: ExecutedInstructions.ExecInstrId exec_id=58067958364646 instr_id=522726 core=16 sub_core=2
[cannsim_helper] insert instr failed rc=19 err=UNIQUE constraint failed: ExecutedInstructions.ExecInstrId exec_id=58042188450008 instr_id=411864 core=10 sub_core=2
[cannsim_helper] insert instr failed rc=19 err=UNIQUE constraint failed: ExecutedInstructions.ExecInstrId exec_id=58042188451875 instr_id=413731 core=10 sub_core=2
[cannsim_helper] insert instr failed rc=19 err=UNIQUE constraint failed: ExecutedInstructions.ExecInstrId exec_id=58029303515254 instr_id=378998 core=7 sub_core=2
[cannsim_helper] insert instr failed rc=19 err=UNIQUE constraint failed: ExecutedInstructions.ExecInstrId exec_id=58029303515258 instr_id=379002 core=7 sub_core=2
[cannsim_helper] insert instr failed rc=19 err=UNIQUE constraint failed: ExecutedInstructions.ExecInstrId exec_id=58029303515275 instr_id=379019 core=7 sub_core=2
[cannsim_helper] insert instr failed rc=19 err=UNIQUE constraint failed: ExecutedInstructions.ExecInstrId exec_id=57754425623743 instr_id=394431 core=7 sub_core=1
[cannsim_helper] insert instr failed rc=19 err=UNIQUE constraint failed: ExecutedInstructions.ExecInstrId exec_id=57754425623745 instr_id=394433 core=7 sub_core=1
[cannsim_helper] insert instr failed rc=19 err=UNIQUE constraint failed: ExecutedInstructions.ExecInstrId exec_id=57754425623752 instr_id=394440 core=7 sub_core=1
[cannsim_helper] insert instr failed rc=19 err=UNIQUE constraint failed: ExecutedInstructions.ExecInstrId exec_id=57801670399479 instr_id=529911 core=18 sub_core=1
[cannsim_helper] insert instr failed rc=19 err=UNIQUE constraint failed: ExecutedInstructions.ExecInstrId exec_id=57771605483341 instr_id=384845 core=11 sub_core=1
[cannsim_helper] insert instr failed rc=19 err=UNIQUE constraint failed: ExecutedInstructions.ExecInstrId exec_id=57771605483346 instr_id=384850 core=11 sub_core=1
[cannsim_helper] insert instr failed rc=19 err=UNIQUE constraint failed: ExecutedInstructions.ExecInstrId exec_id=57771605483361 instr_id=384865 core=11 sub_core=1
[cannsim_helper] insert instr failed rc=19 err=UNIQUE constraint failed: ExecutedInstructions.ExecInstrId exec_id=57814555292692 instr_id=521236 core=21 sub_core=1
[cannsim_helper] insert instr failed rc=19 err=UNIQUE constraint failed: ExecutedInstructions.ExecInstrId exec_id=58029303547293 instr_id=411037 core=7 sub_core=2
[cannsim_helper] insert instr failed rc=19 err=UNIQUE constraint failed: ExecutedInstructions.ExecInstrId exec_id=57840324852318 instr_id=277086 core=27 sub_core=1
[cannsim_helper] insert instr failed rc=19 err=UNIQUE constraint failed: ExecutedInstructions.ExecInstrId exec_id=58029303549143 instr_id=412887 core=7 sub_core=2
[cannsim_helper] insert instr failed rc=19 err=UNIQUE constraint failed: ExecutedInstructions.ExecInstrId exec_id=58046483398987 instr_id=393547 core=11 sub_core=2
[cannsim_helper] insert instr failed rc=19 err=UNIQUE constraint failed: ExecutedInstructions.ExecInstrId exec_id=58046483398993 instr_id=393553 core=11 sub_core=2
[cannsim_helper] insert instr failed rc=19 err=UNIQUE constraint failed: ExecutedInstructions.ExecInstrId exec_id=58046483399001 instr_id=393561 core=11 sub_core=2
[cannsim_helper] insert instr failed rc=19 err=UNIQUE constraint failed: ExecutedInstructions.ExecInstrId exec_id=57788785358873 instr_id=391193 core=15 sub_core=1
[cannsim_helper] insert instr failed rc=19 err=UNIQUE constraint failed: ExecutedInstructions.ExecInstrId exec_id=57788785358878 instr_id=391198 core=15 sub_core=1
[cannsim_helper] insert instr failed rc=19 err=UNIQUE constraint failed: ExecutedInstructions.ExecInstrId exec_id=58059368294467 instr_id=387139 core=14 sub_core=2
[cannsim_helper] insert instr failed rc=19 err=UNIQUE constraint failed: ExecutedInstructions.ExecInstrId exec_id=58059368294475 instr_id=387147 core=14 sub_core=2
[cannsim_helper] insert instr failed rc=19 err=UNIQUE constraint failed: ExecutedInstructions.ExecInstrId exec_id=58046483440941 instr_id=435501 core=11 sub_core=2
[cannsim_helper] insert instr failed rc=19 err=UNIQUE constraint failed: ExecutedInstructions.ExecInstrId exec_id=58046483444634 instr_id=439194 core=11 sub_core=2
[cannsim_helper] insert instr failed rc=19 err=UNIQUE constraint failed: ExecutedInstructions.ExecInstrId exec_id=57836030100256 instr_id=492320 core=26 sub_core=1
[cannsim_helper] insert instr failed rc=19 err=UNIQUE constraint failed: ExecutedInstructions.ExecInstrId exec_id=58089433197794 instr_id=519394 core=21 sub_core=2
[cannsim_helper] insert instr failed rc=19 err=UNIQUE constraint failed: ExecutedInstructions.ExecInstrId exec_id=57784490391027 instr_id=390643 core=14 sub_core=1
[cannsim_helper] insert instr failed rc=19 err=UNIQUE constraint failed: ExecutedInstructions.ExecInstrId exec_id=57784490391034 instr_id=390650 core=14 sub_core=1
[cannsim_helper] insert instr failed rc=19 err=UNIQUE constraint failed: ExecutedInstructions.ExecInstrId exec_id=57745835688106 instr_id=393386 core=5 sub_core=1
[cannsim_helper] insert instr failed rc=19 err=UNIQUE constraint failed: ExecutedInstructions.ExecInstrId exec_id=57745835688112 instr_id=393392 core=5 sub_core=1
[cannsim_helper] insert instr failed rc=19 err=UNIQUE constraint failed: ExecutedInstructions.ExecInstrId exec_id=58128087660751 instr_id=276687 core=30 sub_core=2
[cannsim_helper] insert instr failed rc=19 err=UNIQUE constraint failed: ExecutedInstructions.ExecInstrId exec_id=57745835688121 instr_id=393401 core=5 sub_core=1
[cannsim_helper] insert instr failed rc=19 err=UNIQUE constraint failed: ExecutedInstructions.ExecInstrId exec_id=58020713598431 instr_id=396767 core=5 sub_core=2
[cannsim_helper] insert instr failed rc=19 err=UNIQUE constraint failed: ExecutedInstructions.ExecInstrId exec_id=58020713598439 instr_id=396775 core=5 sub_core=2
[cannsim_helper] insert instr failed rc=19 err=UNIQUE constraint failed: ExecutedInstructions.ExecInstrId exec_id=58055073334912 instr_id=394880 core=13 sub_core=2
[cannsim_helper] insert instr failed rc=19 err=UNIQUE constraint failed: ExecutedInstructions.ExecInstrId exec_id=58055073334916 instr_id=394884 core=13 sub_core=2
[cannsim_helper] insert instr failed rc=19 err=UNIQUE constraint failed: ExecutedInstructions.ExecInstrId exec_id=58063663269146 instr_id=394522 core=15 sub_core=2
[cannsim_helper] insert instr failed rc=19 err=UNIQUE constraint failed: ExecutedInstructions.ExecInstrId exec_id=58063663269151 instr_id=394527 core=15 sub_core=2
[cannsim_helper] insert instr failed rc=19 err=UNIQUE constraint failed: ExecutedInstructions.ExecInstrId exec_id=57767310543559 instr_id=412359 core=10 sub_core=1
[cannsim_helper] insert instr failed rc=19 err=UNIQUE constraint failed: ExecutedInstructions.ExecInstrId exec_id=57767310543562 instr_id=412362 core=10 sub_core=1
[cannsim_helper] insert instr failed rc=19 err=UNIQUE constraint failed: ExecutedInstructions.ExecInstrId exec_id=58025008562937 instr_id=393977 core=6 sub_core=2
[cannsim_helper] insert instr failed rc=19 err=UNIQUE constraint failed: ExecutedInstructions.ExecInstrId exec_id=58025008562941 instr_id=393981 core=6 sub_core=2
[cannsim_helper] insert instr failed rc=19 err=UNIQUE constraint failed: ExecutedInstructions.ExecInstrId exec_id=57767310543568 instr_id=412368 core=10 sub_core=1
[cannsim_helper] insert instr failed rc=19 err=UNIQUE constraint failed: ExecutedInstructions.ExecInstrId exec_id=57750130657207 instr_id=395191 core=6 sub_core=1
[cannsim_helper] insert instr failed rc=19 err=UNIQUE constraint failed: ExecutedInstructions.ExecInstrId exec_id=57750130657213 instr_id=395197 core=6 sub_core=1
[cannsim_helper] insert instr failed rc=19 err=UNIQUE constraint failed: ExecutedInstructions.ExecInstrId exec_id=58003533763394 instr_id=430914 core=1 sub_core=2
[cannsim_helper] insert instr failed rc=19 err=UNIQUE constraint failed: ExecutedInstructions.ExecInstrId exec_id=57732950777792 instr_id=384960 core=2 sub_core=1
[cannsim_helper] insert instr failed rc=19 err=UNIQUE constraint failed: ExecutedInstructions.ExecInstrId exec_id=57732950777799 instr_id=384967 core=2 sub_core=1
[cannsim_helper] insert instr failed rc=19 err=UNIQUE constraint failed: ExecutedInstructions.ExecInstrId exec_id=57732950777816 instr_id=384984 core=2 sub_core=1
[cannsim_helper] insert instr failed rc=19 err=UNIQUE constraint failed: ExecutedInstructions.ExecInstrId exec_id=58128087660753 instr_id=276689 core=30 sub_core=2
[cannsim_helper] insert instr failed rc=19 err=UNIQUE constraint failed: ExecutedInstructions.ExecInstrId exec_id=57763015562948 instr_id=399044 core=9 sub_core=1
[cannsim_helper] insert instr failed rc=19 err=UNIQUE constraint failed: ExecutedInstructions.ExecInstrId exec_id=58007828695033 instr_id=395257 core=2 sub_core=2
[cannsim_helper] insert instr failed rc=19 err=UNIQUE constraint failed: ExecutedInstructions.ExecInstrId exec_id=57763015562951 instr_id=399047 core=9 sub_core=1
[cannsim_helper] insert instr failed rc=19 err=UNIQUE constraint failed: ExecutedInstructions.ExecInstrId exec_id=58007828695036 instr_id=395260 core=2 sub_core=2
[cannsim_helper] insert instr failed rc=19 err=UNIQUE constraint failed: ExecutedInstructions.ExecInstrId exec_id=57763015562963 instr_id=399059 core=9 sub_core=1
[cannsim_helper] insert instr failed rc=19 err=UNIQUE constraint failed: ExecutedInstructions.ExecInstrId exec_id=58007828695045 instr_id=395269 core=2 sub_core=2
[cannsim_helper] insert instr failed rc=19 err=UNIQUE constraint failed: ExecutedInstructions.ExecInstrId exec_id=58037893466857 instr_id=396009 core=9 sub_core=2
[cannsim_helper] insert instr failed rc=19 err=UNIQUE constraint failed: ExecutedInstructions.ExecInstrId exec_id=58037893466860 instr_id=396012 core=9 sub_core=2
[cannsim_helper] insert instr failed rc=19 err=UNIQUE constraint failed: ExecutedInstructions.ExecInstrId exec_id=58037893466865 instr_id=396017 core=9 sub_core=2
[cannsim_helper] insert instr failed rc=19 err=UNIQUE constraint failed: ExecutedInstructions.ExecInstrId exec_id=57844619819463 instr_id=276935 core=28 sub_core=1
[cannsim_helper] insert instr failed rc=19 err=UNIQUE constraint failed: ExecutedInstructions.ExecInstrId exec_id=58128087660755 instr_id=276691 core=30 sub_core=2
[cannsim_helper] insert instr failed rc=19 err=UNIQUE constraint failed: ExecutedInstructions.ExecInstrId exec_id=57775900461610 instr_id=395818 core=12 sub_core=1
[cannsim_helper] insert instr failed rc=19 err=UNIQUE constraint failed: ExecutedInstructions.ExecInstrId exec_id=57771605544846 instr_id=446350 core=11 sub_core=1
[cannsim_helper] insert instr failed rc=19 err=UNIQUE constraint failed: ExecutedInstructions.ExecInstrId exec_id=57775900461612 instr_id=395820 core=12 sub_core=1
[cannsim_helper] insert instr failed rc=19 err=UNIQUE constraint failed: ExecutedInstructions.ExecInstrId exec_id=58050778369389 instr_id=396653 core=12 sub_core=2
[cannsim_helper] insert instr failed rc=19 err=UNIQUE constraint failed: ExecutedInstructions.ExecInstrId exec_id=58050778369395 instr_id=396659 core=12 sub_core=2
[cannsim_helper] insert instr failed rc=19 err=UNIQUE constraint failed: ExecutedInstructions.ExecInstrId exec_id=58007828733715 instr_id=433939 core=2 sub_core=2
[cannsim_helper] insert instr failed rc=19 err=UNIQUE constraint failed: ExecutedInstructions.ExecInstrId exec_id=58007828737306 instr_id=437530 core=2 sub_core=2
[cannsim_helper] insert instr failed rc=19 err=UNIQUE constraint failed: ExecutedInstructions.ExecInstrId exec_id=57780195429576 instr_id=396488 core=13 sub_core=1
[cannsim_helper] insert instr failed rc=19 err=UNIQUE constraint failed: ExecutedInstructions.ExecInstrId exec_id=57780195429581 instr_id=396493 core=13 sub_core=1
[cannsim_helper] insert instr failed rc=19 err=UNIQUE constraint failed: ExecutedInstructions.ExecInstrId exec_id=57763015590393 instr_id=426489 core=9 sub_core=1
[cannsim_helper] insert instr failed rc=19 err=UNIQUE constraint failed: ExecutedInstructions.ExecInstrId exec_id=57780195429588 instr_id=396500 core=13 sub_core=1
[cannsim_helper] insert instr failed rc=19 err=UNIQUE constraint failed: ExecutedInstructions.ExecInstrId exec_id=58123792963735 instr_id=546967 core=29 sub_core=2
[cannsim_helper] insert instr failed rc=19 err=UNIQUE constraint failed: ExecutedInstructions.ExecInstrId exec_id=57763015593975 instr_id=430071 core=9 sub_core=1
[cannsim_helper] insert instr failed rc=19 err=UNIQUE constraint failed: ExecutedInstructions.ExecInstrId exec_id=57857504721232 instr_id=276816 core=31 sub_core=1
[cannsim_helper] insert instr failed rc=19 err=UNIQUE constraint failed: ExecutedInstructions.ExecInstrId exec_id=58115202969743 instr_id=487567 core=27 sub_core=2
[cannsim_helper] insert instr failed rc=19 err=UNIQUE constraint failed: ExecutedInstructions.ExecInstrId exec_id=57844619819465 instr_id=276937 core=28 sub_core=1
[cannsim_helper] insert instr failed rc=19 err=UNIQUE constraint failed: ExecutedInstructions.ExecInstrId exec_id=58115202969750 instr_id=487574 core=27 sub_core=2
[cannsim_helper] insert instr failed rc=19 err=UNIQUE constraint failed: ExecutedInstructions.ExecInstrId exec_id=58106613074480 instr_id=526896 core=25 sub_core=2
[cannsim_helper] insert instr failed rc=19 err=UNIQUE constraint failed: ExecutedInstructions.ExecInstrId exec_id=57771605548725 instr_id=450229 core=11 sub_core=1
[cannsim_helper] insert instr failed rc=19 err=UNIQUE constraint failed: ExecutedInstructions.ExecInstrId exec_id=58016418675752 instr_id=441384 core=4 sub_core=2
[cannsim_helper] insert instr failed rc=19 err=UNIQUE constraint failed: ExecutedInstructions.ExecInstrId exec_id=57844619819467 instr_id=276939 core=28 sub_core=1
[cannsim_helper] insert instr failed rc=19 err=UNIQUE constraint failed: ExecutedInstructions.ExecInstrId exec_id=57754425651379 instr_id=422067 core=7 sub_core=1
[cannsim_helper] insert instr failed rc=19 err=UNIQUE constraint failed: ExecutedInstructions.ExecInstrId exec_id=57818850269478 instr_id=530726 core=22 sub_core=1
[cannsim_helper] insert instr failed rc=19 err=UNIQUE constraint failed: ExecutedInstructions.ExecInstrId exec_id=58132382862253 instr_id=510893 core=31 sub_core=2
[cannsim_helper] insert instr failed rc=19 err=UNIQUE constraint failed: ExecutedInstructions.ExecInstrId exec_id=58033598496711 instr_id=393159 core=8 sub_core=2
[cannsim_helper] insert instr failed rc=19 err=UNIQUE constraint failed: ExecutedInstructions.ExecInstrId exec_id=58033598496716 instr_id=393164 core=8 sub_core=2
[cannsim_helper] insert instr failed rc=19 err=UNIQUE constraint failed: ExecutedInstructions.ExecInstrId exec_id=58033598496726 instr_id=393174 core=8 sub_core=2
[cannsim_helper] insert instr failed rc=19 err=UNIQUE constraint failed: ExecutedInstructions.ExecInstrId exec_id=57857504721237 instr_id=276821 core=31 sub_core=1
[cannsim_helper] insert instr failed rc=19 err=UNIQUE constraint failed: ExecutedInstructions.ExecInstrId exec_id=57758720597336 instr_id=400728 core=8 sub_core=1
[cannsim_helper] insert instr failed rc=19 err=UNIQUE constraint failed: ExecutedInstructions.ExecInstrId exec_id=57758720597343 instr_id=400735 core=8 sub_core=1
[cannsim_helper] insert instr failed rc=19 err=UNIQUE constraint failed: ExecutedInstructions.ExecInstrId exec_id=57758720597355 instr_id=400747 core=8 sub_core=1
[cannsim_helper] insert instr failed rc=19 err=UNIQUE constraint failed: ExecutedInstructions.ExecInstrId exec_id=58115202759943 instr_id=277767 core=27 sub_core=2
[cannsim_helper] insert instr failed rc=19 err=UNIQUE constraint failed: ExecutedInstructions.ExecInstrId exec_id=57857504721239 instr_id=276823 core=31 sub_core=1
[cannsim_helper] insert instr failed rc=19 err=UNIQUE constraint failed: ExecutedInstructions.ExecInstrId exec_id=57853209980504 instr_id=503384 core=30 sub_core=1
[cannsim_helper] insert instr failed rc=19 err=UNIQUE constraint failed: ExecutedInstructions.ExecInstrId exec_id=57754425653965 instr_id=424653 core=7 sub_core=1
[cannsim_helper] insert instr failed rc=19 err=UNIQUE constraint failed: ExecutedInstructions.ExecInstrId exec_id=58033598526371 instr_id=422819 core=8 sub_core=2
[cannsim_helper] insert instr failed rc=19 err=UNIQUE constraint failed: ExecutedInstructions.ExecInstrId exec_id=58033598529145 instr_id=425593 core=8 sub_core=2
[cannsim_helper] insert instr failed rc=19 err=UNIQUE constraint failed: ExecutedInstructions.ExecInstrId exec_id=58020713618264 instr_id=416600 core=5 sub_core=2
[cannsim_helper] insert instr failed rc=19 err=UNIQUE constraint failed: ExecutedInstructions.ExecInstrId exec_id=58020713618267 instr_id=416603 core=5 sub_core=2
[cannsim_helper] insert instr failed rc=19 err=UNIQUE constraint failed: ExecutedInstructions.ExecInstrId exec_id=58020713618276 instr_id=416612 core=5 sub_core=2
[cannsim_helper] insert instr failed rc=19 err=UNIQUE constraint failed: ExecutedInstructions.ExecInstrId exec_id=58055073353136 instr_id=413104 core=13 sub_core=2
[cannsim_helper] insert instr failed rc=19 err=UNIQUE constraint failed: ExecutedInstructions.ExecInstrId exec_id=58055073353139 instr_id=413107 core=13 sub_core=2
[cannsim_helper] insert instr failed rc=19 err=UNIQUE constraint failed: ExecutedInstructions.ExecInstrId exec_id=58055073353147 instr_id=413115 core=13 sub_core=2
[cannsim_helper] insert instr failed rc=19 err=UNIQUE constraint failed: ExecutedInstructions.ExecInstrId exec_id=57745835764615 instr_id=469895 core=5 sub_core=1
[cannsim_helper] insert instr failed rc=19 err=UNIQUE constraint failed: ExecutedInstructions.ExecInstrId exec_id=58119497727376 instr_id=277904 core=28 sub_core=2
[cannsim_helper] insert instr failed rc=19 err=UNIQUE constraint failed: ExecutedInstructions.ExecInstrId exec_id=57737245796440 instr_id=436312 core=3 sub_core=1
[cannsim_helper] insert instr failed rc=19 err=UNIQUE constraint failed: ExecutedInstructions.ExecInstrId exec_id=57797375414295 instr_id=512023 core=17 sub_core=1
[cannsim_helper] insert instr failed rc=19 err=UNIQUE constraint failed: ExecutedInstructions.ExecInstrId exec_id=57797375414300 instr_id=512028 core=17 sub_core=1
[cannsim_helper] insert instr failed rc=19 err=UNIQUE constraint failed: ExecutedInstructions.ExecInstrId exec_id=57745835770089 instr_id=475369 core=5 sub_core=1
[cannsim_helper] insert instr failed rc=19 err=UNIQUE constraint failed: ExecutedInstructions.ExecInstrId exec_id=57728655866283 instr_id=440747 core=1 sub_core=1
[cannsim_helper] insert instr failed rc=19 err=UNIQUE constraint failed: ExecutedInstructions.ExecInstrId exec_id=58076548330520 instr_id=554008 core=18 sub_core=2
[cannsim_helper] insert instr failed rc=19 err=UNIQUE constraint failed: ExecutedInstructions.ExecInstrId exec_id=57780195486963 instr_id=453875 core=13 sub_core=1
[cannsim_helper] insert instr failed rc=19 err=UNIQUE constraint failed: ExecutedInstructions.ExecInstrId exec_id=57780195491090 instr_id=458002 core=13 sub_core=1
[cannsim_helper] insert instr failed rc=19 err=UNIQUE constraint failed: ExecutedInstructions.ExecInstrId exec_id=57844620049839 instr_id=507311 core=28 sub_core=1
[cannsim_helper] insert instr failed rc=19 err=UNIQUE constraint failed: ExecutedInstructions.ExecInstrId exec_id=57844620049846 instr_id=507318 core=28 sub_core=1
[cannsim_helper] insert instr failed rc=19 err=UNIQUE constraint failed: ExecutedInstructions.ExecInstrId exec_id=57805965376970 instr_id=540106 core=19 sub_core=1
[cannsim_helper] insert instr failed rc=19 err=UNIQUE constraint failed: ExecutedInstructions.ExecInstrId exec_id=58042188476932 instr_id=438788 core=10 sub_core=2
[cannsim_helper] insert instr failed rc=19 err=UNIQUE constraint failed: ExecutedInstructions.ExecInstrId exec_id=57758720632158 instr_id=435550 core=8 sub_core=1
[cannsim_helper] insert instr failed rc=19 err=UNIQUE constraint failed: ExecutedInstructions.ExecInstrId exec_id=58085138255451 instr_id=544347 core=20 sub_core=2
[cannsim_helper] insert instr failed rc=19 err=UNIQUE constraint failed: ExecutedInstructions.ExecInstrId exec_id=57788785376013 instr_id=408333 core=15 sub_core=1
[cannsim_helper] insert instr failed rc=19 err=UNIQUE constraint failed: ExecutedInstructions.ExecInstrId exec_id=58059368312508 instr_id=405180 core=14 sub_core=2
[cannsim_helper] insert instr failed rc=19 err=UNIQUE constraint failed: ExecutedInstructions.ExecInstrId exec_id=57788785376016 instr_id=408336 core=15 sub_core=1
[cannsim_helper] insert instr failed rc=19 err=UNIQUE constraint failed: ExecutedInstructions.ExecInstrId exec_id=58102318097201 instr_id=516913 core=24 sub_core=2
[cannsim_helper] insert instr failed rc=19 err=UNIQUE constraint failed: ExecutedInstructions.ExecInstrId exec_id=58102318097203 instr_id=516915 core=24 sub_core=2
[cannsim_helper] insert instr failed rc=19 err=UNIQUE constraint failed: ExecutedInstructions.ExecInstrId exec_id=58059368312516 instr_id=405188 core=14 sub_core=2
[cannsim_helper] insert instr failed rc=19 err=UNIQUE constraint failed: ExecutedInstructions.ExecInstrId exec_id=57827440184628 instr_id=511284 core=24 sub_core=1
[cannsim_helper] insert instr failed rc=19 err=UNIQUE constraint failed: ExecutedInstructions.ExecInstrId exec_id=57788785376021 instr_id=408341 core=15 sub_core=1
[cannsim_helper] insert instr failed rc=19 err=UNIQUE constraint failed: ExecutedInstructions.ExecInstrId exec_id=58059368312532 instr_id=405204 core=14 sub_core=2
[cannsim_helper] insert instr failed rc=19 err=UNIQUE constraint failed: ExecutedInstructions.ExecInstrId exec_id=57793080495510 instr_id=560534 core=16 sub_core=1
[cannsim_helper] insert instr failed rc=19 err=UNIQUE constraint failed: ExecutedInstructions.ExecInstrId exec_id=58098023166270 instr_id=553278 core=23 sub_core=2
[cannsim_helper] insert instr failed rc=19 err=UNIQUE constraint failed: ExecutedInstructions.ExecInstrId exec_id=57784490408197 instr_id=407813 core=14 sub_core=1
[cannsim_helper] insert instr failed rc=19 err=UNIQUE constraint failed: ExecutedInstructions.ExecInstrId exec_id=57784490408202 instr_id=407818 core=14 sub_core=1
[cannsim_helper] insert instr failed rc=19 err=UNIQUE constraint failed: ExecutedInstructions.ExecInstrId exec_id=57784490408208 instr_id=407824 core=14 sub_core=1
[cannsim_helper] insert instr failed rc=19 err=UNIQUE constraint failed: ExecutedInstructions.ExecInstrId exec_id=58063663286789 instr_id=412165 core=15 sub_core=2
[cannsim_helper] insert instr failed rc=19 err=UNIQUE constraint failed: ExecutedInstructions.ExecInstrId exec_id=58063663286792 instr_id=412168 core=15 sub_core=2
[cannsim_helper] insert instr failed rc=19 err=UNIQUE constraint failed: ExecutedInstructions.ExecInstrId exec_id=58119497965764 instr_id=516292 core=28 sub_core=2
[cannsim_helper] insert instr failed rc=19 err=UNIQUE constraint failed: ExecutedInstructions.ExecInstrId exec_id=58063663286796 instr_id=412172 core=15 sub_core=2
[cannsim_helper] insert instr failed rc=19 err=UNIQUE constraint failed: ExecutedInstructions.ExecInstrId exec_id=58037893520230 instr_id=449382 core=9 sub_core=2
[cannsim_helper] insert instr failed rc=19 err=UNIQUE constraint failed: ExecutedInstructions.ExecInstrId exec_id=57848915074679 instr_id=564855 core=29 sub_core=1
[cannsim_helper] insert instr failed rc=19 err=UNIQUE constraint failed: ExecutedInstructions.ExecInstrId exec_id=58072253340944 instr_id=531728 core=17 sub_core=2
[cannsim_helper] insert instr failed rc=19 err=UNIQUE constraint failed: ExecutedInstructions.ExecInstrId exec_id=57848915074681 instr_id=564857 core=29 sub_core=1
[cannsim_helper] insert instr failed rc=19 err=UNIQUE constraint failed: ExecutedInstructions.ExecInstrId exec_id=58128087907288 instr_id=523224 core=30 sub_core=2
[cannsim_helper] insert instr failed rc=19 err=UNIQUE constraint failed: ExecutedInstructions.ExecInstrId exec_id=57810260354269 instr_id=550109 core=20 sub_core=1
[cannsim_helper] insert instr failed rc=19 err=UNIQUE constraint failed: ExecutedInstructions.ExecInstrId exec_id=57840325097880 instr_id=522648 core=27 sub_core=1
[cannsim_helper] insert instr failed rc=19 err=UNIQUE constraint failed: ExecutedInstructions.ExecInstrId exec_id=58080843293549 instr_id=549741 core=19 sub_core=2
[cannsim_helper] insert instr failed rc=19 err=UNIQUE constraint failed: ExecutedInstructions.ExecInstrId exec_id=58059368407634 instr_id=500306 core=14 sub_core=2
[cannsim_helper] insert instr failed rc=19 err=UNIQUE constraint failed: ExecutedInstructions.ExecInstrId exec_id=58063663361771 instr_id=487147 core=15 sub_core=2
[cannsim_helper] insert instr failed rc=19 err=UNIQUE constraint failed: ExecutedInstructions.ExecInstrId exec_id=57758720635846 instr_id=439238 core=8 sub_core=1
[cannsim_helper] insert instr failed rc=19 err=UNIQUE constraint failed: ExecutedInstructions.ExecInstrId exec_id=58059368414136 instr_id=506808 core=14 sub_core=2
[cannsim_helper] insert instr failed rc=19 err=UNIQUE constraint failed: ExecutedInstructions.ExecInstrId exec_id=58063663367927 instr_id=493303 core=15 sub_core=2
[cannsim_helper] insert instr failed rc=19 err=UNIQUE constraint failed: ExecutedInstructions.ExecInstrId exec_id=57741540807031 instr_id=479607 core=4 sub_core=1
[cannsim_helper] insert instr failed rc=19 err=UNIQUE constraint failed: ExecutedInstructions.ExecInstrId exec_id=58025008580285 instr_id=411325 core=6 sub_core=2
[cannsim_helper] insert instr failed rc=19 err=UNIQUE constraint failed: ExecutedInstructions.ExecInstrId exec_id=58025008580288 instr_id=411328 core=6 sub_core=2
[cannsim_helper] insert instr failed rc=19 err=UNIQUE constraint failed: ExecutedInstructions.ExecInstrId exec_id=58025008580294 instr_id=411334 core=6 sub_core=2
[cannsim_helper] insert instr failed rc=19 err=UNIQUE constraint failed: ExecutedInstructions.ExecInstrId exec_id=57750130675332 instr_id=413316 core=6 sub_core=1
[cannsim_helper] insert instr failed rc=19 err=UNIQUE constraint failed: ExecutedInstructions.ExecInstrId exec_id=57750130675335 instr_id=413319 core=6 sub_core=1
[cannsim_helper] insert instr failed rc=19 err=UNIQUE constraint failed: ExecutedInstructions.ExecInstrId exec_id=57750130675343 instr_id=413327 core=6 sub_core=1
[cannsim_helper] insert instr failed rc=19 err=UNIQUE constraint failed: ExecutedInstructions.ExecInstrId exec_id=58037893524116 instr_id=453268 core=9 sub_core=2
[cannsim_helper] insert instr failed rc=19 err=UNIQUE constraint failed: ExecutedInstructions.ExecInstrId exec_id=57741540812959 instr_id=485535 core=4 sub_core=1
[cannsim_helper] insert instr failed rc=19 err=UNIQUE constraint failed: ExecutedInstructions.ExecInstrId exec_id=57750130755673 instr_id=493657 core=6 sub_core=1
[cannsim_helper] insert instr failed rc=19 err=UNIQUE constraint failed: ExecutedInstructions.ExecInstrId exec_id=57775900480186 instr_id=414394 core=12 sub_core=1
[cannsim_helper] insert instr failed rc=19 err=UNIQUE constraint failed: ExecutedInstructions.ExecInstrId exec_id=57775900480189 instr_id=414397 core=12 sub_core=1
[cannsim_helper] insert instr failed rc=19 err=UNIQUE constraint failed: ExecutedInstructions.ExecInstrId exec_id=57775900480197 instr_id=414405 core=12 sub_core=1
[cannsim_helper] insert instr failed rc=19 err=UNIQUE constraint failed: ExecutedInstructions.ExecInstrId exec_id=58050778389078 instr_id=416342 core=12 sub_core=2
[cannsim_helper] insert instr failed rc=19 err=UNIQUE constraint failed: ExecutedInstructions.ExecInstrId exec_id=58050778389084 instr_id=416348 core=12 sub_core=2
[cannsim_helper] insert instr failed rc=19 err=UNIQUE constraint failed: ExecutedInstructions.ExecInstrId exec_id=58050778389095 instr_id=416359 core=12 sub_core=2
[cannsim_helper] insert instr failed rc=19 err=UNIQUE constraint failed: ExecutedInstructions.ExecInstrId exec_id=57750130762325 instr_id=500309 core=6 sub_core=1
[cannsim_helper] insert instr failed rc=19 err=UNIQUE constraint failed: ExecutedInstructions.ExecInstrId exec_id=57788785470163 instr_id=502483 core=15 sub_core=1
[cannsim_helper] insert instr failed rc=19 err=UNIQUE constraint failed: ExecutedInstructions.ExecInstrId exec_id=57823145272984 instr_id=566936 core=23 sub_core=1
[cannsim_helper] insert instr failed rc=19 err=UNIQUE constraint failed: ExecutedInstructions.ExecInstrId exec_id=58106613132839 instr_id=585255 core=25 sub_core=2
[cannsim_helper] insert instr failed rc=19 err=UNIQUE constraint failed: ExecutedInstructions.ExecInstrId exec_id=58106613132849 instr_id=585265 core=25 sub_core=2
[cannsim_helper] insert instr failed rc=19 err=UNIQUE constraint failed: ExecutedInstructions.ExecInstrId exec_id=57732950864852 instr_id=472020 core=2 sub_core=1
[cannsim_helper] insert instr failed rc=19 err=UNIQUE constraint failed: ExecutedInstructions.ExecInstrId exec_id=57775900572939 instr_id=507147 core=12 sub_core=1
[cannsim_helper] insert instr failed rc=19 err=UNIQUE constraint failed: ExecutedInstructions.ExecInstrId exec_id=57775900579506 instr_id=513714 core=12 sub_core=1
[cannsim_helper] insert instr failed rc=19 err=UNIQUE constraint failed: ExecutedInstructions.ExecInstrId exec_id=57724360735538 instr_id=277298 core=0 sub_core=1
[cannsim_helper] insert instr failed rc=19 err=UNIQUE constraint failed: ExecutedInstructions.ExecInstrId exec_id=57831735239370 instr_id=598730 core=25 sub_core=1
[cannsim_helper] insert instr failed rc=19 err=UNIQUE constraint failed: ExecutedInstructions.ExecInstrId exec_id=58007828774849 instr_id=475073 core=2 sub_core=2
[cannsim_helper] insert instr failed rc=19 err=UNIQUE constraint failed: ExecutedInstructions.ExecInstrId exec_id=57788785476705 instr_id=509025 core=15 sub_core=1
[cannsim_helper] insert instr failed rc=19 err=UNIQUE constraint failed: ExecutedInstructions.ExecInstrId exec_id=57857504989498 instr_id=545082 core=31 sub_core=1
[cannsim_helper] insert instr failed rc=19 err=UNIQUE constraint failed: ExecutedInstructions.ExecInstrId exec_id=58110908059251 instr_id=544371 core=26 sub_core=2
[cannsim_helper] insert instr failed rc=19 err=UNIQUE constraint failed: ExecutedInstructions.ExecInstrId exec_id=57836030160224 instr_id=552288 core=26 sub_core=1
[cannsim_helper] insert instr failed rc=19 err=UNIQUE constraint failed: ExecutedInstructions.ExecInstrId exec_id=57836030160229 instr_id=552293 core=26 sub_core=1
[cannsim_helper] insert instr failed rc=19 err=UNIQUE constraint failed: ExecutedInstructions.ExecInstrId exec_id=58029303573390 instr_id=437134 core=7 sub_core=2
[cannsim_helper] insert instr failed rc=19 err=UNIQUE constraint failed: ExecutedInstructions.ExecInstrId exec_id=57732950870474 instr_id=477642 core=2 sub_core=1
[cannsim_helper] insert instr failed rc=19 err=UNIQUE constraint failed: ExecutedInstructions.ExecInstrId exec_id=57784490528760 instr_id=528376 core=14 sub_core=1
[cannsim_helper] insert instr failed rc=19 err=UNIQUE constraint failed: ExecutedInstructions.ExecInstrId exec_id=58067958120816 instr_id=278896 core=16 sub_core=2
[cannsim_helper] insert instr failed rc=19 err=UNIQUE constraint failed: ExecutedInstructions.ExecInstrId exec_id=58067958425583 instr_id=583663 core=16 sub_core=2
[cannsim_helper] insert instr failed rc=19 err=UNIQUE constraint failed: ExecutedInstructions.ExecInstrId exec_id=57784490535436 instr_id=535052 core=14 sub_core=1
[cannsim_helper] insert instr failed rc=19 err=UNIQUE constraint failed: ExecutedInstructions.ExecInstrId exec_id=57814555355445 instr_id=583989 core=21 sub_core=1
[cannsim_helper] insert instr failed rc=19 err=UNIQUE constraint failed: ExecutedInstructions.ExecInstrId exec_id=58093728217279 instr_id=571583 core=22 sub_core=2
[cannsim_helper] insert instr failed rc=19 err=UNIQUE constraint failed: ExecutedInstructions.ExecInstrId exec_id=57745835825617 instr_id=530897 core=5 sub_core=1
[cannsim_helper] insert instr failed rc=19 err=UNIQUE constraint failed: ExecutedInstructions.ExecInstrId exec_id=57801670458859 instr_id=589291 core=18 sub_core=1
[cannsim_helper] insert instr failed rc=19 err=UNIQUE constraint failed: ExecutedInstructions.ExecInstrId exec_id=57780195541014 instr_id=507926 core=13 sub_core=1
[cannsim_helper] insert instr failed rc=19 err=UNIQUE constraint failed: ExecutedInstructions.ExecInstrId exec_id=57763015628170 instr_id=464266 core=9 sub_core=1
[cannsim_helper] insert instr failed rc=19 err=UNIQUE constraint failed: ExecutedInstructions.ExecInstrId exec_id=58123793019103 instr_id=602335 core=29 sub_core=2
[cannsim_helper] insert instr failed rc=19 err=UNIQUE constraint failed: ExecutedInstructions.ExecInstrId exec_id=58055073451634 instr_id=511602 core=13 sub_core=2
[cannsim_helper] insert instr failed rc=19 err=UNIQUE constraint failed: ExecutedInstructions.ExecInstrId exec_id=58046483483137 instr_id=477697 core=11 sub_core=2
[cannsim_helper] insert instr failed rc=19 err=UNIQUE constraint failed: ExecutedInstructions.ExecInstrId exec_id=58055073457944 instr_id=517912 core=13 sub_core=2
[cannsim_helper] insert instr failed rc=19 err=UNIQUE constraint failed: ExecutedInstructions.ExecInstrId exec_id=58089433281041 instr_id=602641 core=21 sub_core=2
[cannsim_helper] insert instr failed rc=19 err=UNIQUE constraint failed: ExecutedInstructions.ExecInstrId exec_id=57818850327196 instr_id=588444 core=22 sub_core=1
[cannsim_helper] insert instr failed rc=19 err=UNIQUE constraint failed: ExecutedInstructions.ExecInstrId exec_id=58012123545093 instr_id=278021 core=3 sub_core=2
[cannsim_helper] INSTR_POPPED_LOG callback count=400000
[cannsim_helper] insert instr failed rc=19 err=UNIQUE constraint failed: ExecutedInstructions.ExecInstrId exec_id=58089433281047 instr_id=602647 core=21 sub_core=2
[cannsim_helper] insert instr failed rc=19 err=UNIQUE constraint failed: ExecutedInstructions.ExecInstrId exec_id=57818850327205 instr_id=588453 core=22 sub_core=1
[cannsim_helper] insert instr failed rc=19 err=UNIQUE constraint failed: ExecutedInstructions.ExecInstrId exec_id=58050778520986 instr_id=548250 core=12 sub_core=2
[cannsim_helper] insert instr failed rc=19 err=UNIQUE constraint failed: ExecutedInstructions.ExecInstrId exec_id=58132382921844 instr_id=570484 core=31 sub_core=2
[cannsim_helper] insert instr failed rc=19 err=UNIQUE constraint failed: ExecutedInstructions.ExecInstrId exec_id=58132382921851 instr_id=570491 core=31 sub_core=2
[cannsim_helper] INSTR_LOG callback count=400000
[cannsim_helper] insert instr failed rc=19 err=UNIQUE constraint failed: ExecutedInstructions.ExecInstrId exec_id=58020713761769 instr_id=560105 core=5 sub_core=2
[cannsim_helper] insert instr failed rc=19 err=UNIQUE constraint failed: ExecutedInstructions.ExecInstrId exec_id=58025008715021 instr_id=546061 core=6 sub_core=2
[cannsim_helper] insert instr failed rc=19 err=UNIQUE constraint failed: ExecutedInstructions.ExecInstrId exec_id=58050778527395 instr_id=554659 core=12 sub_core=2
[cannsim_helper] insert instr failed rc=19 err=UNIQUE constraint failed: ExecutedInstructions.ExecInstrId exec_id=58072253398548 instr_id=589332 core=17 sub_core=2
[cannsim_helper] insert instr failed rc=19 err=UNIQUE constraint failed: ExecutedInstructions.ExecInstrId exec_id=58072253398557 instr_id=589341 core=17 sub_core=2
[cannsim_helper] insert instr failed rc=19 err=UNIQUE constraint failed: ExecutedInstructions.ExecInstrId exec_id=57840325156820 instr_id=581588 core=27 sub_core=1
[cannsim_helper] insert instr failed rc=19 err=UNIQUE constraint failed: ExecutedInstructions.ExecInstrId exec_id=57840325156832 instr_id=581600 core=27 sub_core=1
[cannsim_helper] insert instr failed rc=19 err=UNIQUE constraint failed: ExecutedInstructions.ExecInstrId exec_id=58115203050758 instr_id=568582 core=27 sub_core=2
[cannsim_helper] insert instr failed rc=19 err=UNIQUE constraint failed: ExecutedInstructions.ExecInstrId exec_id=58115203050775 instr_id=568599 core=27 sub_core=2
[cannsim_helper] insert instr failed rc=19 err=UNIQUE constraint failed: ExecutedInstructions.ExecInstrId exec_id=58115203050805 instr_id=568629 core=27 sub_core=2
[cannsim_helper] insert instr failed rc=19 err=UNIQUE constraint failed: ExecutedInstructions.ExecInstrId exec_id=58020713768109 instr_id=566445 core=5 sub_core=2
[cannsim_helper] insert instr failed rc=19 err=UNIQUE constraint failed: ExecutedInstructions.ExecInstrId exec_id=58076548382959 instr_id=606447 core=18 sub_core=2
[cannsim_helper] insert instr failed rc=19 err=UNIQUE constraint failed: ExecutedInstructions.ExecInstrId exec_id=58076548382962 instr_id=606450 core=18 sub_core=2
[cannsim_helper] insert instr failed rc=19 err=UNIQUE constraint failed: ExecutedInstructions.ExecInstrId exec_id=57853210040183 instr_id=563063 core=30 sub_core=1
[cannsim_helper] insert instr failed rc=19 err=UNIQUE constraint failed: ExecutedInstructions.ExecInstrId exec_id=57827440244235 instr_id=570891 core=24 sub_core=1
[cannsim_helper] insert instr failed rc=19 err=UNIQUE constraint failed: ExecutedInstructions.ExecInstrId exec_id=57827440244242 instr_id=570898 core=24 sub_core=1
[cannsim_helper] insert instr failed rc=19 err=UNIQUE constraint failed: ExecutedInstructions.ExecInstrId exec_id=58025008721432 instr_id=552472 core=6 sub_core=2
[cannsim_helper] insert instr failed rc=19 err=UNIQUE constraint failed: ExecutedInstructions.ExecInstrId exec_id=57853210040186 instr_id=563066 core=30 sub_core=1
[cannsim_helper] insert instr failed rc=19 err=UNIQUE constraint failed: ExecutedInstructions.ExecInstrId exec_id=58119498025224 instr_id=575752 core=28 sub_core=2
[cannsim_helper] insert instr failed rc=19 err=UNIQUE constraint failed: ExecutedInstructions.ExecInstrId exec_id=58119498025226 instr_id=575754 core=28 sub_core=2
[cannsim_helper] insert instr failed rc=19 err=UNIQUE constraint failed: ExecutedInstructions.ExecInstrId exec_id=58119497728755 instr_id=279283 core=28 sub_core=2
[cannsim_helper] insert instr failed rc=19 err=UNIQUE constraint failed: ExecutedInstructions.ExecInstrId exec_id=57797375496906 instr_id=594634 core=17 sub_core=1
[cannsim_helper] insert instr failed rc=19 err=UNIQUE constraint failed: ExecutedInstructions.ExecInstrId exec_id=57797375496907 instr_id=594635 core=17 sub_core=1
[cannsim_helper] insert instr failed rc=19 err=UNIQUE constraint failed: ExecutedInstructions.ExecInstrId exec_id=57797375496909 instr_id=594637 core=17 sub_core=1
[cannsim_helper] insert instr failed rc=19 err=UNIQUE constraint failed: ExecutedInstructions.ExecInstrId exec_id=58033598562070 instr_id=458518 core=8 sub_core=2
[cannsim_helper] insert instr failed rc=19 err=UNIQUE constraint failed: ExecutedInstructions.ExecInstrId exec_id=57771605593650 instr_id=495154 core=11 sub_core=1
[cannsim_helper] insert instr failed rc=19 err=UNIQUE constraint failed: ExecutedInstructions.ExecInstrId exec_id=58119497728757 instr_id=279285 core=28 sub_core=2
[cannsim_helper] insert instr failed rc=19 err=UNIQUE constraint failed: ExecutedInstructions.ExecInstrId exec_id=58003533610981 instr_id=278501 core=1 sub_core=2
[cannsim_helper] insert instr failed rc=19 err=UNIQUE constraint failed: ExecutedInstructions.ExecInstrId exec_id=58119497728759 instr_id=279287 core=28 sub_core=2
[cannsim_helper] insert instr failed rc=19 err=UNIQUE constraint failed: ExecutedInstructions.ExecInstrId exec_id=57750130819963 instr_id=557947 core=6 sub_core=1
[cannsim_helper] insert instr failed rc=19 err=UNIQUE constraint failed: ExecutedInstructions.ExecInstrId exec_id=57754425686374 instr_id=457062 core=7 sub_core=1
[cannsim_helper] insert instr failed rc=19 err=UNIQUE constraint failed: ExecutedInstructions.ExecInstrId exec_id=57737245912602 instr_id=552474 core=3 sub_core=1
[cannsim_helper] insert instr failed rc=19 err=UNIQUE constraint failed: ExecutedInstructions.ExecInstrId exec_id=57844620129695 instr_id=587167 core=28 sub_core=1
[cannsim_helper] insert instr failed rc=19 err=UNIQUE constraint failed: ExecutedInstructions.ExecInstrId exec_id=57844620129702 instr_id=587174 core=28 sub_core=1
[cannsim_helper] insert instr failed rc=19 err=UNIQUE constraint failed: ExecutedInstructions.ExecInstrId exec_id=57844620129708 instr_id=587180 core=28 sub_core=1
[cannsim_helper] insert instr failed rc=19 err=UNIQUE constraint failed: ExecutedInstructions.ExecInstrId exec_id=58012123822025 instr_id=554953 core=3 sub_core=2
[cannsim_helper] insert instr failed rc=19 err=UNIQUE constraint failed: ExecutedInstructions.ExecInstrId exec_id=58128087966130 instr_id=582066 core=30 sub_core=2
[cannsim_helper] insert instr failed rc=19 err=UNIQUE constraint failed: ExecutedInstructions.ExecInstrId exec_id=58128087966137 instr_id=582073 core=30 sub_core=2
[cannsim_helper] insert instr failed rc=19 err=UNIQUE constraint failed: ExecutedInstructions.ExecInstrId exec_id=57793080546291 instr_id=611315 core=16 sub_core=1
[cannsim_helper] insert instr failed rc=19 err=UNIQUE constraint failed: ExecutedInstructions.ExecInstrId exec_id=57767310681587 instr_id=550387 core=10 sub_core=1
[cannsim_helper] insert instr failed rc=19 err=UNIQUE constraint failed: ExecutedInstructions.ExecInstrId exec_id=57793080546296 instr_id=611320 core=16 sub_core=1
[cannsim_helper] insert instr failed rc=19 err=UNIQUE constraint failed: ExecutedInstructions.ExecInstrId exec_id=57831735271546 instr_id=630906 core=25 sub_core=1
[cannsim_helper] insert instr failed rc=19 err=UNIQUE constraint failed: ExecutedInstructions.ExecInstrId exec_id=57831735271547 instr_id=630907 core=25 sub_core=1
[cannsim_helper] insert instr failed rc=19 err=UNIQUE constraint failed: ExecutedInstructions.ExecInstrId exec_id=58102318174490 instr_id=594202 core=24 sub_core=2
[cannsim_helper] insert instr failed rc=19 err=UNIQUE constraint failed: ExecutedInstructions.ExecInstrId exec_id=58102318174494 instr_id=594206 core=24 sub_core=2
[cannsim_helper] insert instr failed rc=19 err=UNIQUE constraint failed: ExecutedInstructions.ExecInstrId exec_id=58102318174501 instr_id=594213 core=24 sub_core=2
[cannsim_helper] insert instr failed rc=19 err=UNIQUE constraint failed: ExecutedInstructions.ExecInstrId exec_id=58012123828524 instr_id=561452 core=3 sub_core=2
[cannsim_helper] insert instr failed rc=19 err=UNIQUE constraint failed: ExecutedInstructions.ExecInstrId exec_id=57805965432884 instr_id=596020 core=19 sub_core=1
[cannsim_helper] insert instr failed rc=19 err=UNIQUE constraint failed: ExecutedInstructions.ExecInstrId exec_id=58110908113898 instr_id=599018 core=26 sub_core=2
[cannsim_helper] insert instr failed rc=19 err=UNIQUE constraint failed: ExecutedInstructions.ExecInstrId exec_id=57840325212154 instr_id=636922 core=27 sub_core=1
[cannsim_helper] insert instr failed rc=19 err=UNIQUE constraint failed: ExecutedInstructions.ExecInstrId exec_id=57840325212165 instr_id=636933 core=27 sub_core=1
[cannsim_helper] insert instr failed rc=19 err=UNIQUE constraint failed: ExecutedInstructions.ExecInstrId exec_id=58110908113904 instr_id=599024 core=26 sub_core=2
[cannsim_helper] insert instr failed rc=19 err=UNIQUE constraint failed: ExecutedInstructions.ExecInstrId exec_id=57805965432890 instr_id=596026 core=19 sub_core=1
[cannsim_helper] insert instr failed rc=19 err=UNIQUE constraint failed: ExecutedInstructions.ExecInstrId exec_id=57840325212188 instr_id=636956 core=27 sub_core=1
[cannsim_helper] insert instr failed rc=19 err=UNIQUE constraint failed: ExecutedInstructions.ExecInstrId exec_id=58072253450229 instr_id=641013 core=17 sub_core=2
[cannsim_helper] insert instr failed rc=19 err=UNIQUE constraint failed: ExecutedInstructions.ExecInstrId exec_id=58072253450230 instr_id=641014 core=17 sub_core=2
[cannsim_helper] insert instr failed rc=19 err=UNIQUE constraint failed: ExecutedInstructions.ExecInstrId exec_id=58072253450233 instr_id=641017 core=17 sub_core=2
[cannsim_helper] insert instr failed rc=19 err=UNIQUE constraint failed: ExecutedInstructions.ExecInstrId exec_id=57767310688009 instr_id=556809 core=10 sub_core=1
[cannsim_helper] insert instr failed rc=19 err=UNIQUE constraint failed: ExecutedInstructions.ExecInstrId exec_id=58042188594918 instr_id=556774 core=10 sub_core=2
[cannsim_helper] insert instr failed rc=19 err=UNIQUE constraint failed: ExecutedInstructions.ExecInstrId exec_id=57857505043937 instr_id=599521 core=31 sub_core=1
[cannsim_helper] insert instr failed rc=19 err=UNIQUE constraint failed: ExecutedInstructions.ExecInstrId exec_id=57857505043940 instr_id=599524 core=31 sub_core=1
[cannsim_helper] insert instr failed rc=19 err=UNIQUE constraint failed: ExecutedInstructions.ExecInstrId exec_id=58098023218951 instr_id=605959 core=23 sub_core=2
[cannsim_helper] insert instr failed rc=19 err=UNIQUE constraint failed: ExecutedInstructions.ExecInstrId exec_id=58115203144658 instr_id=662482 core=27 sub_core=2
[cannsim_helper] insert instr failed rc=19 err=UNIQUE constraint failed: ExecutedInstructions.ExecInstrId exec_id=58072253475674 instr_id=666458 core=17 sub_core=2
[cannsim_helper] insert instr failed rc=19 err=UNIQUE constraint failed: ExecutedInstructions.ExecInstrId exec_id=58080843347043 instr_id=603235 core=19 sub_core=2
[cannsim_helper] insert instr failed rc=19 err=UNIQUE constraint failed: ExecutedInstructions.ExecInstrId exec_id=58080843347051 instr_id=603243 core=19 sub_core=2
[cannsim_helper] insert instr failed rc=19 err=UNIQUE constraint failed: ExecutedInstructions.ExecInstrId exec_id=58059368471680 instr_id=564352 core=14 sub_core=2
[cannsim_helper] insert instr failed rc=19 err=UNIQUE constraint failed: ExecutedInstructions.ExecInstrId exec_id=58098023218953 instr_id=605961 core=23 sub_core=2
[cannsim_helper] insert instr failed rc=19 err=UNIQUE constraint failed: ExecutedInstructions.ExecInstrId exec_id=58072253476711 instr_id=667495 core=17 sub_core=2
[cannsim_helper] insert instr failed rc=19 err=UNIQUE constraint failed: ExecutedInstructions.ExecInstrId exec_id=58115203145625 instr_id=663449 core=27 sub_core=2
[cannsim_helper] insert instr failed rc=19 err=UNIQUE constraint failed: ExecutedInstructions.ExecInstrId exec_id=57775900636860 instr_id=571068 core=12 sub_core=1
[cannsim_helper] insert instr failed rc=19 err=UNIQUE constraint failed: ExecutedInstructions.ExecInstrId exec_id=58085138310123 instr_id=599019 core=20 sub_core=2
[cannsim_helper] insert instr failed rc=19 err=UNIQUE constraint failed: ExecutedInstructions.ExecInstrId exec_id=58119498084792 instr_id=635320 core=28 sub_core=2
[cannsim_helper] insert instr failed rc=19 err=UNIQUE constraint failed: ExecutedInstructions.ExecInstrId exec_id=58119498084797 instr_id=635325 core=28 sub_core=2
[cannsim_helper] insert instr failed rc=19 err=UNIQUE constraint failed: ExecutedInstructions.ExecInstrId exec_id=58119498084801 instr_id=635329 core=28 sub_core=2
[cannsim_helper] insert instr failed rc=19 err=UNIQUE constraint failed: ExecutedInstructions.ExecInstrId exec_id=58085138310132 instr_id=599028 core=20 sub_core=2
[cannsim_helper] insert instr failed rc=19 err=UNIQUE constraint failed: ExecutedInstructions.ExecInstrId exec_id=57810260407637 instr_id=603477 core=20 sub_core=1
[cannsim_helper] insert instr failed rc=19 err=UNIQUE constraint failed: ExecutedInstructions.ExecInstrId exec_id=57848915137370 instr_id=627546 core=29 sub_core=1
[cannsim_helper] insert instr failed rc=19 err=UNIQUE constraint failed: ExecutedInstructions.ExecInstrId exec_id=57810260407639 instr_id=603479 core=20 sub_core=1
[cannsim_helper] insert instr failed rc=19 err=UNIQUE constraint failed: ExecutedInstructions.ExecInstrId exec_id=57848915137373 instr_id=627549 core=29 sub_core=1
[cannsim_helper] insert instr failed rc=19 err=UNIQUE constraint failed: ExecutedInstructions.ExecInstrId exec_id=57848915137381 instr_id=627557 core=29 sub_core=1
[cannsim_helper] insert instr failed rc=19 err=UNIQUE constraint failed: ExecutedInstructions.ExecInstrId exec_id=58123793055296 instr_id=638528 core=29 sub_core=2
[cannsim_helper] insert instr failed rc=19 err=UNIQUE constraint failed: ExecutedInstructions.ExecInstrId exec_id=58123793055297 instr_id=638529 core=29 sub_core=2
[cannsim_helper] insert instr failed rc=19 err=UNIQUE constraint failed: ExecutedInstructions.ExecInstrId exec_id=57814555396892 instr_id=625436 core=21 sub_core=1
[cannsim_helper] insert instr failed rc=19 err=UNIQUE constraint failed: ExecutedInstructions.ExecInstrId exec_id=57814555396894 instr_id=625438 core=21 sub_core=1
[cannsim_helper] insert instr failed rc=19 err=UNIQUE constraint failed: ExecutedInstructions.ExecInstrId exec_id=57844620224108 instr_id=681580 core=28 sub_core=1
[cannsim_helper] insert instr failed rc=19 err=UNIQUE constraint failed: ExecutedInstructions.ExecInstrId exec_id=57827440304429 instr_id=631085 core=24 sub_core=1
[cannsim_helper] insert instr failed rc=19 err=UNIQUE constraint failed: ExecutedInstructions.ExecInstrId exec_id=57827440304433 instr_id=631089 core=24 sub_core=1
[cannsim_helper] insert instr failed rc=19 err=UNIQUE constraint failed: ExecutedInstructions.ExecInstrId exec_id=57827440304445 instr_id=631101 core=24 sub_core=1
[cannsim_helper] insert instr failed rc=19 err=UNIQUE constraint failed: ExecutedInstructions.ExecInstrId exec_id=57844620226201 instr_id=683673 core=28 sub_core=1
[cannsim_helper] insert instr failed rc=19 err=UNIQUE constraint failed: ExecutedInstructions.ExecInstrId exec_id=57823145321633 instr_id=615585 core=23 sub_core=1
[cannsim_helper] insert instr failed rc=19 err=UNIQUE constraint failed: ExecutedInstructions.ExecInstrId exec_id=58093728264175 instr_id=618479 core=22 sub_core=2
[cannsim_helper] insert instr failed rc=19 err=UNIQUE constraint failed: ExecutedInstructions.ExecInstrId exec_id=57823145321635 instr_id=615587 core=23 sub_core=1
[cannsim_helper] insert instr failed rc=19 err=UNIQUE constraint failed: ExecutedInstructions.ExecInstrId exec_id=58093728264176 instr_id=618480 core=22 sub_core=2
[cannsim_helper] insert instr failed rc=19 err=UNIQUE constraint failed: ExecutedInstructions.ExecInstrId exec_id=58102318280487 instr_id=700199 core=24 sub_core=2
[cannsim_helper] insert instr failed rc=19 err=UNIQUE constraint failed: ExecutedInstructions.ExecInstrId exec_id=58106613186461 instr_id=638877 core=25 sub_core=2
[cannsim_helper] insert instr failed rc=19 err=UNIQUE constraint failed: ExecutedInstructions.ExecInstrId exec_id=58106613186464 instr_id=638880 core=25 sub_core=2
[cannsim_helper] insert instr failed rc=19 err=UNIQUE constraint failed: ExecutedInstructions.ExecInstrId exec_id=58106613186468 instr_id=638884 core=25 sub_core=2
[cannsim_helper] insert instr failed rc=19 err=UNIQUE constraint failed: ExecutedInstructions.ExecInstrId exec_id=58102318283384 instr_id=703096 core=24 sub_core=2
[cannsim_helper] insert instr failed rc=19 err=UNIQUE constraint failed: ExecutedInstructions.ExecInstrId exec_id=57840324855591 instr_id=280359 core=27 sub_core=1
[cannsim_helper] insert instr failed rc=19 err=UNIQUE constraint failed: ExecutedInstructions.ExecInstrId exec_id=58037893571205 instr_id=500357 core=9 sub_core=2
[cannsim_helper] insert instr failed rc=19 err=UNIQUE constraint failed: ExecutedInstructions.ExecInstrId exec_id=58063663425755 instr_id=551131 core=15 sub_core=2
[cannsim_helper] insert instr failed rc=19 err=UNIQUE constraint failed: ExecutedInstructions.ExecInstrId exec_id=57758720674294 instr_id=477686 core=8 sub_core=1
[cannsim_helper] insert instr failed rc=19 err=UNIQUE constraint failed: ExecutedInstructions.ExecInstrId exec_id=57801670499803 instr_id=630235 core=18 sub_core=1
[cannsim_helper] insert instr failed rc=19 err=UNIQUE constraint failed: ExecutedInstructions.ExecInstrId exec_id=57801670499809 instr_id=630241 core=18 sub_core=1
[cannsim_helper] insert instr failed rc=19 err=UNIQUE constraint failed: ExecutedInstructions.ExecInstrId exec_id=58067958468226 instr_id=626306 core=16 sub_core=2
[cannsim_helper] insert instr failed rc=19 err=UNIQUE constraint failed: ExecutedInstructions.ExecInstrId exec_id=58067958468229 instr_id=626309 core=16 sub_core=2
[cannsim_helper] insert instr failed rc=19 err=UNIQUE constraint failed: ExecutedInstructions.ExecInstrId exec_id=57741540870138 instr_id=542714 core=4 sub_core=1
[cannsim_helper] insert instr failed rc=19 err=UNIQUE constraint failed: ExecutedInstructions.ExecInstrId exec_id=57836030227840 instr_id=619904 core=26 sub_core=1
[cannsim_helper] insert instr failed rc=19 err=UNIQUE constraint failed: ExecutedInstructions.ExecInstrId exec_id=57836030227843 instr_id=619907 core=26 sub_core=1
[cannsim_helper] insert instr failed rc=19 err=UNIQUE constraint failed: ExecutedInstructions.ExecInstrId exec_id=57836030227848 instr_id=619912 core=26 sub_core=1
[cannsim_helper] insert instr failed rc=19 err=UNIQUE constraint failed: ExecutedInstructions.ExecInstrId exec_id=58067958122047 instr_id=280127 core=16 sub_core=2
[cannsim_helper] insert instr failed rc=19 err=UNIQUE constraint failed: ExecutedInstructions.ExecInstrId exec_id=57831735298628 instr_id=657988 core=25 sub_core=1
[cannsim_helper] insert instr failed rc=19 err=UNIQUE constraint failed: ExecutedInstructions.ExecInstrId exec_id=57831735298629 instr_id=657989 core=25 sub_core=1
[cannsim_helper] insert instr failed rc=19 err=UNIQUE constraint failed: ExecutedInstructions.ExecInstrId exec_id=57831735298631 instr_id=657991 core=25 sub_core=1
[cannsim_helper] insert instr failed rc=19 err=UNIQUE constraint failed: ExecutedInstructions.ExecInstrId exec_id=57732950926319 instr_id=533487 core=2 sub_core=1
[cannsim_helper] insert instr failed rc=19 err=UNIQUE constraint failed: ExecutedInstructions.ExecInstrId exec_id=58106613214161 instr_id=666577 core=25 sub_core=2
[cannsim_helper] insert instr failed rc=19 err=UNIQUE constraint failed: ExecutedInstructions.ExecInstrId exec_id=58106613215205 instr_id=667621 core=25 sub_core=2
[cannsim_helper] insert instr failed rc=19 err=UNIQUE constraint failed: ExecutedInstructions.ExecInstrId exec_id=58067958122055 instr_id=280135 core=16 sub_core=2
[cannsim_helper] insert instr failed rc=19 err=UNIQUE constraint failed: ExecutedInstructions.ExecInstrId exec_id=57853210103640 instr_id=626520 core=30 sub_core=1
[cannsim_helper] insert instr failed rc=19 err=UNIQUE constraint failed: ExecutedInstructions.ExecInstrId exec_id=57853210103641 instr_id=626521 core=30 sub_core=1
[cannsim_helper] insert instr failed rc=19 err=UNIQUE constraint failed: ExecutedInstructions.ExecInstrId exec_id=58110908160541 instr_id=645661 core=26 sub_core=2
[cannsim_helper] insert instr failed rc=19 err=UNIQUE constraint failed: ExecutedInstructions.ExecInstrId exec_id=58123793077046 instr_id=660278 core=29 sub_core=2
[cannsim_helper] insert instr failed rc=19 err=UNIQUE constraint failed: ExecutedInstructions.ExecInstrId exec_id=58110908160542 instr_id=645662 core=26 sub_core=2
[cannsim_helper] insert instr failed rc=19 err=UNIQUE constraint failed: ExecutedInstructions.ExecInstrId exec_id=58123793077051 instr_id=660283 core=29 sub_core=2
[cannsim_helper] insert instr failed rc=19 err=UNIQUE constraint failed: ExecutedInstructions.ExecInstrId exec_id=57853210103647 instr_id=626527 core=30 sub_core=1
[cannsim_helper] insert instr failed rc=19 err=UNIQUE constraint failed: ExecutedInstructions.ExecInstrId exec_id=58123793077053 instr_id=660285 core=29 sub_core=2
[cannsim_helper] insert instr failed rc=19 err=UNIQUE constraint failed: ExecutedInstructions.ExecInstrId exec_id=58110908160544 instr_id=645664 core=26 sub_core=2
[cannsim_helper] insert instr failed rc=19 err=UNIQUE constraint failed: ExecutedInstructions.ExecInstrId exec_id=58132382982219 instr_id=630859 core=31 sub_core=2
[cannsim_helper] insert instr failed rc=19 err=UNIQUE constraint failed: ExecutedInstructions.ExecInstrId exec_id=58132382982221 instr_id=630861 core=31 sub_core=2
[cannsim_helper] insert instr failed rc=19 err=UNIQUE constraint failed: ExecutedInstructions.ExecInstrId exec_id=58132382982226 instr_id=630866 core=31 sub_core=2
[cannsim_helper] insert instr failed rc=19 err=UNIQUE constraint failed: ExecutedInstructions.ExecInstrId exec_id=58128088021248 instr_id=637184 core=30 sub_core=2
[cannsim_helper] insert instr failed rc=19 err=UNIQUE constraint failed: ExecutedInstructions.ExecInstrId exec_id=58128088021249 instr_id=637185 core=30 sub_core=2
[cannsim_helper] insert instr failed rc=19 err=UNIQUE constraint failed: ExecutedInstructions.ExecInstrId exec_id=58067958122058 instr_id=280138 core=16 sub_core=2
[cannsim_helper] insert instr failed rc=19 err=UNIQUE constraint failed: ExecutedInstructions.ExecInstrId exec_id=58128088021251 instr_id=637187 core=30 sub_core=2
[cannsim_helper] insert instr failed rc=19 err=UNIQUE constraint failed: ExecutedInstructions.ExecInstrId exec_id=58123793117623 instr_id=700855 core=29 sub_core=2
[cannsim_helper] insert instr failed rc=19 err=UNIQUE constraint failed: ExecutedInstructions.ExecInstrId exec_id=58110908193434 instr_id=678554 core=26 sub_core=2
[cannsim_helper] insert instr failed rc=19 err=UNIQUE constraint failed: ExecutedInstructions.ExecInstrId exec_id=58123793120564 instr_id=703796 core=29 sub_core=2
[cannsim_helper] insert instr failed rc=19 err=UNIQUE constraint failed: ExecutedInstructions.ExecInstrId exec_id=58110908195199 instr_id=680319 core=26 sub_core=2
[cannsim_helper] insert instr failed rc=19 err=UNIQUE constraint failed: ExecutedInstructions.ExecInstrId exec_id=57840325244738 instr_id=669506 core=27 sub_core=1
[cannsim_helper] insert instr failed rc=19 err=UNIQUE constraint failed: ExecutedInstructions.ExecInstrId exec_id=57818850379227 instr_id=640475 core=22 sub_core=1
[cannsim_helper] insert instr failed rc=19 err=UNIQUE constraint failed: ExecutedInstructions.ExecInstrId exec_id=57818850379228 instr_id=640476 core=22 sub_core=1
[cannsim_helper] insert instr failed rc=19 err=UNIQUE constraint failed: ExecutedInstructions.ExecInstrId exec_id=57788785534090 instr_id=566410 core=15 sub_core=1
[cannsim_helper] insert instr failed rc=19 err=UNIQUE constraint failed: ExecutedInstructions.ExecInstrId exec_id=57818850379232 instr_id=640480 core=22 sub_core=1
[cannsim_helper] insert instr failed rc=19 err=UNIQUE constraint failed: ExecutedInstructions.ExecInstrId exec_id=58128088048764 instr_id=664700 core=30 sub_core=2
[cannsim_helper] insert instr failed rc=19 err=UNIQUE constraint failed: ExecutedInstructions.ExecInstrId exec_id=57857505090338 instr_id=645922 core=31 sub_core=1
[cannsim_helper] insert instr failed rc=19 err=UNIQUE constraint failed: ExecutedInstructions.ExecInstrId exec_id=58089433324165 instr_id=645765 core=21 sub_core=2
[cannsim_helper] insert instr failed rc=19 err=UNIQUE constraint failed: ExecutedInstructions.ExecInstrId exec_id=57857505090340 instr_id=645924 core=31 sub_core=1
[cannsim_helper] insert instr failed rc=19 err=UNIQUE constraint failed: ExecutedInstructions.ExecInstrId exec_id=58089433324167 instr_id=645767 core=21 sub_core=2
[cannsim_helper] insert instr failed rc=19 err=UNIQUE constraint failed: ExecutedInstructions.ExecInstrId exec_id=58128088049811 instr_id=665747 core=30 sub_core=2
[cannsim_helper] insert instr failed rc=19 err=UNIQUE constraint failed: ExecutedInstructions.ExecInstrId exec_id=57857505090348 instr_id=645932 core=31 sub_core=1
[cannsim_helper] insert instr failed rc=19 err=UNIQUE constraint failed: ExecutedInstructions.ExecInstrId exec_id=58089433324171 instr_id=645771 core=21 sub_core=2
[cannsim_helper] insert instr failed rc=19 err=UNIQUE constraint failed: ExecutedInstructions.ExecInstrId exec_id=57857505163120 instr_id=718704 core=31 sub_core=1
[cannsim_helper] insert instr failed rc=19 err=UNIQUE constraint failed: ExecutedInstructions.ExecInstrId exec_id=58016418795479 instr_id=561111 core=4 sub_core=2
[cannsim_helper] insert instr failed rc=19 err=UNIQUE constraint failed: ExecutedInstructions.ExecInstrId exec_id=57857505166283 instr_id=721867 core=31 sub_core=1
[cannsim_helper] insert instr failed rc=19 err=UNIQUE constraint failed: ExecutedInstructions.ExecInstrId exec_id=57784490590580 instr_id=590196 core=14 sub_core=1
[cannsim_helper] insert instr failed rc=19 err=UNIQUE constraint failed: ExecutedInstructions.ExecInstrId exec_id=57840325245877 instr_id=670645 core=27 sub_core=1
[cannsim_helper] insert instr failed rc=19 err=UNIQUE constraint failed: ExecutedInstructions.ExecInstrId exec_id=58093728299445 instr_id=653749 core=22 sub_core=2
[cannsim_helper] insert instr failed rc=19 err=UNIQUE constraint failed: ExecutedInstructions.ExecInstrId exec_id=58093728299449 instr_id=653753 core=22 sub_core=2
[cannsim_helper] insert instr failed rc=19 err=UNIQUE constraint failed: ExecutedInstructions.ExecInstrId exec_id=58093728299454 instr_id=653758 core=22 sub_core=2
[cannsim_helper] insert instr failed rc=19 err=UNIQUE constraint failed: ExecutedInstructions.ExecInstrId exec_id=57814555427680 instr_id=656224 core=21 sub_core=1
[cannsim_helper] insert instr failed rc=19 err=UNIQUE constraint failed: ExecutedInstructions.ExecInstrId exec_id=57814555427682 instr_id=656226 core=21 sub_core=1
[cannsim_helper] insert instr failed rc=19 err=UNIQUE constraint failed: ExecutedInstructions.ExecInstrId exec_id=57814555427690 instr_id=656234 core=21 sub_core=1
[cannsim_helper] insert instr failed rc=19 err=UNIQUE constraint failed: ExecutedInstructions.ExecInstrId exec_id=57818850403191 instr_id=664439 core=22 sub_core=1
[cannsim_helper] insert instr failed rc=19 err=UNIQUE constraint failed: ExecutedInstructions.ExecInstrId exec_id=57737245641139 instr_id=281011 core=3 sub_core=1
[cannsim_helper] insert instr failed rc=19 err=UNIQUE constraint failed: ExecutedInstructions.ExecInstrId exec_id=58076548425304 instr_id=648792 core=18 sub_core=2
[cannsim_helper] insert instr failed rc=19 err=UNIQUE constraint failed: ExecutedInstructions.ExecInstrId exec_id=58076548425306 instr_id=648794 core=18 sub_core=2
[cannsim_helper] insert instr failed rc=19 err=UNIQUE constraint failed: ExecutedInstructions.ExecInstrId exec_id=58076548425309 instr_id=648797 core=18 sub_core=2
[cannsim_helper] insert instr failed rc=19 err=UNIQUE constraint failed: ExecutedInstructions.ExecInstrId exec_id=57805965481030 instr_id=644166 core=19 sub_core=1
[cannsim_helper] insert instr failed rc=19 err=UNIQUE constraint failed: ExecutedInstructions.ExecInstrId exec_id=58089433362452 instr_id=684052 core=21 sub_core=2
[cannsim_helper] insert instr failed rc=19 err=UNIQUE constraint failed: ExecutedInstructions.ExecInstrId exec_id=57805965481035 instr_id=644171 core=19 sub_core=1
[cannsim_helper] insert instr failed rc=19 err=UNIQUE constraint failed: ExecutedInstructions.ExecInstrId exec_id=57805965481043 instr_id=644179 core=19 sub_core=1
[cannsim_helper] insert instr failed rc=19 err=UNIQUE constraint failed: ExecutedInstructions.ExecInstrId exec_id=57818850404243 instr_id=665491 core=22 sub_core=1
[cannsim_helper] insert instr failed rc=19 err=UNIQUE constraint failed: ExecutedInstructions.ExecInstrId exec_id=58080843391183 instr_id=647375 core=19 sub_core=2
[cannsim_helper] insert instr failed rc=19 err=UNIQUE constraint failed: ExecutedInstructions.ExecInstrId exec_id=58080843391188 instr_id=647380 core=19 sub_core=2
[cannsim_helper] insert instr failed rc=19 err=UNIQUE constraint failed: ExecutedInstructions.ExecInstrId exec_id=58089433364773 instr_id=686373 core=21 sub_core=2
[cannsim_helper] insert instr failed rc=19 err=UNIQUE constraint failed: ExecutedInstructions.ExecInstrId exec_id=58080843391193 instr_id=647385 core=19 sub_core=2
[cannsim_helper] insert instr failed rc=19 err=UNIQUE constraint failed: ExecutedInstructions.ExecInstrId exec_id=58055073515411 instr_id=575379 core=13 sub_core=2
[cannsim_helper] insert instr failed rc=19 err=UNIQUE constraint failed: ExecutedInstructions.ExecInstrId exec_id=58098023261585 instr_id=648593 core=23 sub_core=2
[cannsim_helper] insert instr failed rc=19 err=UNIQUE constraint failed: ExecutedInstructions.ExecInstrId exec_id=58098023261587 instr_id=648595 core=23 sub_core=2
[cannsim_helper] insert instr failed rc=19 err=UNIQUE constraint failed: ExecutedInstructions.ExecInstrId exec_id=58098023261590 instr_id=648598 core=23 sub_core=2
[cannsim_helper] insert instr failed rc=19 err=UNIQUE constraint failed: ExecutedInstructions.ExecInstrId exec_id=57801670527313 instr_id=657745 core=18 sub_core=1
[cannsim_helper] insert instr failed rc=19 err=UNIQUE constraint failed: ExecutedInstructions.ExecInstrId exec_id=57801670527321 instr_id=657753 core=18 sub_core=1
[cannsim_helper] insert instr failed rc=19 err=UNIQUE constraint failed: ExecutedInstructions.ExecInstrId exec_id=57801670527329 instr_id=657761 core=18 sub_core=1
[cannsim_helper] insert instr failed rc=19 err=UNIQUE constraint failed: ExecutedInstructions.ExecInstrId exec_id=58080843430430 instr_id=686622 core=19 sub_core=2
[cannsim_helper] insert instr failed rc=19 err=UNIQUE constraint failed: ExecutedInstructions.ExecInstrId exec_id=57823145358482 instr_id=652434 core=23 sub_core=1
[cannsim_helper] insert instr failed rc=19 err=UNIQUE constraint failed: ExecutedInstructions.ExecInstrId exec_id=57823145358483 instr_id=652435 core=23 sub_core=1
[cannsim_helper] insert instr failed rc=19 err=UNIQUE constraint failed: ExecutedInstructions.ExecInstrId exec_id=58085138356728 instr_id=645624 core=20 sub_core=2
[cannsim_helper] insert instr failed rc=19 err=UNIQUE constraint failed: ExecutedInstructions.ExecInstrId exec_id=57823145358485 instr_id=652437 core=23 sub_core=1
[cannsim_helper] insert instr failed rc=19 err=UNIQUE constraint failed: ExecutedInstructions.ExecInstrId exec_id=58085138356734 instr_id=645630 core=20 sub_core=2
[cannsim_helper] insert instr failed rc=19 err=UNIQUE constraint failed: ExecutedInstructions.ExecInstrId exec_id=58085138356740 instr_id=645636 core=20 sub_core=2
[cannsim_helper] insert instr failed rc=19 err=UNIQUE constraint failed: ExecutedInstructions.ExecInstrId exec_id=57810260451647 instr_id=647487 core=20 sub_core=1
[cannsim_helper] insert instr failed rc=19 err=UNIQUE constraint failed: ExecutedInstructions.ExecInstrId exec_id=57810260451653 instr_id=647493 core=20 sub_core=1
[cannsim_helper] insert instr failed rc=19 err=UNIQUE constraint failed: ExecutedInstructions.ExecInstrId exec_id=57810260451664 instr_id=647504 core=20 sub_core=1
[cannsim_helper] insert instr failed rc=19 err=UNIQUE constraint failed: ExecutedInstructions.ExecInstrId exec_id=58080843432870 instr_id=689062 core=19 sub_core=2
[cannsim_helper] insert instr failed rc=19 err=UNIQUE constraint failed: ExecutedInstructions.ExecInstrId exec_id=58072253489160 instr_id=679944 core=17 sub_core=2
[cannsim_helper] insert instr failed rc=19 err=UNIQUE constraint failed: ExecutedInstructions.ExecInstrId exec_id=57801670544895 instr_id=675327 core=18 sub_core=1
[cannsim_helper] insert instr failed rc=19 err=UNIQUE constraint failed: ExecutedInstructions.ExecInstrId exec_id=57793080585717 instr_id=650741 core=16 sub_core=1
[cannsim_helper] insert instr failed rc=19 err=UNIQUE constraint failed: ExecutedInstructions.ExecInstrId exec_id=57801670546525 instr_id=676957 core=18 sub_core=1
[cannsim_helper] insert instr failed rc=19 err=UNIQUE constraint failed: ExecutedInstructions.ExecInstrId exec_id=57793080585718 instr_id=650742 core=16 sub_core=1
[cannsim_helper] insert instr failed rc=19 err=UNIQUE constraint failed: ExecutedInstructions.ExecInstrId exec_id=57793080585721 instr_id=650745 core=16 sub_core=1
[cannsim_helper] insert instr failed rc=19 err=UNIQUE constraint failed: ExecutedInstructions.ExecInstrId exec_id=58115202763434 instr_id=281258 core=27 sub_core=2
[cannsim_helper] insert instr failed rc=19 err=UNIQUE constraint failed: ExecutedInstructions.ExecInstrId exec_id=58098023294578 instr_id=681586 core=23 sub_core=2
[cannsim_helper] insert instr failed rc=19 err=UNIQUE constraint failed: ExecutedInstructions.ExecInstrId exec_id=57823145388284 instr_id=682236 core=23 sub_core=1
[cannsim_helper] insert instr failed rc=19 err=UNIQUE constraint failed: ExecutedInstructions.ExecInstrId exec_id=58085138379635 instr_id=668531 core=20 sub_core=2
[cannsim_helper] insert instr failed rc=19 err=UNIQUE constraint failed: ExecutedInstructions.ExecInstrId exec_id=58067958498414 instr_id=656494 core=16 sub_core=2
[cannsim_helper] insert instr failed rc=19 err=UNIQUE constraint failed: ExecutedInstructions.ExecInstrId exec_id=58067958498415 instr_id=656495 core=16 sub_core=2
[cannsim_helper] insert instr failed rc=19 err=UNIQUE constraint failed: ExecutedInstructions.ExecInstrId exec_id=58067958498417 instr_id=656497 core=16 sub_core=2
[cannsim_helper] insert instr failed rc=19 err=UNIQUE constraint failed: ExecutedInstructions.ExecInstrId exec_id=58098023296672 instr_id=683680 core=23 sub_core=2
[cannsim_helper] insert instr failed rc=19 err=UNIQUE constraint failed: ExecutedInstructions.ExecInstrId exec_id=58085138380960 instr_id=669856 core=20 sub_core=2
[cannsim_helper] insert instr failed rc=19 err=UNIQUE constraint failed: ExecutedInstructions.ExecInstrId exec_id=57823145390510 instr_id=684462 core=23 sub_core=1
[cannsim_helper] insert instr failed rc=19 err=UNIQUE constraint failed: ExecutedInstructions.ExecInstrId exec_id=57844620249750 instr_id=707222 core=28 sub_core=1
[cannsim_helper] insert instr failed rc=19 err=UNIQUE constraint failed: ExecutedInstructions.ExecInstrId exec_id=58067958529083 instr_id=687163 core=16 sub_core=2
[cannsim_helper] insert instr failed rc=19 err=UNIQUE constraint failed: ExecutedInstructions.ExecInstrId exec_id=57805965529378 instr_id=692514 core=19 sub_core=1
[cannsim_helper] insert instr failed rc=19 err=UNIQUE constraint failed: ExecutedInstructions.ExecInstrId exec_id=58050778578059 instr_id=605323 core=12 sub_core=2
[cannsim_helper] insert instr failed rc=19 err=UNIQUE constraint failed: ExecutedInstructions.ExecInstrId exec_id=58003533875167 instr_id=542687 core=1 sub_core=2
[cannsim_helper] insert instr failed rc=19 err=UNIQUE constraint failed: ExecutedInstructions.ExecInstrId exec_id=58067958531534 instr_id=689614 core=16 sub_core=2
[cannsim_helper] insert instr failed rc=19 err=UNIQUE constraint failed: ExecutedInstructions.ExecInstrId exec_id=58025008772606 instr_id=603646 core=6 sub_core=2
[cannsim_helper] insert instr failed rc=19 err=UNIQUE constraint failed: ExecutedInstructions.ExecInstrId exec_id=58102318312623 instr_id=732335 core=24 sub_core=2
[cannsim_helper] insert instr failed rc=19 err=UNIQUE constraint failed: ExecutedInstructions.ExecInstrId exec_id=58020713815652 instr_id=613988 core=5 sub_core=2
[cannsim_helper] insert instr failed rc=19 err=UNIQUE constraint failed: ExecutedInstructions.ExecInstrId exec_id=58012123877452 instr_id=610380 core=3 sub_core=2
[cannsim_helper] insert instr failed rc=19 err=UNIQUE constraint failed: ExecutedInstructions.ExecInstrId exec_id=57805965531901 instr_id=695037 core=19 sub_core=1
[cannsim_helper] insert instr failed rc=19 err=UNIQUE constraint failed: ExecutedInstructions.ExecInstrId exec_id=58115203155675 instr_id=673499 core=27 sub_core=2
[cannsim_helper] insert instr failed rc=19 err=UNIQUE constraint failed: ExecutedInstructions.ExecInstrId exec_id=57999238645350 instr_id=280166 core=0 sub_core=2
[cannsim_helper] insert instr failed rc=19 err=UNIQUE constraint failed: ExecutedInstructions.ExecInstrId exec_id=57728655705707 instr_id=280171 core=1 sub_core=1
[cannsim_helper] insert instr failed rc=19 err=UNIQUE constraint failed: ExecutedInstructions.ExecInstrId exec_id=57793080629163 instr_id=694187 core=16 sub_core=1
[cannsim_helper] insert instr failed rc=19 err=UNIQUE constraint failed: ExecutedInstructions.ExecInstrId exec_id=57827440417903 instr_id=744559 core=24 sub_core=1
[cannsim_helper] insert instr failed rc=19 err=UNIQUE constraint failed: ExecutedInstructions.ExecInstrId exec_id=57767310738120 instr_id=606920 core=10 sub_core=1
[cannsim_helper] insert instr failed rc=19 err=UNIQUE constraint failed: ExecutedInstructions.ExecInstrId exec_id=57797375597007 instr_id=694735 core=17 sub_core=1
[cannsim_helper] insert instr failed rc=19 err=UNIQUE constraint failed: ExecutedInstructions.ExecInstrId exec_id=57853209758788 instr_id=281668 core=30 sub_core=1
[cannsim_helper] insert instr failed rc=19 err=UNIQUE constraint failed: ExecutedInstructions.ExecInstrId exec_id=57793080631827 instr_id=696851 core=16 sub_core=1
[cannsim_helper] insert instr failed rc=19 err=UNIQUE constraint failed: ExecutedInstructions.ExecInstrId exec_id=57827440421620 instr_id=748276 core=24 sub_core=1
[cannsim_helper] insert instr failed rc=19 err=UNIQUE constraint failed: ExecutedInstructions.ExecInstrId exec_id=57728655985649 instr_id=560113 core=1 sub_core=1
[cannsim_helper] insert instr failed rc=19 err=UNIQUE constraint failed: ExecutedInstructions.ExecInstrId exec_id=58106613227711 instr_id=680127 core=25 sub_core=2
[cannsim_helper] insert instr failed rc=19 err=UNIQUE constraint failed: ExecutedInstructions.ExecInstrId exec_id=57797375599743 instr_id=697471 core=17 sub_core=1
[cannsim_helper] insert instr failed rc=19 err=UNIQUE constraint failed: ExecutedInstructions.ExecInstrId exec_id=58093728318618 instr_id=672922 core=22 sub_core=2
[cannsim_helper] insert instr failed rc=19 err=UNIQUE constraint failed: ExecutedInstructions.ExecInstrId exec_id=58123793149869 instr_id=733101 core=29 sub_core=2
[cannsim_helper] insert instr failed rc=19 err=UNIQUE constraint failed: ExecutedInstructions.ExecInstrId exec_id=58110908216685 instr_id=701805 core=26 sub_core=2
[cannsim_helper] insert instr failed rc=19 err=UNIQUE constraint failed: ExecutedInstructions.ExecInstrId exec_id=58093728320067 instr_id=674371 core=22 sub_core=2
[cannsim_helper] insert instr failed rc=19 err=UNIQUE constraint failed: ExecutedInstructions.ExecInstrId exec_id=58128088061028 instr_id=676964 core=30 sub_core=2
[cannsim_helper] insert instr failed rc=19 err=UNIQUE constraint failed: ExecutedInstructions.ExecInstrId exec_id=57857505197437 instr_id=753021 core=31 sub_core=1
[cannsim_helper] insert instr failed rc=19 err=UNIQUE constraint failed: ExecutedInstructions.ExecInstrId exec_id=57814555481795 instr_id=710339 core=21 sub_core=1
[cannsim_helper] insert instr failed rc=19 err=UNIQUE constraint failed: ExecutedInstructions.ExecInstrId exec_id=58132383111823 instr_id=760463 core=31 sub_core=2
[cannsim_helper] insert instr failed rc=19 err=UNIQUE constraint failed: ExecutedInstructions.ExecInstrId exec_id=58089433389417 instr_id=711017 core=21 sub_core=2
[cannsim_helper] insert instr failed rc=19 err=UNIQUE constraint failed: ExecutedInstructions.ExecInstrId exec_id=58132383115273 instr_id=763913 core=31 sub_core=2
[cannsim_helper] insert instr failed rc=19 err=UNIQUE constraint failed: ExecutedInstructions.ExecInstrId exec_id=57814555485067 instr_id=713611 core=21 sub_core=1
[cannsim_helper] insert instr failed rc=19 err=UNIQUE constraint failed: ExecutedInstructions.ExecInstrId exec_id=57848915262024 instr_id=752200 core=29 sub_core=1
[cannsim_helper] insert instr failed rc=19 err=UNIQUE constraint failed: ExecutedInstructions.ExecInstrId exec_id=57801670566111 instr_id=696543 core=18 sub_core=1
[cannsim_helper] insert instr failed rc=19 err=UNIQUE constraint failed: ExecutedInstructions.ExecInstrId exec_id=57818850415353 instr_id=676601 core=22 sub_core=1
[cannsim_helper] insert instr failed rc=19 err=UNIQUE constraint failed: ExecutedInstructions.ExecInstrId exec_id=58085138394791 instr_id=683687 core=20 sub_core=2
[cannsim_helper] insert instr failed rc=19 err=UNIQUE constraint failed: ExecutedInstructions.ExecInstrId exec_id=57848915265682 instr_id=755858 core=29 sub_core=1
[cannsim_helper] insert instr failed rc=19 err=UNIQUE constraint failed: ExecutedInstructions.ExecInstrId exec_id=58119498200791 instr_id=751319 core=28 sub_core=2
[cannsim_helper] insert instr failed rc=19 err=UNIQUE constraint failed: ExecutedInstructions.ExecInstrId exec_id=58076548479773 instr_id=703261 core=18 sub_core=2
[cannsim_helper] INSTR_POPPED_LOG callback count=500000
[cannsim_helper] insert instr failed rc=19 err=UNIQUE constraint failed: ExecutedInstructions.ExecInstrId exec_id=57840324856994 instr_id=281762 core=27 sub_core=1
[cannsim_helper] insert instr failed rc=19 err=UNIQUE constraint failed: ExecutedInstructions.ExecInstrId exec_id=58076548482972 instr_id=706460 core=18 sub_core=2
[cannsim_helper] insert instr failed rc=19 err=UNIQUE constraint failed: ExecutedInstructions.ExecInstrId exec_id=58119498204486 instr_id=755014 core=28 sub_core=2
[cannsim_helper] INSTR_LOG callback count=500000
[cannsim_helper] insert instr failed rc=19 err=UNIQUE constraint failed: ExecutedInstructions.ExecInstrId exec_id=57745835934159 instr_id=639439 core=5 sub_core=1
[cannsim_helper] insert instr failed rc=19 err=UNIQUE constraint failed: ExecutedInstructions.ExecInstrId exec_id=57836030337827 instr_id=729891 core=26 sub_core=1
[cannsim_helper] insert instr failed rc=19 err=UNIQUE constraint failed: ExecutedInstructions.ExecInstrId exec_id=58029303690135 instr_id=553879 core=7 sub_core=2
[cannsim_helper] insert instr failed rc=19 err=UNIQUE constraint failed: ExecutedInstructions.ExecInstrId exec_id=58007828905124 instr_id=605348 core=2 sub_core=2
[cannsim_helper] insert instr failed rc=19 err=UNIQUE constraint failed: ExecutedInstructions.ExecInstrId exec_id=57836030341459 instr_id=733523 core=26 sub_core=1
[cannsim_helper] insert instr failed rc=19 err=UNIQUE constraint failed: ExecutedInstructions.ExecInstrId exec_id=57840324857000 instr_id=281768 core=27 sub_core=1
[cannsim_helper] insert instr failed rc=19 err=UNIQUE constraint failed: ExecutedInstructions.ExecInstrId exec_id=57840324857007 instr_id=281775 core=27 sub_core=1
[cannsim_helper] insert instr failed rc=19 err=UNIQUE constraint failed: ExecutedInstructions.ExecInstrId exec_id=57840325260584 instr_id=685352 core=27 sub_core=1
[cannsim_helper] insert instr failed rc=19 err=UNIQUE constraint failed: ExecutedInstructions.ExecInstrId exec_id=58046483612958 instr_id=607518 core=11 sub_core=2
[cannsim_helper] insert instr failed rc=19 err=UNIQUE constraint failed: ExecutedInstructions.ExecInstrId exec_id=57763015758929 instr_id=595025 core=9 sub_core=1
[cannsim_helper] insert instr failed rc=19 err=UNIQUE constraint failed: ExecutedInstructions.ExecInstrId exec_id=57780195660790 instr_id=627702 core=13 sub_core=1
[cannsim_helper] insert instr failed rc=19 err=UNIQUE constraint failed: ExecutedInstructions.ExecInstrId exec_id=58003534116411 instr_id=783931 core=1 sub_core=2
[cannsim_helper] insert instr failed rc=19 err=UNIQUE constraint failed: ExecutedInstructions.ExecInstrId exec_id=58003534120720 instr_id=788240 core=1 sub_core=2
[cannsim_helper] insert instr failed rc=19 err=UNIQUE constraint failed: ExecutedInstructions.ExecInstrId exec_id=58003534120722 instr_id=788242 core=1 sub_core=2
[cannsim_helper] insert instr failed rc=19 err=UNIQUE constraint failed: ExecutedInstructions.ExecInstrId exec_id=58003534120724 instr_id=788244 core=1 sub_core=2
[cannsim_helper] insert instr failed rc=19 err=UNIQUE constraint failed: ExecutedInstructions.ExecInstrId exec_id=57728656222131 instr_id=796595 core=1 sub_core=1
[cannsim_helper] insert instr failed rc=19 err=UNIQUE constraint failed: ExecutedInstructions.ExecInstrId exec_id=57814555054360 instr_id=282904 core=21 sub_core=1
[cannsim_helper] insert instr failed rc=19 err=UNIQUE constraint failed: ExecutedInstructions.ExecInstrId exec_id=58080843458499 instr_id=714691 core=19 sub_core=2
[cannsim_helper] insert instr failed rc=19 err=UNIQUE constraint failed: ExecutedInstructions.ExecInstrId exec_id=57728656225493 instr_id=799957 core=1 sub_core=1
[cannsim_helper] insert instr failed rc=19 err=UNIQUE constraint failed: ExecutedInstructions.ExecInstrId exec_id=57728656225495 instr_id=799959 core=1 sub_core=1
[cannsim_helper] insert instr failed rc=19 err=UNIQUE constraint failed: ExecutedInstructions.ExecInstrId exec_id=57728656225497 instr_id=799961 core=1 sub_core=1
[cannsim_helper] insert instr failed rc=19 err=UNIQUE constraint failed: ExecutedInstructions.ExecInstrId exec_id=57741540971547 instr_id=644123 core=4 sub_core=1
[cannsim_helper] insert instr failed rc=19 err=UNIQUE constraint failed: ExecutedInstructions.ExecInstrId exec_id=58067958557326 instr_id=715406 core=16 sub_core=2
[cannsim_helper] insert instr failed rc=19 err=UNIQUE constraint failed: ExecutedInstructions.ExecInstrId exec_id=57810260520800 instr_id=716640 core=20 sub_core=1
[cannsim_helper] insert instr failed rc=19 err=UNIQUE constraint failed: ExecutedInstructions.ExecInstrId exec_id=58098023320223 instr_id=707231 core=23 sub_core=2
[cannsim_helper] insert instr failed rc=19 err=UNIQUE constraint failed: ExecutedInstructions.ExecInstrId exec_id=58012123928495 instr_id=661423 core=3 sub_core=2
[cannsim_helper] insert instr failed rc=19 err=UNIQUE constraint failed: ExecutedInstructions.ExecInstrId exec_id=57771605718505 instr_id=620009 core=11 sub_core=1
[cannsim_helper] insert instr failed rc=19 err=UNIQUE constraint failed: ExecutedInstructions.ExecInstrId exec_id=57810260523904 instr_id=719744 core=20 sub_core=1
[cannsim_helper] insert instr failed rc=19 err=UNIQUE constraint failed: ExecutedInstructions.ExecInstrId exec_id=57823145414460 instr_id=708412 core=23 sub_core=1
[cannsim_helper] insert instr failed rc=19 err=UNIQUE constraint failed: ExecutedInstructions.ExecInstrId exec_id=58033598691514 instr_id=587962 core=8 sub_core=2
[cannsim_helper] insert instr failed rc=19 err=UNIQUE constraint failed: ExecutedInstructions.ExecInstrId exec_id=57805965558932 instr_id=722068 core=19 sub_core=1
[cannsim_helper] insert instr failed rc=19 err=UNIQUE constraint failed: ExecutedInstructions.ExecInstrId exec_id=57754425815397 instr_id=586085 core=7 sub_core=1
[cannsim_helper] insert instr failed rc=19 err=UNIQUE constraint failed: ExecutedInstructions.ExecInstrId exec_id=57767310791929 instr_id=660729 core=10 sub_core=1
[cannsim_helper] insert instr failed rc=19 err=UNIQUE constraint failed: ExecutedInstructions.ExecInstrId exec_id=57831735382944 instr_id=742304 core=25 sub_core=1
[cannsim_helper] insert instr failed rc=19 err=UNIQUE constraint failed: ExecutedInstructions.ExecInstrId exec_id=58106613290444 instr_id=742860 core=25 sub_core=2
[cannsim_helper] insert instr failed rc=19 err=UNIQUE constraint failed: ExecutedInstructions.ExecInstrId exec_id=57827440451979 instr_id=778635 core=24 sub_core=1
[cannsim_helper] insert instr failed rc=19 err=UNIQUE constraint failed: ExecutedInstructions.ExecInstrId exec_id=57797375627365 instr_id=725093 core=17 sub_core=1
[cannsim_helper] insert instr failed rc=19 err=UNIQUE constraint failed: ExecutedInstructions.ExecInstrId exec_id=57750130911212 instr_id=649196 core=6 sub_core=1
[cannsim_helper] insert instr failed rc=19 err=UNIQUE constraint failed: ExecutedInstructions.ExecInstrId exec_id=57831735386446 instr_id=745806 core=25 sub_core=1
[cannsim_helper] insert instr failed rc=19 err=UNIQUE constraint failed: ExecutedInstructions.ExecInstrId exec_id=57793080659338 instr_id=724362 core=16 sub_core=1
[cannsim_helper] insert instr failed rc=19 err=UNIQUE constraint failed: ExecutedInstructions.ExecInstrId exec_id=58115202765057 instr_id=282881 core=27 sub_core=2
[cannsim_helper] insert instr failed rc=19 err=UNIQUE constraint failed: ExecutedInstructions.ExecInstrId exec_id=58128088120896 instr_id=736832 core=30 sub_core=2
[cannsim_helper] insert instr failed rc=19 err=UNIQUE constraint failed: ExecutedInstructions.ExecInstrId exec_id=58093728338107 instr_id=692411 core=22 sub_core=2
[cannsim_helper] insert instr failed rc=19 err=UNIQUE constraint failed: ExecutedInstructions.ExecInstrId exec_id=58059368558394 instr_id=651066 core=14 sub_core=2
[cannsim_helper] insert instr failed rc=19 err=UNIQUE constraint failed: ExecutedInstructions.ExecInstrId exec_id=57853210220147 instr_id=743027 core=30 sub_core=1
[cannsim_helper] insert instr failed rc=19 err=UNIQUE constraint failed: ExecutedInstructions.ExecInstrId exec_id=58115202765062 instr_id=282886 core=27 sub_core=2
[cannsim_helper] insert instr failed rc=19 err=UNIQUE constraint failed: ExecutedInstructions.ExecInstrId exec_id=58037893694119 instr_id=623271 core=9 sub_core=2
[cannsim_helper] insert instr failed rc=19 err=UNIQUE constraint failed: ExecutedInstructions.ExecInstrId exec_id=57775900718745 instr_id=652953 core=12 sub_core=1
[cannsim_helper] insert instr failed rc=19 err=UNIQUE constraint failed: ExecutedInstructions.ExecInstrId exec_id=57853210223694 instr_id=746574 core=30 sub_core=1
[cannsim_helper] insert instr failed rc=19 err=UNIQUE constraint failed: ExecutedInstructions.ExecInstrId exec_id=57814555514898 instr_id=743442 core=21 sub_core=1
[cannsim_helper] insert instr failed rc=19 err=UNIQUE constraint failed: ExecutedInstructions.ExecInstrId exec_id=58132383142049 instr_id=790689 core=31 sub_core=2
[cannsim_helper] insert instr failed rc=19 err=UNIQUE constraint failed: ExecutedInstructions.ExecInstrId exec_id=57732951033439 instr_id=640607 core=2 sub_core=1
[cannsim_helper] insert instr failed rc=19 err=UNIQUE constraint failed: ExecutedInstructions.ExecInstrId exec_id=58115202765069 instr_id=282893 core=27 sub_core=2
[cannsim_helper] insert instr failed rc=19 err=UNIQUE constraint failed: ExecutedInstructions.ExecInstrId exec_id=57844620322117 instr_id=779589 core=28 sub_core=1
[cannsim_helper] insert instr failed rc=19 err=UNIQUE constraint failed: ExecutedInstructions.ExecInstrId exec_id=57758720804080 instr_id=607472 core=8 sub_core=1
[cannsim_helper] insert instr failed rc=19 err=UNIQUE constraint failed: ExecutedInstructions.ExecInstrId exec_id=58063663521679 instr_id=647055 core=15 sub_core=2
[cannsim_helper] insert instr failed rc=19 err=UNIQUE constraint failed: ExecutedInstructions.ExecInstrId exec_id=57737246155634 instr_id=795506 core=3 sub_core=1
[cannsim_helper] insert instr failed rc=19 err=UNIQUE constraint failed: ExecutedInstructions.ExecInstrId exec_id=57848915294607 instr_id=784783 core=29 sub_core=1
[cannsim_helper] insert instr failed rc=19 err=UNIQUE constraint failed: ExecutedInstructions.ExecInstrId exec_id=57737246159234 instr_id=799106 core=3 sub_core=1
[cannsim_helper] insert instr failed rc=19 err=UNIQUE constraint failed: ExecutedInstructions.ExecInstrId exec_id=57737246159240 instr_id=799112 core=3 sub_core=1
[cannsim_helper] insert instr failed rc=19 err=UNIQUE constraint failed: ExecutedInstructions.ExecInstrId exec_id=57737246159242 instr_id=799114 core=3 sub_core=1
[cannsim_helper] insert instr failed rc=19 err=UNIQUE constraint failed: ExecutedInstructions.ExecInstrId exec_id=58012124072645 instr_id=805573 core=3 sub_core=2
[cannsim_helper] insert instr failed rc=19 err=UNIQUE constraint failed: ExecutedInstructions.ExecInstrId exec_id=57728656291888 instr_id=866352 core=1 sub_core=1
[cannsim_helper] insert instr failed rc=19 err=UNIQUE constraint failed: ExecutedInstructions.ExecInstrId exec_id=57728656291892 instr_id=866356 core=1 sub_core=1
[cannsim_helper] insert instr failed rc=19 err=UNIQUE constraint failed: ExecutedInstructions.ExecInstrId exec_id=57728656291893 instr_id=866357 core=1 sub_core=1
[cannsim_helper] insert instr failed rc=19 err=UNIQUE constraint failed: ExecutedInstructions.ExecInstrId exec_id=57728656291898 instr_id=866362 core=1 sub_core=1
[cannsim_helper] insert instr failed rc=19 err=UNIQUE constraint failed: ExecutedInstructions.ExecInstrId exec_id=57728656291900 instr_id=866364 core=1 sub_core=1
[cannsim_helper] insert instr failed rc=19 err=UNIQUE constraint failed: ExecutedInstructions.ExecInstrId exec_id=57853209760476 instr_id=283356 core=30 sub_core=1
[cannsim_helper] insert instr failed rc=19 err=UNIQUE constraint failed: ExecutedInstructions.ExecInstrId exec_id=58003534198849 instr_id=866369 core=1 sub_core=2
[cannsim_helper] insert instr failed rc=19 err=UNIQUE constraint failed: ExecutedInstructions.ExecInstrId exec_id=58003534198850 instr_id=866370 core=1 sub_core=2
[cannsim_helper] insert instr failed rc=19 err=UNIQUE constraint failed: ExecutedInstructions.ExecInstrId exec_id=58003534198851 instr_id=866371 core=1 sub_core=2
[cannsim_helper] insert instr failed rc=19 err=UNIQUE constraint failed: ExecutedInstructions.ExecInstrId exec_id=57741540611424 instr_id=284000 core=4 sub_core=1
[cannsim_helper] insert instr failed rc=19 err=UNIQUE constraint failed: ExecutedInstructions.ExecInstrId exec_id=58003534198854 instr_id=866374 core=1 sub_core=2
[cannsim_helper] insert instr failed rc=19 err=UNIQUE constraint failed: ExecutedInstructions.ExecInstrId exec_id=58012124075383 instr_id=808311 core=3 sub_core=2
[cannsim_helper] insert instr failed rc=19 err=UNIQUE constraint failed: ExecutedInstructions.ExecInstrId exec_id=58012124075389 instr_id=808317 core=3 sub_core=2
[cannsim_helper] insert instr failed rc=19 err=UNIQUE constraint failed: ExecutedInstructions.ExecInstrId exec_id=58012124075391 instr_id=808319 core=3 sub_core=2
[cannsim_helper] insert instr failed rc=19 err=UNIQUE constraint failed: ExecutedInstructions.ExecInstrId exec_id=58003534198856 instr_id=866376 core=1 sub_core=2
[cannsim_helper] insert instr failed rc=19 err=UNIQUE constraint failed: ExecutedInstructions.ExecInstrId exec_id=58076548512407 instr_id=735895 core=18 sub_core=2
[cannsim_helper] insert instr failed rc=19 err=UNIQUE constraint failed: ExecutedInstructions.ExecInstrId exec_id=58119498233605 instr_id=784133 core=28 sub_core=2
[cannsim_helper] insert instr failed rc=19 err=UNIQUE constraint failed: ExecutedInstructions.ExecInstrId exec_id=58020713863839 instr_id=662175 core=5 sub_core=2
[cannsim_helper] insert instr failed rc=19 err=UNIQUE constraint failed: ExecutedInstructions.ExecInstrId exec_id=58072253551748 instr_id=742532 core=17 sub_core=2
[cannsim_helper] insert instr failed rc=19 err=UNIQUE constraint failed: ExecutedInstructions.ExecInstrId exec_id=58055073594076 instr_id=654044 core=13 sub_core=2
[cannsim_helper] insert instr failed rc=19 err=UNIQUE constraint failed: ExecutedInstructions.ExecInstrId exec_id=57853209760478 instr_id=283358 core=30 sub_core=1
[cannsim_helper] insert instr failed rc=19 err=UNIQUE constraint failed: ExecutedInstructions.ExecInstrId exec_id=57788785619292 instr_id=651612 core=15 sub_core=1
[cannsim_helper] insert instr failed rc=19 err=UNIQUE constraint failed: ExecutedInstructions.ExecInstrId exec_id=57836030372669 instr_id=764733 core=26 sub_core=1
[cannsim_helper] insert instr failed rc=19 err=UNIQUE constraint failed: ExecutedInstructions.ExecInstrId exec_id=57853209760480 instr_id=283360 core=30 sub_core=1
[cannsim_helper] insert instr failed rc=19 err=UNIQUE constraint failed: ExecutedInstructions.ExecInstrId exec_id=57784490657860 instr_id=657476 core=14 sub_core=1
[cannsim_helper] insert instr failed rc=19 err=UNIQUE constraint failed: ExecutedInstructions.ExecInstrId exec_id=58025008829127 instr_id=660167 core=6 sub_core=2
[cannsim_helper] insert instr failed rc=19 err=UNIQUE constraint failed: ExecutedInstructions.ExecInstrId exec_id=58102318379298 instr_id=799010 core=24 sub_core=2
[cannsim_helper] insert instr failed rc=19 err=UNIQUE constraint failed: ExecutedInstructions.ExecInstrId exec_id=58007829102223 instr_id=802447 core=2 sub_core=2
[cannsim_helper] insert instr failed rc=19 err=UNIQUE constraint failed: ExecutedInstructions.ExecInstrId exec_id=58110908289190 instr_id=774310 core=26 sub_core=2
[cannsim_helper] insert instr failed rc=19 err=UNIQUE constraint failed: ExecutedInstructions.ExecInstrId exec_id=57732951196770 instr_id=803938 core=2 sub_core=1
[cannsim_helper] insert instr failed rc=19 err=UNIQUE constraint failed: ExecutedInstructions.ExecInstrId exec_id=58007829105140 instr_id=805364 core=2 sub_core=2
[cannsim_helper] insert instr failed rc=19 err=UNIQUE constraint failed: ExecutedInstructions.ExecInstrId exec_id=58050778633207 instr_id=660471 core=12 sub_core=2
[cannsim_helper] insert instr failed rc=19 err=UNIQUE constraint failed: ExecutedInstructions.ExecInstrId exec_id=58007829105142 instr_id=805366 core=2 sub_core=2
[cannsim_helper] insert instr failed rc=19 err=UNIQUE constraint failed: ExecutedInstructions.ExecInstrId exec_id=58007829105144 instr_id=805368 core=2 sub_core=2
[cannsim_helper] insert instr failed rc=19 err=UNIQUE constraint failed: ExecutedInstructions.ExecInstrId exec_id=57732951199807 instr_id=806975 core=2 sub_core=1
[cannsim_helper] insert instr failed rc=19 err=UNIQUE constraint failed: ExecutedInstructions.ExecInstrId exec_id=57732951199809 instr_id=806977 core=2 sub_core=1
[cannsim_helper] insert instr failed rc=19 err=UNIQUE constraint failed: ExecutedInstructions.ExecInstrId exec_id=57732951199811 instr_id=806979 core=2 sub_core=1
[cannsim_helper] insert instr failed rc=19 err=UNIQUE constraint failed: ExecutedInstructions.ExecInstrId exec_id=57831735417194 instr_id=776554 core=25 sub_core=1
[cannsim_helper] insert instr failed rc=19 err=UNIQUE constraint failed: ExecutedInstructions.ExecInstrId exec_id=58085138460559 instr_id=749455 core=20 sub_core=2
[cannsim_helper] insert instr failed rc=19 err=UNIQUE constraint failed: ExecutedInstructions.ExecInstrId exec_id=58123793216242 instr_id=799474 core=29 sub_core=2
[cannsim_helper] insert instr failed rc=19 err=UNIQUE constraint failed: ExecutedInstructions.ExecInstrId exec_id=57810260554684 instr_id=750524 core=20 sub_core=1
[cannsim_helper] insert instr failed rc=19 err=UNIQUE constraint failed: ExecutedInstructions.ExecInstrId exec_id=58115203211418 instr_id=729242 core=27 sub_core=2
[cannsim_helper] insert instr failed rc=19 err=UNIQUE constraint failed: ExecutedInstructions.ExecInstrId exec_id=57853210254356 instr_id=777236 core=30 sub_core=1
[cannsim_helper] insert instr failed rc=19 err=UNIQUE constraint failed: ExecutedInstructions.ExecInstrId exec_id=58012124133400 instr_id=866328 core=3 sub_core=2
[cannsim_helper] insert instr failed rc=19 err=UNIQUE constraint failed: ExecutedInstructions.ExecInstrId exec_id=58012124133401 instr_id=866329 core=3 sub_core=2
[cannsim_helper] insert instr failed rc=19 err=UNIQUE constraint failed: ExecutedInstructions.ExecInstrId exec_id=58012124133402 instr_id=866330 core=3 sub_core=2
[cannsim_helper] insert instr failed rc=19 err=UNIQUE constraint failed: ExecutedInstructions.ExecInstrId exec_id=58012124133405 instr_id=866333 core=3 sub_core=2
[cannsim_helper] insert instr failed rc=19 err=UNIQUE constraint failed: ExecutedInstructions.ExecInstrId exec_id=58012124133407 instr_id=866335 core=3 sub_core=2
[cannsim_helper] insert instr failed rc=19 err=UNIQUE constraint failed: ExecutedInstructions.ExecInstrId exec_id=57737246226468 instr_id=866340 core=3 sub_core=1
[cannsim_helper] insert instr failed rc=19 err=UNIQUE constraint failed: ExecutedInstructions.ExecInstrId exec_id=57737246226469 instr_id=866341 core=3 sub_core=1
[cannsim_helper] insert instr failed rc=19 err=UNIQUE constraint failed: ExecutedInstructions.ExecInstrId exec_id=57737246226470 instr_id=866342 core=3 sub_core=1
[cannsim_helper] insert instr failed rc=19 err=UNIQUE constraint failed: ExecutedInstructions.ExecInstrId exec_id=57737246226473 instr_id=866345 core=3 sub_core=1
[cannsim_helper] insert instr failed rc=19 err=UNIQUE constraint failed: ExecutedInstructions.ExecInstrId exec_id=57737246226475 instr_id=866347 core=3 sub_core=1
[cannsim_helper] insert instr failed rc=19 err=UNIQUE constraint failed: ExecutedInstructions.ExecInstrId exec_id=57814555056079 instr_id=284623 core=21 sub_core=1
[cannsim_helper] insert instr failed rc=19 err=UNIQUE constraint failed: ExecutedInstructions.ExecInstrId exec_id=57857505254000 instr_id=809584 core=31 sub_core=1
[cannsim_helper] insert instr failed rc=19 err=UNIQUE constraint failed: ExecutedInstructions.ExecInstrId exec_id=57814555056084 instr_id=284628 core=21 sub_core=1
[cannsim_helper] insert instr failed rc=19 err=UNIQUE constraint failed: ExecutedInstructions.ExecInstrId exec_id=57814555056088 instr_id=284632 core=21 sub_core=1
[cannsim_helper] INSTR_POPPED_LOG callback count=600000
[cannsim_helper] INSTR_LOG callback count=600000
[cannsim_helper] insert instr failed rc=19 err=UNIQUE constraint failed: ExecutedInstructions.ExecInstrId exec_id=57801670637748 instr_id=768180 core=18 sub_core=1
[cannsim_helper] insert instr failed rc=19 err=UNIQUE constraint failed: ExecutedInstructions.ExecInstrId exec_id=58007828583817 instr_id=284041 core=2 sub_core=2
[cannsim_helper] insert instr failed rc=19 err=UNIQUE constraint failed: ExecutedInstructions.ExecInstrId exec_id=58089433461526 instr_id=783126 core=21 sub_core=2
[cannsim_helper] insert instr failed rc=19 err=UNIQUE constraint failed: ExecutedInstructions.ExecInstrId exec_id=57818850474873 instr_id=736121 core=22 sub_core=1
[cannsim_helper] insert instr failed rc=19 err=UNIQUE constraint failed: ExecutedInstructions.ExecInstrId exec_id=58003534212532 instr_id=880052 core=1 sub_core=2
[cannsim_helper] insert instr failed rc=19 err=UNIQUE constraint failed: ExecutedInstructions.ExecInstrId exec_id=58003534212533 instr_id=880053 core=1 sub_core=2
[cannsim_helper] insert instr failed rc=19 err=UNIQUE constraint failed: ExecutedInstructions.ExecInstrId exec_id=58003534212619 instr_id=880139 core=1 sub_core=2
[cannsim_helper] insert instr failed rc=19 err=UNIQUE constraint failed: ExecutedInstructions.ExecInstrId exec_id=58007829166092 instr_id=866316 core=2 sub_core=2
[cannsim_helper] insert instr failed rc=19 err=UNIQUE constraint failed: ExecutedInstructions.ExecInstrId exec_id=58007829166093 instr_id=866317 core=2 sub_core=2
[cannsim_helper] insert instr failed rc=19 err=UNIQUE constraint failed: ExecutedInstructions.ExecInstrId exec_id=58007829166094 instr_id=866318 core=2 sub_core=2
[cannsim_helper] insert instr failed rc=19 err=UNIQUE constraint failed: ExecutedInstructions.ExecInstrId exec_id=58007829166097 instr_id=866321 core=2 sub_core=2
[cannsim_helper] insert instr failed rc=19 err=UNIQUE constraint failed: ExecutedInstructions.ExecInstrId exec_id=58003534212621 instr_id=880141 core=1 sub_core=2
[cannsim_helper] insert instr failed rc=19 err=UNIQUE constraint failed: ExecutedInstructions.ExecInstrId exec_id=58007829166099 instr_id=866323 core=2 sub_core=2
[cannsim_helper] insert instr failed rc=19 err=UNIQUE constraint failed: ExecutedInstructions.ExecInstrId exec_id=58003534212635 instr_id=880155 core=1 sub_core=2
[cannsim_helper] insert instr failed rc=19 err=UNIQUE constraint failed: ExecutedInstructions.ExecInstrId exec_id=57728656305738 instr_id=880202 core=1 sub_core=1
[cannsim_helper] insert instr failed rc=19 err=UNIQUE constraint failed: ExecutedInstructions.ExecInstrId exec_id=57728656305739 instr_id=880203 core=1 sub_core=1
[cannsim_helper] insert instr failed rc=19 err=UNIQUE constraint failed: ExecutedInstructions.ExecInstrId exec_id=57728656305813 instr_id=880277 core=1 sub_core=1
[cannsim_helper] insert instr failed rc=19 err=UNIQUE constraint failed: ExecutedInstructions.ExecInstrId exec_id=57737246240477 instr_id=880349 core=3 sub_core=1
[cannsim_helper] insert instr failed rc=19 err=UNIQUE constraint failed: ExecutedInstructions.ExecInstrId exec_id=57728656305815 instr_id=880279 core=1 sub_core=1
[cannsim_helper] insert instr failed rc=19 err=UNIQUE constraint failed: ExecutedInstructions.ExecInstrId exec_id=57737246240478 instr_id=880350 core=3 sub_core=1
[cannsim_helper] insert instr failed rc=19 err=UNIQUE constraint failed: ExecutedInstructions.ExecInstrId exec_id=57728656305829 instr_id=880293 core=1 sub_core=1
[cannsim_helper] insert instr failed rc=19 err=UNIQUE constraint failed: ExecutedInstructions.ExecInstrId exec_id=57732951259223 instr_id=866391 core=2 sub_core=1
[cannsim_helper] insert instr failed rc=19 err=UNIQUE constraint failed: ExecutedInstructions.ExecInstrId exec_id=57732951259224 instr_id=866392 core=2 sub_core=1
[cannsim_helper] insert instr failed rc=19 err=UNIQUE constraint failed: ExecutedInstructions.ExecInstrId exec_id=57732951259225 instr_id=866393 core=2 sub_core=1
[cannsim_helper] insert instr failed rc=19 err=UNIQUE constraint failed: ExecutedInstructions.ExecInstrId exec_id=57732951259228 instr_id=866396 core=2 sub_core=1
[cannsim_helper] insert instr failed rc=19 err=UNIQUE constraint failed: ExecutedInstructions.ExecInstrId exec_id=57732951259230 instr_id=866398 core=2 sub_core=1
[cannsim_helper] insert instr failed rc=19 err=UNIQUE constraint failed: ExecutedInstructions.ExecInstrId exec_id=57737246240521 instr_id=880393 core=3 sub_core=1
[cannsim_helper] insert instr failed rc=19 err=UNIQUE constraint failed: ExecutedInstructions.ExecInstrId exec_id=57737246240523 instr_id=880395 core=3 sub_core=1
[cannsim_helper] insert instr failed rc=19 err=UNIQUE constraint failed: ExecutedInstructions.ExecInstrId exec_id=57737246240533 instr_id=880405 core=3 sub_core=1
[cannsim_helper] insert instr failed rc=19 err=UNIQUE constraint failed: ExecutedInstructions.ExecInstrId exec_id=58012124147531 instr_id=880459 core=3 sub_core=2
[cannsim_helper] insert instr failed rc=19 err=UNIQUE constraint failed: ExecutedInstructions.ExecInstrId exec_id=58012124147532 instr_id=880460 core=3 sub_core=2
[cannsim_helper] insert instr failed rc=19 err=UNIQUE constraint failed: ExecutedInstructions.ExecInstrId exec_id=58012124147616 instr_id=880544 core=3 sub_core=2
[cannsim_helper] insert instr failed rc=19 err=UNIQUE constraint failed: ExecutedInstructions.ExecInstrId exec_id=58012124147623 instr_id=880551 core=3 sub_core=2
[cannsim_helper] insert instr failed rc=19 err=UNIQUE constraint failed: ExecutedInstructions.ExecInstrId exec_id=58012124147630 instr_id=880558 core=3 sub_core=2
[cannsim_helper] insert instr failed rc=19 err=UNIQUE constraint failed: ExecutedInstructions.ExecInstrId exec_id=57840325327375 instr_id=752143 core=27 sub_core=1
[cannsim_helper] insert instr failed rc=19 err=UNIQUE constraint failed: ExecutedInstructions.ExecInstrId exec_id=57724360743728 instr_id=285488 core=0 sub_core=1
[cannsim_helper] insert instr failed rc=19 err=UNIQUE constraint failed: ExecutedInstructions.ExecInstrId exec_id=57724360743730 instr_id=285490 core=0 sub_core=1
[cannsim_helper] insert instr failed rc=19 err=UNIQUE constraint failed: ExecutedInstructions.ExecInstrId exec_id=57797375696816 instr_id=794544 core=17 sub_core=1
[cannsim_helper] insert instr failed rc=19 err=UNIQUE constraint failed: ExecutedInstructions.ExecInstrId exec_id=58119498268843 instr_id=819371 core=28 sub_core=2
[cannsim_helper] insert instr failed rc=19 err=UNIQUE constraint failed: ExecutedInstructions.ExecInstrId exec_id=57827440491318 instr_id=817974 core=24 sub_core=1
[cannsim_helper] insert instr failed rc=19 err=UNIQUE constraint failed: ExecutedInstructions.ExecInstrId exec_id=57732950677805 instr_id=284973 core=2 sub_core=1
[cannsim_helper] insert instr failed rc=19 err=UNIQUE constraint failed: ExecutedInstructions.ExecInstrId exec_id=58080843530032 instr_id=786224 core=19 sub_core=2
[cannsim_helper] insert instr failed rc=19 err=UNIQUE constraint failed: ExecutedInstructions.ExecInstrId exec_id=58067958628683 instr_id=786763 core=16 sub_core=2
[cannsim_helper] insert instr failed rc=19 err=UNIQUE constraint failed: ExecutedInstructions.ExecInstrId exec_id=58098023392597 instr_id=779605 core=23 sub_core=2
[cannsim_helper] insert instr failed rc=19 err=UNIQUE constraint failed: ExecutedInstructions.ExecInstrId exec_id=58007829179169 instr_id=879393 core=2 sub_core=2
[cannsim_helper] insert instr failed rc=19 err=UNIQUE constraint failed: ExecutedInstructions.ExecInstrId exec_id=58007829179171 instr_id=879395 core=2 sub_core=2
[cannsim_helper] insert instr failed rc=19 err=UNIQUE constraint failed: ExecutedInstructions.ExecInstrId exec_id=58007829179249 instr_id=879473 core=2 sub_core=2
[cannsim_helper] insert instr failed rc=19 err=UNIQUE constraint failed: ExecutedInstructions.ExecInstrId exec_id=58007829179251 instr_id=879475 core=2 sub_core=2
[cannsim_helper] insert instr failed rc=19 err=UNIQUE constraint failed: ExecutedInstructions.ExecInstrId exec_id=58007829179253 instr_id=879477 core=2 sub_core=2
[cannsim_helper] insert instr failed rc=19 err=UNIQUE constraint failed: ExecutedInstructions.ExecInstrId exec_id=57831735458141 instr_id=817501 core=25 sub_core=1
[cannsim_helper] insert instr failed rc=19 err=UNIQUE constraint failed: ExecutedInstructions.ExecInstrId exec_id=57732951272701 instr_id=879869 core=2 sub_core=1
[cannsim_helper] insert instr failed rc=19 err=UNIQUE constraint failed: ExecutedInstructions.ExecInstrId exec_id=57848915329290 instr_id=819466 core=29 sub_core=1
[cannsim_helper] insert instr failed rc=19 err=UNIQUE constraint failed: ExecutedInstructions.ExecInstrId exec_id=57732951272702 instr_id=879870 core=2 sub_core=1
[cannsim_helper] insert instr failed rc=19 err=UNIQUE constraint failed: ExecutedInstructions.ExecInstrId exec_id=57823145486692 instr_id=780644 core=23 sub_core=1
[cannsim_helper] insert instr failed rc=19 err=UNIQUE constraint failed: ExecutedInstructions.ExecInstrId exec_id=57732951272819 instr_id=879987 core=2 sub_core=1
[cannsim_helper] insert instr failed rc=19 err=UNIQUE constraint failed: ExecutedInstructions.ExecInstrId exec_id=57732951272821 instr_id=879989 core=2 sub_core=1
[cannsim_helper] insert instr failed rc=19 err=UNIQUE constraint failed: ExecutedInstructions.ExecInstrId exec_id=57732951272831 instr_id=879999 core=2 sub_core=1
[cannsim_helper] insert instr failed rc=19 err=UNIQUE constraint failed: ExecutedInstructions.ExecInstrId exec_id=58012123553272 instr_id=286200 core=3 sub_core=2
[cannsim_helper] insert instr failed rc=19 err=UNIQUE constraint failed: ExecutedInstructions.ExecInstrId exec_id=57836030421855 instr_id=813919 core=26 sub_core=1
[cannsim_helper] insert instr failed rc=19 err=UNIQUE constraint failed: ExecutedInstructions.ExecInstrId exec_id=57805965629195 instr_id=792331 core=19 sub_core=1
[cannsim_helper] insert instr failed rc=19 err=UNIQUE constraint failed: ExecutedInstructions.ExecInstrId exec_id=58012123553278 instr_id=286206 core=3 sub_core=2
[cannsim_helper] insert instr failed rc=19 err=UNIQUE constraint failed: ExecutedInstructions.ExecInstrId exec_id=58132383172057 instr_id=820697 core=31 sub_core=2
[cannsim_helper] insert instr failed rc=19 err=UNIQUE constraint failed: ExecutedInstructions.ExecInstrId exec_id=57853210294769 instr_id=817649 core=30 sub_core=1
[cannsim_helper] insert instr failed rc=19 err=UNIQUE constraint failed: ExecutedInstructions.ExecInstrId exec_id=58093728408256 instr_id=762560 core=22 sub_core=2
[cannsim_helper] insert instr failed rc=19 err=UNIQUE constraint failed: ExecutedInstructions.ExecInstrId exec_id=57814555576744 instr_id=805288 core=21 sub_core=1
[cannsim_helper] insert instr failed rc=19 err=UNIQUE constraint failed: ExecutedInstructions.ExecInstrId exec_id=57793080728957 instr_id=793981 core=16 sub_core=1
[cannsim_helper] insert instr failed rc=19 err=UNIQUE constraint failed: ExecutedInstructions.ExecInstrId exec_id=58076548577622 instr_id=801110 core=18 sub_core=2
[cannsim_helper] insert instr failed rc=19 err=UNIQUE constraint failed: ExecutedInstructions.ExecInstrId exec_id=57810260612753 instr_id=808593 core=20 sub_core=1
[cannsim_helper] insert instr failed rc=19 err=UNIQUE constraint failed: ExecutedInstructions.ExecInstrId exec_id=58003533619274 instr_id=286794 core=1 sub_core=2
[cannsim_helper] insert instr failed rc=19 err=UNIQUE constraint failed: ExecutedInstructions.ExecInstrId exec_id=58003533619276 instr_id=286796 core=1 sub_core=2
[cannsim_helper] insert instr failed rc=19 err=UNIQUE constraint failed: ExecutedInstructions.ExecInstrId exec_id=57999238654092 instr_id=288908 core=0 sub_core=2
[cannsim_helper] insert instr failed rc=19 err=UNIQUE constraint failed: ExecutedInstructions.ExecInstrId exec_id=57728655714473 instr_id=288937 core=1 sub_core=1
[cannsim_helper] insert instr failed rc=19 err=UNIQUE constraint failed: ExecutedInstructions.ExecInstrId exec_id=57999238654095 instr_id=288911 core=0 sub_core=2
[cannsim_helper] insert instr failed rc=19 err=UNIQUE constraint failed: ExecutedInstructions.ExecInstrId exec_id=57728655714474 instr_id=288938 core=1 sub_core=1
[cannsim_helper] insert instr failed rc=19 err=UNIQUE constraint failed: ExecutedInstructions.ExecInstrId exec_id=57754425520017 instr_id=290705 core=7 sub_core=1
[cannsim_helper] insert instr failed rc=19 err=UNIQUE constraint failed: ExecutedInstructions.ExecInstrId exec_id=57737245650418 instr_id=290290 core=3 sub_core=1
[cannsim_helper] insert instr failed rc=19 err=UNIQUE constraint failed: ExecutedInstructions.ExecInstrId exec_id=57724360750743 instr_id=292503 core=0 sub_core=1
[cannsim_helper] insert instr failed rc=19 err=UNIQUE constraint failed: ExecutedInstructions.ExecInstrId exec_id=58020713494617 instr_id=292953 core=5 sub_core=2
[cannsim_helper] insert instr failed rc=19 err=UNIQUE constraint failed: ExecutedInstructions.ExecInstrId exec_id=57999238658566 instr_id=293382 core=0 sub_core=2
[cannsim_helper] insert instr failed rc=19 err=UNIQUE constraint failed: ExecutedInstructions.ExecInstrId exec_id=58007828592923 instr_id=293147 core=2 sub_core=2
[cannsim_helper] insert instr failed rc=19 err=UNIQUE constraint failed: ExecutedInstructions.ExecInstrId exec_id=58007828592925 instr_id=293149 core=2 sub_core=2
[cannsim_helper] insert instr failed rc=19 err=UNIQUE constraint failed: ExecutedInstructions.ExecInstrId exec_id=58025008463365 instr_id=294405 core=6 sub_core=2
[cannsim_helper] insert instr failed rc=19 err=UNIQUE constraint failed: ExecutedInstructions.ExecInstrId exec_id=57745835589293 instr_id=294573 core=5 sub_core=1
[cannsim_helper] insert instr failed rc=19 err=UNIQUE constraint failed: ExecutedInstructions.ExecInstrId exec_id=57732950687040 instr_id=294208 core=2 sub_core=1
[cannsim_helper] insert instr failed rc=19 err=UNIQUE constraint failed: ExecutedInstructions.ExecInstrId exec_id=57732950687042 instr_id=294210 core=2 sub_core=1
[cannsim_helper] insert instr failed rc=19 err=UNIQUE constraint failed: ExecutedInstructions.ExecInstrId exec_id=57741540620834 instr_id=293410 core=4 sub_core=1
[cannsim_helper] insert instr failed rc=19 err=UNIQUE constraint failed: ExecutedInstructions.ExecInstrId exec_id=58016418530205 instr_id=295837 core=4 sub_core=2
[cannsim_helper] insert instr failed rc=19 err=UNIQUE constraint failed: ExecutedInstructions.ExecInstrId exec_id=57750130559003 instr_id=296987 core=6 sub_core=1
[cannsim_helper] insert instr failed rc=19 err=UNIQUE constraint failed: ExecutedInstructions.ExecInstrId exec_id=57788785269673 instr_id=301993 core=15 sub_core=1
[cannsim_helper] insert instr failed rc=19 err=UNIQUE constraint failed: ExecutedInstructions.ExecInstrId exec_id=58037893373680 instr_id=302832 core=9 sub_core=2
[cannsim_helper] insert instr failed rc=19 err=UNIQUE constraint failed: ExecutedInstructions.ExecInstrId exec_id=57737245663908 instr_id=303780 core=3 sub_core=1
[cannsim_helper] insert instr failed rc=19 err=UNIQUE constraint failed: ExecutedInstructions.ExecInstrId exec_id=57737245663909 instr_id=303781 core=3 sub_core=1
[cannsim_helper] insert instr failed rc=19 err=UNIQUE constraint failed: ExecutedInstructions.ExecInstrId exec_id=57754425534060 instr_id=304748 core=7 sub_core=1
[cannsim_helper] insert instr failed rc=19 err=UNIQUE constraint failed: ExecutedInstructions.ExecInstrId exec_id=57780195342675 instr_id=309587 core=13 sub_core=1
[cannsim_helper] insert instr failed rc=19 err=UNIQUE constraint failed: ExecutedInstructions.ExecInstrId exec_id=57741540636294 instr_id=308870 core=4 sub_core=1
[cannsim_helper] insert instr failed rc=19 err=UNIQUE constraint failed: ExecutedInstructions.ExecInstrId exec_id=57741540636295 instr_id=308871 core=4 sub_core=1
[cannsim_helper] insert instr failed rc=19 err=UNIQUE constraint failed: ExecutedInstructions.ExecInstrId exec_id=57724360766036 instr_id=307796 core=0 sub_core=1
[cannsim_helper] insert instr failed rc=19 err=UNIQUE constraint failed: ExecutedInstructions.ExecInstrId exec_id=58020713510177 instr_id=308513 core=5 sub_core=2
[cannsim_helper] insert instr failed rc=19 err=UNIQUE constraint failed: ExecutedInstructions.ExecInstrId exec_id=58055073251146 instr_id=311114 core=13 sub_core=2
[cannsim_helper] insert instr failed rc=19 err=UNIQUE constraint failed: ExecutedInstructions.ExecInstrId exec_id=57999238674406 instr_id=309222 core=0 sub_core=2
[cannsim_helper] insert instr failed rc=19 err=UNIQUE constraint failed: ExecutedInstructions.ExecInstrId exec_id=57771605410450 instr_id=311954 core=11 sub_core=1
[cannsim_helper] insert instr failed rc=19 err=UNIQUE constraint failed: ExecutedInstructions.ExecInstrId exec_id=57763015476571 instr_id=312667 core=9 sub_core=1
[cannsim_helper] insert instr failed rc=19 err=UNIQUE constraint failed: ExecutedInstructions.ExecInstrId exec_id=58025008479499 instr_id=310539 core=6 sub_core=2
[cannsim_helper] insert instr failed rc=19 err=UNIQUE constraint failed: ExecutedInstructions.ExecInstrId exec_id=58029303450246 instr_id=313990 core=7 sub_core=2
[cannsim_helper] insert instr failed rc=19 err=UNIQUE constraint failed: ExecutedInstructions.ExecInstrId exec_id=58059368221518 instr_id=314190 core=14 sub_core=2
[cannsim_helper] insert instr failed rc=19 err=UNIQUE constraint failed: ExecutedInstructions.ExecInstrId exec_id=57745835606104 instr_id=311384 core=5 sub_core=1
[cannsim_helper] insert instr failed rc=19 err=UNIQUE constraint failed: ExecutedInstructions.ExecInstrId exec_id=58016418546863 instr_id=312495 core=4 sub_core=2
[cannsim_helper] insert instr failed rc=19 err=UNIQUE constraint failed: ExecutedInstructions.ExecInstrId exec_id=57784490317054 instr_id=316670 core=14 sub_core=1
[cannsim_helper] insert instr failed rc=19 err=UNIQUE constraint failed: ExecutedInstructions.ExecInstrId exec_id=58063663192880 instr_id=318256 core=15 sub_core=2
[cannsim_helper] insert instr failed rc=19 err=UNIQUE constraint failed: ExecutedInstructions.ExecInstrId exec_id=57750130576078 instr_id=314062 core=6 sub_core=1
[cannsim_helper] insert instr failed rc=19 err=UNIQUE constraint failed: ExecutedInstructions.ExecInstrId exec_id=57775900384680 instr_id=318888 core=12 sub_core=1
[cannsim_helper] insert instr failed rc=19 err=UNIQUE constraint failed: ExecutedInstructions.ExecInstrId exec_id=58046483325897 instr_id=320457 core=11 sub_core=2
[cannsim_helper] insert instr failed rc=19 err=UNIQUE constraint failed: ExecutedInstructions.ExecInstrId exec_id=58042188362499 instr_id=324355 core=10 sub_core=2
[cannsim_helper] insert instr failed rc=19 err=UNIQUE constraint failed: ExecutedInstructions.ExecInstrId exec_id=57758720522525 instr_id=325917 core=8 sub_core=1
[cannsim_helper] insert instr failed rc=19 err=UNIQUE constraint failed: ExecutedInstructions.ExecInstrId exec_id=57788785289756 instr_id=322076 core=15 sub_core=1
[cannsim_helper] insert instr failed rc=19 err=UNIQUE constraint failed: ExecutedInstructions.ExecInstrId exec_id=57754425554859 instr_id=325547 core=7 sub_core=1
[cannsim_helper] insert instr failed rc=19 err=UNIQUE constraint failed: ExecutedInstructions.ExecInstrId exec_id=57754425554864 instr_id=325552 core=7 sub_core=1
[cannsim_helper] insert instr failed rc=19 err=UNIQUE constraint failed: ExecutedInstructions.ExecInstrId exec_id=58037893394212 instr_id=323364 core=9 sub_core=2
[cannsim_helper] insert instr failed rc=19 err=UNIQUE constraint failed: ExecutedInstructions.ExecInstrId exec_id=58033598432367 instr_id=328815 core=8 sub_core=2
[cannsim_helper] insert instr failed rc=19 err=UNIQUE constraint failed: ExecutedInstructions.ExecInstrId exec_id=57999238697354 instr_id=332170 core=0 sub_core=2
[cannsim_helper] insert instr failed rc=19 err=UNIQUE constraint failed: ExecutedInstructions.ExecInstrId exec_id=57999238697355 instr_id=332171 core=0 sub_core=2
[cannsim_helper] insert instr failed rc=19 err=UNIQUE constraint failed: ExecutedInstructions.ExecInstrId exec_id=57724360788690 instr_id=330450 core=0 sub_core=1
[cannsim_helper] insert instr failed rc=19 err=UNIQUE constraint failed: ExecutedInstructions.ExecInstrId exec_id=57999238697358 instr_id=332174 core=0 sub_core=2
[cannsim_helper] insert instr failed rc=19 err=UNIQUE constraint failed: ExecutedInstructions.ExecInstrId exec_id=57724360788705 instr_id=330465 core=0 sub_core=1
[cannsim_helper] insert instr failed rc=19 err=UNIQUE constraint failed: ExecutedInstructions.ExecInstrId exec_id=57767310464813 instr_id=333613 core=10 sub_core=1
[cannsim_helper] insert instr failed rc=19 err=UNIQUE constraint failed: ExecutedInstructions.ExecInstrId exec_id=58020713533505 instr_id=331841 core=5 sub_core=2
[cannsim_helper] insert instr failed rc=19 err=UNIQUE constraint failed: ExecutedInstructions.ExecInstrId exec_id=58020713533508 instr_id=331844 core=5 sub_core=2
[cannsim_helper] insert instr failed rc=19 err=UNIQUE constraint failed: ExecutedInstructions.ExecInstrId exec_id=57999238698499 instr_id=333315 core=0 sub_core=2
[cannsim_helper] insert instr failed rc=19 err=UNIQUE constraint failed: ExecutedInstructions.ExecInstrId exec_id=57999238698504 instr_id=333320 core=0 sub_core=2
[cannsim_helper] insert instr failed rc=19 err=UNIQUE constraint failed: ExecutedInstructions.ExecInstrId exec_id=58025008504630 instr_id=335670 core=6 sub_core=2
[cannsim_helper] insert instr failed rc=19 err=UNIQUE constraint failed: ExecutedInstructions.ExecInstrId exec_id=58025008504632 instr_id=335672 core=6 sub_core=2
[cannsim_helper] insert instr failed rc=19 err=UNIQUE constraint failed: ExecutedInstructions.ExecInstrId exec_id=57745835630745 instr_id=336025 core=5 sub_core=1
[cannsim_helper] insert instr failed rc=19 err=UNIQUE constraint failed: ExecutedInstructions.ExecInstrId exec_id=57745835630746 instr_id=336026 core=5 sub_core=1
[cannsim_helper] insert instr failed rc=19 err=UNIQUE constraint failed: ExecutedInstructions.ExecInstrId exec_id=57780195367896 instr_id=334808 core=13 sub_core=1
[cannsim_helper] insert instr failed rc=19 err=UNIQUE constraint failed: ExecutedInstructions.ExecInstrId exec_id=58016418572817 instr_id=338449 core=4 sub_core=2
[cannsim_helper] insert instr failed rc=19 err=UNIQUE constraint failed: ExecutedInstructions.ExecInstrId exec_id=58016418572820 instr_id=338452 core=4 sub_core=2
[cannsim_helper] insert instr failed rc=19 err=UNIQUE constraint failed: ExecutedInstructions.ExecInstrId exec_id=58055073277418 instr_id=337386 core=13 sub_core=2
[cannsim_helper] insert instr failed rc=19 err=UNIQUE constraint failed: ExecutedInstructions.ExecInstrId exec_id=57750130602137 instr_id=340121 core=6 sub_core=1
[cannsim_helper] insert instr failed rc=19 err=UNIQUE constraint failed: ExecutedInstructions.ExecInstrId exec_id=57750130602140 instr_id=340124 core=6 sub_core=1
[cannsim_helper] insert instr failed rc=19 err=UNIQUE constraint failed: ExecutedInstructions.ExecInstrId exec_id=57771605437104 instr_id=338608 core=11 sub_core=1
[cannsim_helper] insert instr failed rc=19 err=UNIQUE constraint failed: ExecutedInstructions.ExecInstrId exec_id=57763015503249 instr_id=339345 core=9 sub_core=1
[cannsim_helper] insert instr failed rc=19 err=UNIQUE constraint failed: ExecutedInstructions.ExecInstrId exec_id=58050778316990 instr_id=344254 core=12 sub_core=2
[cannsim_helper] insert instr failed rc=19 err=UNIQUE constraint failed: ExecutedInstructions.ExecInstrId exec_id=58029303477045 instr_id=340789 core=7 sub_core=2
[cannsim_helper] insert instr failed rc=19 err=UNIQUE constraint failed: ExecutedInstructions.ExecInstrId exec_id=58059368248392 instr_id=341064 core=14 sub_core=2
[cannsim_helper] insert instr failed rc=19 err=UNIQUE constraint failed: ExecutedInstructions.ExecInstrId exec_id=57724360806695 instr_id=348455 core=0 sub_core=1
[cannsim_helper] insert instr failed rc=19 err=UNIQUE constraint failed: ExecutedInstructions.ExecInstrId exec_id=57724360806697 instr_id=348457 core=0 sub_core=1
[cannsim_helper] insert instr failed rc=19 err=UNIQUE constraint failed: ExecutedInstructions.ExecInstrId exec_id=57784490344200 instr_id=343816 core=14 sub_core=1
[cannsim_helper] insert instr failed rc=19 err=UNIQUE constraint failed: ExecutedInstructions.ExecInstrId exec_id=57724360806700 instr_id=348460 core=0 sub_core=1
[cannsim_helper] insert instr failed rc=19 err=UNIQUE constraint failed: ExecutedInstructions.ExecInstrId exec_id=58007828650343 instr_id=350567 core=2 sub_core=2
[cannsim_helper] insert instr failed rc=19 err=UNIQUE constraint failed: ExecutedInstructions.ExecInstrId exec_id=58063663220132 instr_id=345508 core=15 sub_core=2
[cannsim_helper] insert instr failed rc=19 err=UNIQUE constraint failed: ExecutedInstructions.ExecInstrId exec_id=58007828650347 instr_id=350571 core=2 sub_core=2
[cannsim_helper] insert instr failed rc=19 err=UNIQUE constraint failed: ExecutedInstructions.ExecInstrId exec_id=57788785316312 instr_id=348632 core=15 sub_core=1
[cannsim_helper] insert instr failed rc=19 err=UNIQUE constraint failed: ExecutedInstructions.ExecInstrId exec_id=57788785316313 instr_id=348633 core=15 sub_core=1
[cannsim_helper] insert instr failed rc=19 err=UNIQUE constraint failed: ExecutedInstructions.ExecInstrId exec_id=57775900412772 instr_id=346980 core=12 sub_core=1
[cannsim_helper] insert instr failed rc=19 err=UNIQUE constraint failed: ExecutedInstructions.ExecInstrId exec_id=58007828650355 instr_id=350579 core=2 sub_core=2
[cannsim_helper] insert instr failed rc=19 err=UNIQUE constraint failed: ExecutedInstructions.ExecInstrId exec_id=58037893420731 instr_id=349883 core=9 sub_core=2
[cannsim_helper] insert instr failed rc=19 err=UNIQUE constraint failed: ExecutedInstructions.ExecInstrId exec_id=58037893420735 instr_id=349887 core=9 sub_core=2
[cannsim_helper] insert instr failed rc=19 err=UNIQUE constraint failed: ExecutedInstructions.ExecInstrId exec_id=57741540669131 instr_id=341707 core=4 sub_core=1
[cannsim_helper] insert instr failed rc=19 err=UNIQUE constraint failed: ExecutedInstructions.ExecInstrId exec_id=57741540669134 instr_id=341710 core=4 sub_core=1
[cannsim_helper] insert instr failed rc=19 err=UNIQUE constraint failed: ExecutedInstructions.ExecInstrId exec_id=58046483353149 instr_id=347709 core=11 sub_core=2
[cannsim_helper] insert instr failed rc=19 err=UNIQUE constraint failed: ExecutedInstructions.ExecInstrId exec_id=57741540669139 instr_id=341715 core=4 sub_core=1
[cannsim_helper] INSTR_POPPED_LOG callback count=700000
[cannsim_helper] insert instr failed rc=19 err=UNIQUE constraint failed: ExecutedInstructions.ExecInstrId exec_id=58012123621936 instr_id=354864 core=3 sub_core=2
[cannsim_helper] insert instr failed rc=19 err=UNIQUE constraint failed: ExecutedInstructions.ExecInstrId exec_id=57732950747892 instr_id=355060 core=2 sub_core=1
[cannsim_helper] insert instr failed rc=19 err=UNIQUE constraint failed: ExecutedInstructions.ExecInstrId exec_id=58012123621940 instr_id=354868 core=3 sub_core=2
[cannsim_helper] INSTR_LOG callback count=700000
[cannsim_helper] insert instr failed rc=19 err=UNIQUE constraint failed: ExecutedInstructions.ExecInstrId exec_id=57732950747893 instr_id=355061 core=2 sub_core=1
[cannsim_helper] insert instr failed rc=19 err=UNIQUE constraint failed: ExecutedInstructions.ExecInstrId exec_id=58012123621951 instr_id=354879 core=3 sub_core=2
[cannsim_helper] insert instr failed rc=19 err=UNIQUE constraint failed: ExecutedInstructions.ExecInstrId exec_id=57732950747896 instr_id=355064 core=2 sub_core=1
[cannsim_helper] insert instr failed rc=19 err=UNIQUE constraint failed: ExecutedInstructions.ExecInstrId exec_id=58042188389923 instr_id=351779 core=10 sub_core=2
[cannsim_helper] insert instr failed rc=19 err=UNIQUE constraint failed: ExecutedInstructions.ExecInstrId exec_id=57758720550074 instr_id=353466 core=8 sub_core=1
[cannsim_helper] insert instr failed rc=19 err=UNIQUE constraint failed: ExecutedInstructions.ExecInstrId exec_id=57728655788736 instr_id=363200 core=1 sub_core=1
[cannsim_helper] insert instr failed rc=19 err=UNIQUE constraint failed: ExecutedInstructions.ExecInstrId exec_id=58033598460536 instr_id=356984 core=8 sub_core=2
[cannsim_helper] insert instr failed rc=19 err=UNIQUE constraint failed: ExecutedInstructions.ExecInstrId exec_id=57728655788738 instr_id=363202 core=1 sub_core=1
[cannsim_helper] insert instr failed rc=19 err=UNIQUE constraint failed: ExecutedInstructions.ExecInstrId exec_id=57728655788740 instr_id=363204 core=1 sub_core=1
[cannsim_helper] insert instr failed rc=19 err=UNIQUE constraint failed: ExecutedInstructions.ExecInstrId exec_id=57780195396148 instr_id=363060 core=13 sub_core=1
[cannsim_helper] insert instr failed rc=19 err=UNIQUE constraint failed: ExecutedInstructions.ExecInstrId exec_id=57780195396155 instr_id=363067 core=13 sub_core=1
[cannsim_helper] insert instr failed rc=19 err=UNIQUE constraint failed: ExecutedInstructions.ExecInstrId exec_id=57767310493628 instr_id=362428 core=10 sub_core=1
[cannsim_helper] insert instr failed rc=19 err=UNIQUE constraint failed: ExecutedInstructions.ExecInstrId exec_id=58055073306148 instr_id=366116 core=13 sub_core=2
[cannsim_helper] insert instr failed rc=19 err=UNIQUE constraint failed: ExecutedInstructions.ExecInstrId exec_id=58055073306152 instr_id=366120 core=13 sub_core=2
[cannsim_helper] insert instr failed rc=19 err=UNIQUE constraint failed: ExecutedInstructions.ExecInstrId exec_id=57771605465951 instr_id=367455 core=11 sub_core=1
[cannsim_helper] insert instr failed rc=19 err=UNIQUE constraint failed: ExecutedInstructions.ExecInstrId exec_id=57771605465952 instr_id=367456 core=11 sub_core=1
[cannsim_helper] insert instr failed rc=19 err=UNIQUE constraint failed: ExecutedInstructions.ExecInstrId exec_id=57763015532187 instr_id=368283 core=9 sub_core=1
[cannsim_helper] insert instr failed rc=19 err=UNIQUE constraint failed: ExecutedInstructions.ExecInstrId exec_id=57763015532189 instr_id=368285 core=9 sub_core=1
[cannsim_helper] insert instr failed rc=19 err=UNIQUE constraint failed: ExecutedInstructions.ExecInstrId exec_id=58029303506000 instr_id=369744 core=7 sub_core=2
[cannsim_helper] insert instr failed rc=19 err=UNIQUE constraint failed: ExecutedInstructions.ExecInstrId exec_id=58029303506001 instr_id=369745 core=7 sub_core=2
[cannsim_helper] insert instr failed rc=19 err=UNIQUE constraint failed: ExecutedInstructions.ExecInstrId exec_id=58059368277355 instr_id=370027 core=14 sub_core=2
[cannsim_helper] insert instr failed rc=19 err=UNIQUE constraint failed: ExecutedInstructions.ExecInstrId exec_id=58059368277358 instr_id=370030 core=14 sub_core=2
[cannsim_helper] insert instr failed rc=19 err=UNIQUE constraint failed: ExecutedInstructions.ExecInstrId exec_id=57754425593437 instr_id=364125 core=7 sub_core=1
[cannsim_helper] insert instr failed rc=19 err=UNIQUE constraint failed: ExecutedInstructions.ExecInstrId exec_id=57754425593438 instr_id=364126 core=7 sub_core=1
[cannsim_helper] insert instr failed rc=19 err=UNIQUE constraint failed: ExecutedInstructions.ExecInstrId exec_id=57784490372791 instr_id=372407 core=14 sub_core=1
[cannsim_helper] insert instr failed rc=19 err=UNIQUE constraint failed: ExecutedInstructions.ExecInstrId exec_id=57784490372793 instr_id=372409 core=14 sub_core=1
[cannsim_helper] insert instr failed rc=19 err=UNIQUE constraint failed: ExecutedInstructions.ExecInstrId exec_id=57754425593444 instr_id=364132 core=7 sub_core=1
[cannsim_helper] insert instr failed rc=19 err=UNIQUE constraint failed: ExecutedInstructions.ExecInstrId exec_id=58063663248407 instr_id=373783 core=15 sub_core=2
[cannsim_helper] insert instr failed rc=19 err=UNIQUE constraint failed: ExecutedInstructions.ExecInstrId exec_id=58063663248410 instr_id=373786 core=15 sub_core=2
[cannsim_helper] insert instr failed rc=19 err=UNIQUE constraint failed: ExecutedInstructions.ExecInstrId exec_id=57775900441318 instr_id=375526 core=12 sub_core=1
[cannsim_helper] insert instr failed rc=19 err=UNIQUE constraint failed: ExecutedInstructions.ExecInstrId exec_id=57775900441327 instr_id=375535 core=12 sub_core=1
[cannsim_helper] insert instr failed rc=19 err=UNIQUE constraint failed: ExecutedInstructions.ExecInstrId exec_id=58046483380738 instr_id=375298 core=11 sub_core=2
[cannsim_helper] insert instr failed rc=19 err=UNIQUE constraint failed: ExecutedInstructions.ExecInstrId exec_id=58046483380742 instr_id=375302 core=11 sub_core=2
[cannsim_helper] insert instr failed rc=19 err=UNIQUE constraint failed: ExecutedInstructions.ExecInstrId exec_id=58050778346245 instr_id=373509 core=12 sub_core=2
[cannsim_helper] insert instr failed rc=19 err=UNIQUE constraint failed: ExecutedInstructions.ExecInstrId exec_id=57724360827148 instr_id=368908 core=0 sub_core=1
[cannsim_helper] insert instr failed rc=19 err=UNIQUE constraint failed: ExecutedInstructions.ExecInstrId exec_id=57724360827152 instr_id=368912 core=0 sub_core=1
[cannsim_helper] insert instr failed rc=19 err=UNIQUE constraint failed: ExecutedInstructions.ExecInstrId exec_id=57724360827167 instr_id=368927 core=0 sub_core=1
[cannsim_helper] insert instr failed rc=19 err=UNIQUE constraint failed: ExecutedInstructions.ExecInstrId exec_id=58020713579622 instr_id=377958 core=5 sub_core=2
[cannsim_helper] insert instr failed rc=19 err=UNIQUE constraint failed: ExecutedInstructions.ExecInstrId exec_id=58020713579626 instr_id=377962 core=5 sub_core=2
[cannsim_helper] insert instr failed rc=19 err=UNIQUE constraint failed: ExecutedInstructions.ExecInstrId exec_id=58020713579629 instr_id=377965 core=5 sub_core=2
[cannsim_helper] insert instr failed rc=19 err=UNIQUE constraint failed: ExecutedInstructions.ExecInstrId exec_id=57999238736388 instr_id=371204 core=0 sub_core=2
[cannsim_helper] insert instr failed rc=19 err=UNIQUE constraint failed: ExecutedInstructions.ExecInstrId exec_id=57999238736393 instr_id=371209 core=0 sub_core=2
[cannsim_helper] insert instr failed rc=19 err=UNIQUE constraint failed: ExecutedInstructions.ExecInstrId exec_id=57999238736406 instr_id=371222 core=0 sub_core=2
[cannsim_helper] insert instr failed rc=19 err=UNIQUE constraint failed: ExecutedInstructions.ExecInstrId exec_id=58042188416192 instr_id=378048 core=10 sub_core=2
[cannsim_helper] insert instr failed rc=19 err=UNIQUE constraint failed: ExecutedInstructions.ExecInstrId exec_id=58042188416197 instr_id=378053 core=10 sub_core=2
[cannsim_helper] insert instr failed rc=19 err=UNIQUE constraint failed: ExecutedInstructions.ExecInstrId exec_id=57758720575800 instr_id=379192 core=8 sub_core=1
[cannsim_helper] insert instr failed rc=19 err=UNIQUE constraint failed: ExecutedInstructions.ExecInstrId exec_id=57758720575804 instr_id=379196 core=8 sub_core=1
[cannsim_helper] insert instr failed rc=19 err=UNIQUE constraint failed: ExecutedInstructions.ExecInstrId exec_id=58025008542339 instr_id=373379 core=6 sub_core=2
[cannsim_helper] insert instr failed rc=19 err=UNIQUE constraint failed: ExecutedInstructions.ExecInstrId exec_id=58025008542342 instr_id=373382 core=6 sub_core=2
[cannsim_helper] insert instr failed rc=19 err=UNIQUE constraint failed: ExecutedInstructions.ExecInstrId exec_id=57745835668345 instr_id=373625 core=5 sub_core=1
[cannsim_helper] insert instr failed rc=19 err=UNIQUE constraint failed: ExecutedInstructions.ExecInstrId exec_id=57745835668354 instr_id=373634 core=5 sub_core=1
[cannsim_helper] insert instr failed rc=19 err=UNIQUE constraint failed: ExecutedInstructions.ExecInstrId exec_id=58025008542349 instr_id=373389 core=6 sub_core=2
[cannsim_helper] insert instr failed rc=19 err=UNIQUE constraint failed: ExecutedInstructions.ExecInstrId exec_id=57745835668362 instr_id=373642 core=5 sub_core=1
[cannsim_helper] insert instr failed rc=19 err=UNIQUE constraint failed: ExecutedInstructions.ExecInstrId exec_id=58033598484695 instr_id=381143 core=8 sub_core=2
[cannsim_helper] insert instr failed rc=19 err=UNIQUE constraint failed: ExecutedInstructions.ExecInstrId exec_id=58033598484702 instr_id=381150 core=8 sub_core=2
[cannsim_helper] insert instr failed rc=19 err=UNIQUE constraint failed: ExecutedInstructions.ExecInstrId exec_id=58016418609866 instr_id=375498 core=4 sub_core=2
[cannsim_helper] insert instr failed rc=19 err=UNIQUE constraint failed: ExecutedInstructions.ExecInstrId exec_id=58003533715445 instr_id=382965 core=1 sub_core=2
[cannsim_helper] insert instr failed rc=19 err=UNIQUE constraint failed: ExecutedInstructions.ExecInstrId exec_id=58016418609867 instr_id=375499 core=4 sub_core=2
[cannsim_helper] insert instr failed rc=19 err=UNIQUE constraint failed: ExecutedInstructions.ExecInstrId exec_id=58003533715452 instr_id=382972 core=1 sub_core=2
[cannsim_helper] insert instr failed rc=19 err=UNIQUE constraint failed: ExecutedInstructions.ExecInstrId exec_id=58016418609872 instr_id=375504 core=4 sub_core=2
[cannsim_helper] insert instr failed rc=19 err=UNIQUE constraint failed: ExecutedInstructions.ExecInstrId exec_id=58003533715456 instr_id=382976 core=1 sub_core=2
[cannsim_helper] insert instr failed rc=19 err=UNIQUE constraint failed: ExecutedInstructions.ExecInstrId exec_id=57750130638858 instr_id=376842 core=6 sub_core=1
[cannsim_helper] insert instr failed rc=19 err=UNIQUE constraint failed: ExecutedInstructions.ExecInstrId exec_id=57750130638865 instr_id=376849 core=6 sub_core=1
[cannsim_helper] insert instr failed rc=19 err=UNIQUE constraint failed: ExecutedInstructions.ExecInstrId exec_id=57750130638872 instr_id=376856 core=6 sub_core=1
[cannsim_helper] insert instr failed rc=19 err=UNIQUE constraint failed: ExecutedInstructions.ExecInstrId exec_id=57767310515470 instr_id=384270 core=10 sub_core=1
[cannsim_helper] insert instr failed rc=19 err=UNIQUE constraint failed: ExecutedInstructions.ExecInstrId exec_id=57767310515471 instr_id=384271 core=10 sub_core=1
[cannsim_helper] insert instr failed rc=19 err=UNIQUE constraint failed: ExecutedInstructions.ExecInstrId exec_id=57788785355283 instr_id=387603 core=15 sub_core=1
[cannsim_helper] insert instr failed rc=19 err=UNIQUE constraint failed: ExecutedInstructions.ExecInstrId exec_id=57788785355285 instr_id=387605 core=15 sub_core=1
[cannsim_helper] insert instr failed rc=19 err=UNIQUE constraint failed: ExecutedInstructions.ExecInstrId exec_id=57788785355289 instr_id=387609 core=15 sub_core=1
[cannsim_helper] insert instr failed rc=19 err=UNIQUE constraint failed: ExecutedInstructions.ExecInstrId exec_id=58037893454652 instr_id=383804 core=9 sub_core=2
[cannsim_helper] insert instr failed rc=19 err=UNIQUE constraint failed: ExecutedInstructions.ExecInstrId exec_id=58037893454653 instr_id=383805 core=9 sub_core=2
[cannsim_helper] insert instr failed rc=19 err=UNIQUE constraint failed: ExecutedInstructions.ExecInstrId exec_id=58037893454655 instr_id=383807 core=9 sub_core=2
[cannsim_helper] insert instr failed rc=19 err=UNIQUE constraint failed: ExecutedInstructions.ExecInstrId exec_id=58050778364775 instr_id=392039 core=12 sub_core=2
[cannsim_helper] insert instr failed rc=19 err=UNIQUE constraint failed: ExecutedInstructions.ExecInstrId exec_id=58050778364776 instr_id=392040 core=12 sub_core=2
[cannsim_helper] insert instr failed rc=19 err=UNIQUE constraint failed: ExecutedInstructions.ExecInstrId exec_id=57999238760866 instr_id=395682 core=0 sub_core=2
[cannsim_helper] insert instr failed rc=19 err=UNIQUE constraint failed: ExecutedInstructions.ExecInstrId exec_id=57780195424431 instr_id=391343 core=13 sub_core=1
[cannsim_helper] insert instr failed rc=19 err=UNIQUE constraint failed: ExecutedInstructions.ExecInstrId exec_id=57780195424432 instr_id=391344 core=13 sub_core=1
[cannsim_helper] insert instr failed rc=19 err=UNIQUE constraint failed: ExecutedInstructions.ExecInstrId exec_id=57780195424434 instr_id=391346 core=13 sub_core=1
[cannsim_helper] insert instr failed rc=19 err=UNIQUE constraint failed: ExecutedInstructions.ExecInstrId exec_id=57999238761744 instr_id=396560 core=0 sub_core=2
[cannsim_helper] insert instr failed rc=19 err=UNIQUE constraint failed: ExecutedInstructions.ExecInstrId exec_id=57728655822267 instr_id=396731 core=1 sub_core=1
[cannsim_helper] insert instr failed rc=19 err=UNIQUE constraint failed: ExecutedInstructions.ExecInstrId exec_id=58055073332930 instr_id=392898 core=13 sub_core=2
[cannsim_helper] insert instr failed rc=19 err=UNIQUE constraint failed: ExecutedInstructions.ExecInstrId exec_id=57737245757106 instr_id=396978 core=3 sub_core=1
[cannsim_helper] insert instr failed rc=19 err=UNIQUE constraint failed: ExecutedInstructions.ExecInstrId exec_id=58055073332931 instr_id=392899 core=13 sub_core=2
[cannsim_helper] insert instr failed rc=19 err=UNIQUE constraint failed: ExecutedInstructions.ExecInstrId exec_id=57737245757111 instr_id=396983 core=3 sub_core=1
[cannsim_helper] insert instr failed rc=19 err=UNIQUE constraint failed: ExecutedInstructions.ExecInstrId exec_id=57741540724513 instr_id=397089 core=4 sub_core=1
[cannsim_helper] insert instr failed rc=19 err=UNIQUE constraint failed: ExecutedInstructions.ExecInstrId exec_id=58055073332936 instr_id=392904 core=13 sub_core=2
[cannsim_helper] insert instr failed rc=19 err=UNIQUE constraint failed: ExecutedInstructions.ExecInstrId exec_id=57737245757115 instr_id=396987 core=3 sub_core=1
[cannsim_helper] insert instr failed rc=19 err=UNIQUE constraint failed: ExecutedInstructions.ExecInstrId exec_id=57754425626653 instr_id=397341 core=7 sub_core=1
[cannsim_helper] insert instr failed rc=19 err=UNIQUE constraint failed: ExecutedInstructions.ExecInstrId exec_id=57771605492004 instr_id=393508 core=11 sub_core=1
[cannsim_helper] insert instr failed rc=19 err=UNIQUE constraint failed: ExecutedInstructions.ExecInstrId exec_id=57771605492005 instr_id=393509 core=11 sub_core=1
[cannsim_helper] insert instr failed rc=19 err=UNIQUE constraint failed: ExecutedInstructions.ExecInstrId exec_id=57771605492007 instr_id=393511 core=11 sub_core=1
[cannsim_helper] insert instr failed rc=19 err=UNIQUE constraint failed: ExecutedInstructions.ExecInstrId exec_id=57763015557777 instr_id=393873 core=9 sub_core=1
[cannsim_helper] insert instr failed rc=19 err=UNIQUE constraint failed: ExecutedInstructions.ExecInstrId exec_id=57763015557781 instr_id=393877 core=9 sub_core=1
[cannsim_helper] insert instr failed rc=19 err=UNIQUE constraint failed: ExecutedInstructions.ExecInstrId exec_id=57728655823407 instr_id=397871 core=1 sub_core=1
[cannsim_helper] insert instr failed rc=19 err=UNIQUE constraint failed: ExecutedInstructions.ExecInstrId exec_id=58007828697804 instr_id=398028 core=2 sub_core=2
[cannsim_helper] insert instr failed rc=19 err=UNIQUE constraint failed: ExecutedInstructions.ExecInstrId exec_id=57763015557784 instr_id=393880 core=9 sub_core=1
[cannsim_helper] insert instr failed rc=19 err=UNIQUE constraint failed: ExecutedInstructions.ExecInstrId exec_id=57724360856537 instr_id=398297 core=0 sub_core=1
[cannsim_helper] insert instr failed rc=19 err=UNIQUE constraint failed: ExecutedInstructions.ExecInstrId exec_id=57741540725713 instr_id=398289 core=4 sub_core=1
[cannsim_helper] insert instr failed rc=19 err=UNIQUE constraint failed: ExecutedInstructions.ExecInstrId exec_id=58029303530792 instr_id=394536 core=7 sub_core=2
[cannsim_helper] insert instr failed rc=19 err=UNIQUE constraint failed: ExecutedInstructions.ExecInstrId exec_id=57732950791265 instr_id=398433 core=2 sub_core=1
[cannsim_helper] insert instr failed rc=19 err=UNIQUE constraint failed: ExecutedInstructions.ExecInstrId exec_id=58029303530793 instr_id=394537 core=7 sub_core=2
[cannsim_helper] insert instr failed rc=19 err=UNIQUE constraint failed: ExecutedInstructions.ExecInstrId exec_id=58059368301999 instr_id=394671 core=14 sub_core=2
[cannsim_helper] insert instr failed rc=19 err=UNIQUE constraint failed: ExecutedInstructions.ExecInstrId exec_id=57754425627883 instr_id=398571 core=7 sub_core=1
[cannsim_helper] insert instr failed rc=19 err=UNIQUE constraint failed: ExecutedInstructions.ExecInstrId exec_id=58059368302004 instr_id=394676 core=14 sub_core=2
[cannsim_helper] insert instr failed rc=19 err=UNIQUE constraint failed: ExecutedInstructions.ExecInstrId exec_id=58029303530798 instr_id=394542 core=7 sub_core=2
[cannsim_helper] insert instr failed rc=19 err=UNIQUE constraint failed: ExecutedInstructions.ExecInstrId exec_id=58012123665885 instr_id=398813 core=3 sub_core=2
[cannsim_helper] insert instr failed rc=19 err=UNIQUE constraint failed: ExecutedInstructions.ExecInstrId exec_id=58059368302009 instr_id=394681 core=14 sub_core=2
[cannsim_helper] insert instr failed rc=19 err=UNIQUE constraint failed: ExecutedInstructions.ExecInstrId exec_id=58007828699134 instr_id=399358 core=2 sub_core=2
[cannsim_helper] insert instr failed rc=19 err=UNIQUE constraint failed: ExecutedInstructions.ExecInstrId exec_id=57724360857958 instr_id=399718 core=0 sub_core=1
[cannsim_helper] insert instr failed rc=19 err=UNIQUE constraint failed: ExecutedInstructions.ExecInstrId exec_id=57732950792745 instr_id=399913 core=2 sub_core=1
[cannsim_helper] insert instr failed rc=19 err=UNIQUE constraint failed: ExecutedInstructions.ExecInstrId exec_id=57784490396137 instr_id=395753 core=14 sub_core=1
[cannsim_helper] insert instr failed rc=19 err=UNIQUE constraint failed: ExecutedInstructions.ExecInstrId exec_id=57784490396138 instr_id=395754 core=14 sub_core=1
[cannsim_helper] insert instr failed rc=19 err=UNIQUE constraint failed: ExecutedInstructions.ExecInstrId exec_id=57784490396140 instr_id=395756 core=14 sub_core=1
[cannsim_helper] insert instr failed rc=19 err=UNIQUE constraint failed: ExecutedInstructions.ExecInstrId exec_id=58012123667447 instr_id=400375 core=3 sub_core=2
[cannsim_helper] insert instr failed rc=19 err=UNIQUE constraint failed: ExecutedInstructions.ExecInstrId exec_id=58063663270857 instr_id=396233 core=15 sub_core=2
[cannsim_helper] insert instr failed rc=19 err=UNIQUE constraint failed: ExecutedInstructions.ExecInstrId exec_id=58063663270858 instr_id=396234 core=15 sub_core=2
[cannsim_helper] insert instr failed rc=19 err=UNIQUE constraint failed: ExecutedInstructions.ExecInstrId exec_id=57775900462201 instr_id=396409 core=12 sub_core=1
[cannsim_helper] insert instr failed rc=19 err=UNIQUE constraint failed: ExecutedInstructions.ExecInstrId exec_id=58063663270860 instr_id=396236 core=15 sub_core=2
[cannsim_helper] insert instr failed rc=19 err=UNIQUE constraint failed: ExecutedInstructions.ExecInstrId exec_id=57775900462203 instr_id=396411 core=12 sub_core=1
[cannsim_helper] insert instr failed rc=19 err=UNIQUE constraint failed: ExecutedInstructions.ExecInstrId exec_id=57775900462207 instr_id=396415 core=12 sub_core=1
[cannsim_helper] insert instr failed rc=19 err=UNIQUE constraint failed: ExecutedInstructions.ExecInstrId exec_id=58046483402347 instr_id=396907 core=11 sub_core=2
[cannsim_helper] insert instr failed rc=19 err=UNIQUE constraint failed: ExecutedInstructions.ExecInstrId exec_id=58046483402349 instr_id=396909 core=11 sub_core=2
[cannsim_helper] insert instr failed rc=19 err=UNIQUE constraint failed: ExecutedInstructions.ExecInstrId exec_id=57745835697181 instr_id=402461 core=5 sub_core=1
[cannsim_helper] insert instr failed rc=19 err=UNIQUE constraint failed: ExecutedInstructions.ExecInstrId exec_id=58046483402353 instr_id=396913 core=11 sub_core=2
[cannsim_helper] insert instr failed rc=19 err=UNIQUE constraint failed: ExecutedInstructions.ExecInstrId exec_id=57745835698566 instr_id=403846 core=5 sub_core=1
[cannsim_helper] insert instr failed rc=19 err=UNIQUE constraint failed: ExecutedInstructions.ExecInstrId exec_id=58042188436745 instr_id=398601 core=10 sub_core=2
[cannsim_helper] insert instr failed rc=19 err=UNIQUE constraint failed: ExecutedInstructions.ExecInstrId exec_id=58042188436746 instr_id=398602 core=10 sub_core=2
[cannsim_helper] insert instr failed rc=19 err=UNIQUE constraint failed: ExecutedInstructions.ExecInstrId exec_id=58093728049836 instr_id=404140 core=22 sub_core=2
[cannsim_helper] insert instr failed rc=19 err=UNIQUE constraint failed: ExecutedInstructions.ExecInstrId exec_id=58042188436752 instr_id=398608 core=10 sub_core=2
[cannsim_helper] insert instr failed rc=19 err=UNIQUE constraint failed: ExecutedInstructions.ExecInstrId exec_id=57758720595882 instr_id=399274 core=8 sub_core=1
[cannsim_helper] insert instr failed rc=19 err=UNIQUE constraint failed: ExecutedInstructions.ExecInstrId exec_id=57758720595885 instr_id=399277 core=8 sub_core=1
[cannsim_helper] insert instr failed rc=19 err=UNIQUE constraint failed: ExecutedInstructions.ExecInstrId exec_id=57758720595889 instr_id=399281 core=8 sub_core=1
[cannsim_helper] insert instr failed rc=19 err=UNIQUE constraint failed: ExecutedInstructions.ExecInstrId exec_id=58033598504439 instr_id=400887 core=8 sub_core=2
[cannsim_helper] insert instr failed rc=19 err=UNIQUE constraint failed: ExecutedInstructions.ExecInstrId exec_id=58033598504444 instr_id=400892 core=8 sub_core=2
[cannsim_helper] insert instr failed rc=19 err=UNIQUE constraint failed: ExecutedInstructions.ExecInstrId exec_id=58025008575438 instr_id=406478 core=6 sub_core=2
[cannsim_helper] insert instr failed rc=19 err=UNIQUE constraint failed: ExecutedInstructions.ExecInstrId exec_id=58110907921290 instr_id=406410 core=26 sub_core=2
[cannsim_helper] insert instr failed rc=19 err=UNIQUE constraint failed: ExecutedInstructions.ExecInstrId exec_id=58033598504453 instr_id=400901 core=8 sub_core=2
[cannsim_helper] insert instr failed rc=19 err=UNIQUE constraint failed: ExecutedInstructions.ExecInstrId exec_id=58003533739707 instr_id=407227 core=1 sub_core=2
[cannsim_helper] insert instr failed rc=19 err=UNIQUE constraint failed: ExecutedInstructions.ExecInstrId exec_id=57844619950249 instr_id=407721 core=28 sub_core=1
[cannsim_helper] insert instr failed rc=19 err=UNIQUE constraint failed: ExecutedInstructions.ExecInstrId exec_id=58025008577011 instr_id=408051 core=6 sub_core=2
[cannsim_helper] insert instr failed rc=19 err=UNIQUE constraint failed: ExecutedInstructions.ExecInstrId exec_id=57767310534508 instr_id=403308 core=10 sub_core=1
[cannsim_helper] insert instr failed rc=19 err=UNIQUE constraint failed: ExecutedInstructions.ExecInstrId exec_id=57767310534515 instr_id=403315 core=10 sub_core=1
[cannsim_helper] insert instr failed rc=19 err=UNIQUE constraint failed: ExecutedInstructions.ExecInstrId exec_id=58003533741258 instr_id=408778 core=1 sub_core=2
[cannsim_helper] insert instr failed rc=19 err=UNIQUE constraint failed: ExecutedInstructions.ExecInstrId exec_id=57767310534518 instr_id=403318 core=10 sub_core=1
[cannsim_helper] insert instr failed rc=19 err=UNIQUE constraint failed: ExecutedInstructions.ExecInstrId exec_id=57999238774465 instr_id=409281 core=0 sub_core=2
[cannsim_helper] insert instr failed rc=19 err=UNIQUE constraint failed: ExecutedInstructions.ExecInstrId exec_id=58037893480745 instr_id=409897 core=9 sub_core=2
[cannsim_helper] insert instr failed rc=19 err=UNIQUE constraint failed: ExecutedInstructions.ExecInstrId exec_id=57857504855639 instr_id=411223 core=31 sub_core=1
[cannsim_helper] insert instr failed rc=19 err=UNIQUE constraint failed: ExecutedInstructions.ExecInstrId exec_id=57728655836843 instr_id=411307 core=1 sub_core=1
[cannsim_helper] insert instr failed rc=19 err=UNIQUE constraint failed: ExecutedInstructions.ExecInstrId exec_id=58020713613396 instr_id=411732 core=5 sub_core=2
[cannsim_helper] insert instr failed rc=19 err=UNIQUE constraint failed: ExecutedInstructions.ExecInstrId exec_id=58037893482555 instr_id=411707 core=9 sub_core=2
[cannsim_helper] insert instr failed rc=19 err=UNIQUE constraint failed: ExecutedInstructions.ExecInstrId exec_id=57741540739298 instr_id=411874 core=4 sub_core=1
[cannsim_helper] insert instr failed rc=19 err=UNIQUE constraint failed: ExecutedInstructions.ExecInstrId exec_id=57754425641601 instr_id=412289 core=7 sub_core=1
[cannsim_helper] insert instr failed rc=19 err=UNIQUE constraint failed: ExecutedInstructions.ExecInstrId exec_id=58089433091027 instr_id=412627 core=21 sub_core=2
[cannsim_helper] insert instr failed rc=19 err=UNIQUE constraint failed: ExecutedInstructions.ExecInstrId exec_id=58007828713133 instr_id=413357 core=2 sub_core=2
[cannsim_helper] insert instr failed rc=19 err=UNIQUE constraint failed: ExecutedInstructions.ExecInstrId exec_id=57810260217568 instr_id=413408 core=20 sub_core=1
[cannsim_helper] insert instr failed rc=19 err=UNIQUE constraint failed: ExecutedInstructions.ExecInstrId exec_id=58020713615251 instr_id=413587 core=5 sub_core=2
[cannsim_helper] insert instr failed rc=19 err=UNIQUE constraint failed: ExecutedInstructions.ExecInstrId exec_id=57999238779025 instr_id=413841 core=0 sub_core=2
[cannsim_helper] insert instr failed rc=19 err=UNIQUE constraint failed: ExecutedInstructions.ExecInstrId exec_id=57724360871994 instr_id=413754 core=0 sub_core=1
[cannsim_helper] insert instr failed rc=19 err=UNIQUE constraint failed: ExecutedInstructions.ExecInstrId exec_id=57732950806853 instr_id=414021 core=2 sub_core=1
[cannsim_helper] insert instr failed rc=19 err=UNIQUE constraint failed: ExecutedInstructions.ExecInstrId exec_id=58012123681663 instr_id=414591 core=3 sub_core=2
[cannsim_helper] insert instr failed rc=19 err=UNIQUE constraint failed: ExecutedInstructions.ExecInstrId exec_id=58016418649360 instr_id=414992 core=4 sub_core=2
[cannsim_helper] insert instr failed rc=19 err=UNIQUE constraint failed: ExecutedInstructions.ExecInstrId exec_id=57724360873304 instr_id=415064 core=0 sub_core=1
[cannsim_helper] insert instr failed rc=19 err=UNIQUE constraint failed: ExecutedInstructions.ExecInstrId exec_id=58050778381774 instr_id=409038 core=12 sub_core=2
[cannsim_helper] insert instr failed rc=19 err=UNIQUE constraint failed: ExecutedInstructions.ExecInstrId exec_id=58050778381776 instr_id=409040 core=12 sub_core=2
[cannsim_helper] insert instr failed rc=19 err=UNIQUE constraint failed: ExecutedInstructions.ExecInstrId exec_id=57999238781050 instr_id=415866 core=0 sub_core=2
[cannsim_helper] insert instr failed rc=19 err=UNIQUE constraint failed: ExecutedInstructions.ExecInstrId exec_id=58050778381783 instr_id=409047 core=12 sub_core=2
[cannsim_helper] insert instr failed rc=19 err=UNIQUE constraint failed: ExecutedInstructions.ExecInstrId exec_id=58016418651556 instr_id=417188 core=4 sub_core=2
[cannsim_helper] insert instr failed rc=19 err=UNIQUE constraint failed: ExecutedInstructions.ExecInstrId exec_id=57724360875465 instr_id=417225 core=0 sub_core=1
[cannsim_helper] insert instr failed rc=19 err=UNIQUE constraint failed: ExecutedInstructions.ExecInstrId exec_id=57831735059009 instr_id=418369 core=25 sub_core=1
[cannsim_helper] insert instr failed rc=19 err=UNIQUE constraint failed: ExecutedInstructions.ExecInstrId exec_id=57745835714077 instr_id=419357 core=5 sub_core=1
[cannsim_helper] insert instr failed rc=19 err=UNIQUE constraint failed: ExecutedInstructions.ExecInstrId exec_id=57853209897276 instr_id=420156 core=30 sub_core=1
[cannsim_helper] insert instr failed rc=19 err=UNIQUE constraint failed: ExecutedInstructions.ExecInstrId exec_id=57788785388325 instr_id=420645 core=15 sub_core=1
[cannsim_helper] insert instr failed rc=19 err=UNIQUE constraint failed: ExecutedInstructions.ExecInstrId exec_id=57763015586774 instr_id=422870 core=9 sub_core=1
[cannsim_helper] insert instr failed rc=19 err=UNIQUE constraint failed: ExecutedInstructions.ExecInstrId exec_id=58106612970233 instr_id=422649 core=25 sub_core=2
[cannsim_helper] insert instr failed rc=19 err=UNIQUE constraint failed: ExecutedInstructions.ExecInstrId exec_id=57848914932641 instr_id=422817 core=29 sub_core=1
[cannsim_helper] insert instr failed rc=19 err=UNIQUE constraint failed: ExecutedInstructions.ExecInstrId exec_id=57750130685171 instr_id=423155 core=6 sub_core=1
[cannsim_helper] insert instr failed rc=19 err=UNIQUE constraint failed: ExecutedInstructions.ExecInstrId exec_id=57788785390691 instr_id=423011 core=15 sub_core=1
[cannsim_helper] insert instr failed rc=19 err=UNIQUE constraint failed: ExecutedInstructions.ExecInstrId exec_id=58102318003178 instr_id=422890 core=24 sub_core=2
[cannsim_helper] insert instr failed rc=19 err=UNIQUE constraint failed: ExecutedInstructions.ExecInstrId exec_id=57836030031106 instr_id=423170 core=26 sub_core=1
[cannsim_helper] insert instr failed rc=19 err=UNIQUE constraint failed: ExecutedInstructions.ExecInstrId exec_id=58123792842186 instr_id=425418 core=29 sub_core=2
[cannsim_helper] insert instr failed rc=19 err=UNIQUE constraint failed: ExecutedInstructions.ExecInstrId exec_id=57763015589562 instr_id=425658 core=9 sub_core=1
[cannsim_helper] insert instr failed rc=19 err=UNIQUE constraint failed: ExecutedInstructions.ExecInstrId exec_id=58093728066986 instr_id=421290 core=22 sub_core=2
[cannsim_helper] insert instr failed rc=19 err=UNIQUE constraint failed: ExecutedInstructions.ExecInstrId exec_id=57750130688056 instr_id=426040 core=6 sub_core=1
[cannsim_helper] insert instr failed rc=19 err=UNIQUE constraint failed: ExecutedInstructions.ExecInstrId exec_id=58025008595762 instr_id=426802 core=6 sub_core=2
[cannsim_helper] insert instr failed rc=19 err=UNIQUE constraint failed: ExecutedInstructions.ExecInstrId exec_id=58003533761082 instr_id=428602 core=1 sub_core=2
[cannsim_helper] insert instr failed rc=19 err=UNIQUE constraint failed: ExecutedInstructions.ExecInstrId exec_id=58132382779972 instr_id=428612 core=31 sub_core=2
[cannsim_helper] insert instr failed rc=19 err=UNIQUE constraint failed: ExecutedInstructions.ExecInstrId exec_id=57805965265819 instr_id=428955 core=19 sub_core=1
[cannsim_helper] insert instr failed rc=19 err=UNIQUE constraint failed: ExecutedInstructions.ExecInstrId exec_id=57771605528617 instr_id=430121 core=11 sub_core=1
[cannsim_helper] insert instr failed rc=19 err=UNIQUE constraint failed: ExecutedInstructions.ExecInstrId exec_id=58110907940580 instr_id=425700 core=26 sub_core=2
[cannsim_helper] insert instr failed rc=19 err=UNIQUE constraint failed: ExecutedInstructions.ExecInstrId exec_id=57793080366847 instr_id=431871 core=16 sub_core=1
[cannsim_helper] insert instr failed rc=19 err=UNIQUE constraint failed: ExecutedInstructions.ExecInstrId exec_id=57797375334164 instr_id=431892 core=17 sub_core=1
[cannsim_helper] insert instr failed rc=19 err=UNIQUE constraint failed: ExecutedInstructions.ExecInstrId exec_id=57771605532303 instr_id=433807 core=11 sub_core=1
[cannsim_helper] insert instr failed rc=19 err=UNIQUE constraint failed: ExecutedInstructions.ExecInstrId exec_id=58063663308634 instr_id=434010 core=15 sub_core=2
[cannsim_helper] insert instr failed rc=19 err=UNIQUE constraint failed: ExecutedInstructions.ExecInstrId exec_id=57844619970762 instr_id=428234 core=28 sub_core=1
[cannsim_helper] insert instr failed rc=19 err=UNIQUE constraint failed: ExecutedInstructions.ExecInstrId exec_id=58037893505680 instr_id=434832 core=9 sub_core=2
[cannsim_helper] insert instr failed rc=19 err=UNIQUE constraint failed: ExecutedInstructions.ExecInstrId exec_id=58063663312245 instr_id=437621 core=15 sub_core=2
[cannsim_helper] insert instr failed rc=19 err=UNIQUE constraint failed: ExecutedInstructions.ExecInstrId exec_id=58020713640097 instr_id=438433 core=5 sub_core=2
[cannsim_helper] insert instr failed rc=19 err=UNIQUE constraint failed: ExecutedInstructions.ExecInstrId exec_id=57857504880487 instr_id=436071 core=31 sub_core=1
[cannsim_helper] insert instr failed rc=19 err=UNIQUE constraint failed: ExecutedInstructions.ExecInstrId exec_id=57999238808081 instr_id=442897 core=0 sub_core=2
[cannsim_helper] insert instr failed rc=19 err=UNIQUE constraint failed: ExecutedInstructions.ExecInstrId exec_id=58033598546960 instr_id=443408 core=8 sub_core=2
[cannsim_helper] insert instr failed rc=19 err=UNIQUE constraint failed: ExecutedInstructions.ExecInstrId exec_id=58089433117298 instr_id=438898 core=21 sub_core=2
[cannsim_helper] insert instr failed rc=19 err=UNIQUE constraint failed: ExecutedInstructions.ExecInstrId exec_id=57724360903390 instr_id=445150 core=0 sub_core=1
[cannsim_helper] insert instr failed rc=19 err=UNIQUE constraint failed: ExecutedInstructions.ExecInstrId exec_id=58016418679390 instr_id=445022 core=4 sub_core=2
[cannsim_helper] insert instr failed rc=19 err=UNIQUE constraint failed: ExecutedInstructions.ExecInstrId exec_id=58076548222187 instr_id=445675 core=18 sub_core=2
[cannsim_helper] insert instr failed rc=19 err=UNIQUE constraint failed: ExecutedInstructions.ExecInstrId exec_id=57810260244638 instr_id=440478 core=20 sub_core=1
[cannsim_helper] insert instr failed rc=19 err=UNIQUE constraint failed: ExecutedInstructions.ExecInstrId exec_id=58033598550654 instr_id=447102 core=8 sub_core=2
[cannsim_helper] insert instr failed rc=19 err=UNIQUE constraint failed: ExecutedInstructions.ExecInstrId exec_id=58119497896420 instr_id=446948 core=28 sub_core=2
[cannsim_helper] insert instr failed rc=19 err=UNIQUE constraint failed: ExecutedInstructions.ExecInstrId exec_id=58055073391199 instr_id=451167 core=13 sub_core=2
[cannsim_helper] insert instr failed rc=19 err=UNIQUE constraint failed: ExecutedInstructions.ExecInstrId exec_id=58046483457109 instr_id=451669 core=11 sub_core=2
[cannsim_helper] insert instr failed rc=19 err=UNIQUE constraint failed: ExecutedInstructions.ExecInstrId exec_id=57801670323632 instr_id=454064 core=18 sub_core=1
[cannsim_helper] insert instr failed rc=19 err=UNIQUE constraint failed: ExecutedInstructions.ExecInstrId exec_id=58055073395086 instr_id=455054 core=13 sub_core=2
[cannsim_helper] insert instr failed rc=19 err=UNIQUE constraint failed: ExecutedInstructions.ExecInstrId exec_id=57788785422308 instr_id=454628 core=15 sub_core=1
[cannsim_helper] insert instr failed rc=19 err=UNIQUE constraint failed: ExecutedInstructions.ExecInstrId exec_id=58046483460999 instr_id=455559 core=11 sub_core=2
[cannsim_helper] insert instr failed rc=19 err=UNIQUE constraint failed: ExecutedInstructions.ExecInstrId exec_id=57831735089877 instr_id=449237 core=25 sub_core=1
[cannsim_helper] insert instr failed rc=19 err=UNIQUE constraint failed: ExecutedInstructions.ExecInstrId exec_id=57827440128852 instr_id=455508 core=24 sub_core=1
[cannsim_helper] insert instr failed rc=19 err=UNIQUE constraint failed: ExecutedInstructions.ExecInstrId exec_id=58093728098887 instr_id=453191 core=22 sub_core=2
[cannsim_helper] insert instr failed rc=19 err=UNIQUE constraint failed: ExecutedInstructions.ExecInstrId exec_id=57780195489244 instr_id=456156 core=13 sub_core=1
[cannsim_helper] insert instr failed rc=19 err=UNIQUE constraint failed: ExecutedInstructions.ExecInstrId exec_id=58093728098890 instr_id=453194 core=22 sub_core=2
[cannsim_helper] insert instr failed rc=19 err=UNIQUE constraint failed: ExecutedInstructions.ExecInstrId exec_id=57763015622593 instr_id=458689 core=9 sub_core=1
[cannsim_helper] insert instr failed rc=19 err=UNIQUE constraint failed: ExecutedInstructions.ExecInstrId exec_id=57775900525364 instr_id=459572 core=12 sub_core=1
[cannsim_helper] insert instr failed rc=19 err=UNIQUE constraint failed: ExecutedInstructions.ExecInstrId exec_id=57750130721119 instr_id=459103 core=6 sub_core=1
[cannsim_helper] insert instr failed rc=19 err=UNIQUE constraint failed: ExecutedInstructions.ExecInstrId exec_id=57780195493725 instr_id=460637 core=13 sub_core=1
[cannsim_helper] insert instr failed rc=19 err=UNIQUE constraint failed: ExecutedInstructions.ExecInstrId exec_id=57737245823041 instr_id=462913 core=3 sub_core=1
[cannsim_helper] insert instr failed rc=19 err=UNIQUE constraint failed: ExecutedInstructions.ExecInstrId exec_id=58110907976323 instr_id=461443 core=26 sub_core=2
[cannsim_helper] insert instr failed rc=19 err=UNIQUE constraint failed: ExecutedInstructions.ExecInstrId exec_id=58110907976326 instr_id=461446 core=26 sub_core=2
[cannsim_helper] insert instr failed rc=19 err=UNIQUE constraint failed: ExecutedInstructions.ExecInstrId exec_id=58106613004015 instr_id=456431 core=25 sub_core=2
[cannsim_helper] insert instr failed rc=19 err=UNIQUE constraint failed: ExecutedInstructions.ExecInstrId exec_id=57775900529880 instr_id=464088 core=12 sub_core=1
[cannsim_helper] insert instr failed rc=19 err=UNIQUE constraint failed: ExecutedInstructions.ExecInstrId exec_id=58128087848067 instr_id=464003 core=30 sub_core=2
[cannsim_helper] insert instr failed rc=19 err=UNIQUE constraint failed: ExecutedInstructions.ExecInstrId exec_id=57848914966601 instr_id=456777 core=29 sub_core=1
[cannsim_helper] insert instr failed rc=19 err=UNIQUE constraint failed: ExecutedInstructions.ExecInstrId exec_id=58102318040002 instr_id=459714 core=24 sub_core=2
[cannsim_helper] insert instr failed rc=19 err=UNIQUE constraint failed: ExecutedInstructions.ExecInstrId exec_id=57836030065419 instr_id=457483 core=26 sub_core=1
[cannsim_helper] insert instr failed rc=19 err=UNIQUE constraint failed: ExecutedInstructions.ExecInstrId exec_id=57818850203785 instr_id=465033 core=22 sub_core=1
[cannsim_helper] insert instr failed rc=19 err=UNIQUE constraint failed: ExecutedInstructions.ExecInstrId exec_id=57844620006026 instr_id=463498 core=28 sub_core=1
[cannsim_helper] insert instr failed rc=19 err=UNIQUE constraint failed: ExecutedInstructions.ExecInstrId exec_id=57844620006027 instr_id=463499 core=28 sub_core=1
[cannsim_helper] insert instr failed rc=19 err=UNIQUE constraint failed: ExecutedInstructions.ExecInstrId exec_id=57737245827881 instr_id=467753 core=3 sub_core=1
[cannsim_helper] insert instr failed rc=19 err=UNIQUE constraint failed: ExecutedInstructions.ExecInstrId exec_id=58123792877755 instr_id=460987 core=29 sub_core=2
[cannsim_helper] insert instr failed rc=19 err=UNIQUE constraint failed: ExecutedInstructions.ExecInstrId exec_id=57771605567986 instr_id=469490 core=11 sub_core=1
[cannsim_helper] insert instr failed rc=19 err=UNIQUE constraint failed: ExecutedInstructions.ExecInstrId exec_id=58132382816637 instr_id=465277 core=31 sub_core=2
[cannsim_helper] insert instr failed rc=19 err=UNIQUE constraint failed: ExecutedInstructions.ExecInstrId exec_id=57840325049354 instr_id=474122 core=27 sub_core=1
[cannsim_helper] insert instr failed rc=19 err=UNIQUE constraint failed: ExecutedInstructions.ExecInstrId exec_id=57805965302669 instr_id=465805 core=19 sub_core=1
[cannsim_helper] insert instr failed rc=19 err=UNIQUE constraint failed: ExecutedInstructions.ExecInstrId exec_id=58063663349829 instr_id=475205 core=15 sub_core=2
[cannsim_helper] insert instr failed rc=19 err=UNIQUE constraint failed: ExecutedInstructions.ExecInstrId exec_id=58085138187716 instr_id=476612 core=20 sub_core=2
[cannsim_helper] insert instr failed rc=19 err=UNIQUE constraint failed: ExecutedInstructions.ExecInstrId exec_id=57857504919113 instr_id=474697 core=31 sub_core=1
[cannsim_helper] insert instr failed rc=19 err=UNIQUE constraint failed: ExecutedInstructions.ExecInstrId exec_id=58029303615373 instr_id=479117 core=7 sub_core=2
[cannsim_helper] insert instr failed rc=19 err=UNIQUE constraint failed: ExecutedInstructions.ExecInstrId exec_id=57857504919116 instr_id=474700 core=31 sub_core=1
[cannsim_helper] insert instr failed rc=19 err=UNIQUE constraint failed: ExecutedInstructions.ExecInstrId exec_id=57793080404766 instr_id=469790 core=16 sub_core=1
[cannsim_helper] insert instr failed rc=19 err=UNIQUE constraint failed: ExecutedInstructions.ExecInstrId exec_id=57797375372073 instr_id=469801 core=17 sub_core=1
[cannsim_helper] INSTR_POPPED_LOG callback count=800000
[cannsim_helper] insert instr failed rc=19 err=UNIQUE constraint failed: ExecutedInstructions.ExecInstrId exec_id=58042188519523 instr_id=481379 core=10 sub_core=2
[cannsim_helper] INSTR_LOG callback count=800000
[cannsim_helper] insert instr failed rc=19 err=UNIQUE constraint failed: ExecutedInstructions.ExecInstrId exec_id=58089433157534 instr_id=479134 core=21 sub_core=2
[cannsim_helper] insert instr failed rc=19 err=UNIQUE constraint failed: ExecutedInstructions.ExecInstrId exec_id=58089433157535 instr_id=479135 core=21 sub_core=2
[cannsim_helper] insert instr failed rc=19 err=UNIQUE constraint failed: ExecutedInstructions.ExecInstrId exec_id=57999238848940 instr_id=483756 core=0 sub_core=2
[cannsim_helper] insert instr failed rc=19 err=UNIQUE constraint failed: ExecutedInstructions.ExecInstrId exec_id=58029303621258 instr_id=485002 core=7 sub_core=2
[cannsim_helper] insert instr failed rc=19 err=UNIQUE constraint failed: ExecutedInstructions.ExecInstrId exec_id=57810260285984 instr_id=481824 core=20 sub_core=1
[cannsim_helper] insert instr failed rc=19 err=UNIQUE constraint failed: ExecutedInstructions.ExecInstrId exec_id=57810260285987 instr_id=481827 core=20 sub_core=1
[cannsim_helper] insert instr failed rc=19 err=UNIQUE constraint failed: ExecutedInstructions.ExecInstrId exec_id=57758720683965 instr_id=487357 core=8 sub_core=1
[cannsim_helper] insert instr failed rc=19 err=UNIQUE constraint failed: ExecutedInstructions.ExecInstrId exec_id=58042188525455 instr_id=487311 core=10 sub_core=2
[cannsim_helper] insert instr failed rc=19 err=UNIQUE constraint failed: ExecutedInstructions.ExecInstrId exec_id=58059368395931 instr_id=488603 core=14 sub_core=2
[cannsim_helper] insert instr failed rc=19 err=UNIQUE constraint failed: ExecutedInstructions.ExecInstrId exec_id=57728655916278 instr_id=490742 core=1 sub_core=1
[cannsim_helper] insert instr failed rc=19 err=UNIQUE constraint failed: ExecutedInstructions.ExecInstrId exec_id=58033598593645 instr_id=490093 core=8 sub_core=2
[cannsim_helper] insert instr failed rc=19 err=UNIQUE constraint failed: ExecutedInstructions.ExecInstrId exec_id=57741540820190 instr_id=492766 core=4 sub_core=1
[cannsim_helper] insert instr failed rc=19 err=UNIQUE constraint failed: ExecutedInstructions.ExecInstrId exec_id=57758720690135 instr_id=493527 core=8 sub_core=1
[cannsim_helper] insert instr failed rc=19 err=UNIQUE constraint failed: ExecutedInstructions.ExecInstrId exec_id=58080843237418 instr_id=493610 core=19 sub_core=2
[cannsim_helper] insert instr failed rc=19 err=UNIQUE constraint failed: ExecutedInstructions.ExecInstrId exec_id=57754425723534 instr_id=494222 core=7 sub_core=1
[cannsim_helper] insert instr failed rc=19 err=UNIQUE constraint failed: ExecutedInstructions.ExecInstrId exec_id=58059368402209 instr_id=494881 core=14 sub_core=2
[cannsim_helper] insert instr failed rc=19 err=UNIQUE constraint failed: ExecutedInstructions.ExecInstrId exec_id=58067958336587 instr_id=494667 core=16 sub_core=2
[cannsim_helper] insert instr failed rc=19 err=UNIQUE constraint failed: ExecutedInstructions.ExecInstrId exec_id=57767310629547 instr_id=498347 core=10 sub_core=1
[cannsim_helper] insert instr failed rc=19 err=UNIQUE constraint failed: ExecutedInstructions.ExecInstrId exec_id=58007828797776 instr_id=498000 core=2 sub_core=2
[cannsim_helper] insert instr failed rc=19 err=UNIQUE constraint failed: ExecutedInstructions.ExecInstrId exec_id=57724360957719 instr_id=499479 core=0 sub_core=1
[cannsim_helper] insert instr failed rc=19 err=UNIQUE constraint failed: ExecutedInstructions.ExecInstrId exec_id=57831735136299 instr_id=495659 core=25 sub_core=1
[cannsim_helper] insert instr failed rc=19 err=UNIQUE constraint failed: ExecutedInstructions.ExecInstrId exec_id=57732950893042 instr_id=500210 core=2 sub_core=1
[cannsim_helper] insert instr failed rc=19 err=UNIQUE constraint failed: ExecutedInstructions.ExecInstrId exec_id=57831735136306 instr_id=495666 core=25 sub_core=1
[cannsim_helper] insert instr failed rc=19 err=UNIQUE constraint failed: ExecutedInstructions.ExecInstrId exec_id=58115202983358 instr_id=501182 core=27 sub_core=2
[cannsim_helper] insert instr failed rc=19 err=UNIQUE constraint failed: ExecutedInstructions.ExecInstrId exec_id=58012123769058 instr_id=501986 core=3 sub_core=2
[cannsim_helper] insert instr failed rc=19 err=UNIQUE constraint failed: ExecutedInstructions.ExecInstrId exec_id=58076548267982 instr_id=491470 core=18 sub_core=2
[cannsim_helper] insert instr failed rc=19 err=UNIQUE constraint failed: ExecutedInstructions.ExecInstrId exec_id=57784490504789 instr_id=504405 core=14 sub_core=1
[cannsim_helper] insert instr failed rc=19 err=UNIQUE constraint failed: ExecutedInstructions.ExecInstrId exec_id=58055073443483 instr_id=503451 core=13 sub_core=2
[cannsim_helper] insert instr failed rc=19 err=UNIQUE constraint failed: ExecutedInstructions.ExecInstrId exec_id=57823145210168 instr_id=504120 core=23 sub_core=1
[cannsim_helper] insert instr failed rc=19 err=UNIQUE constraint failed: ExecutedInstructions.ExecInstrId exec_id=58119497943089 instr_id=493617 core=28 sub_core=2
[cannsim_helper] insert instr failed rc=19 err=UNIQUE constraint failed: ExecutedInstructions.ExecInstrId exec_id=57767310636016 instr_id=504816 core=10 sub_core=1
[cannsim_helper] insert instr failed rc=19 err=UNIQUE constraint failed: ExecutedInstructions.ExecInstrId exec_id=58046483509616 instr_id=504176 core=11 sub_core=2
[cannsim_helper] insert instr failed rc=19 err=UNIQUE constraint failed: ExecutedInstructions.ExecInstrId exec_id=57814555281156 instr_id=509700 core=21 sub_core=1
[cannsim_helper] insert instr failed rc=19 err=UNIQUE constraint failed: ExecutedInstructions.ExecInstrId exec_id=58098023122913 instr_id=509921 core=23 sub_core=2
[cannsim_helper] insert instr failed rc=19 err=UNIQUE constraint failed: ExecutedInstructions.ExecInstrId exec_id=57784490511322 instr_id=510938 core=14 sub_core=1
[cannsim_helper] insert instr failed rc=19 err=UNIQUE constraint failed: ExecutedInstructions.ExecInstrId exec_id=58050778484472 instr_id=511736 core=12 sub_core=2
[cannsim_helper] insert instr failed rc=19 err=UNIQUE constraint failed: ExecutedInstructions.ExecInstrId exec_id=58106613055382 instr_id=507798 core=25 sub_core=2
[cannsim_helper] insert instr failed rc=19 err=UNIQUE constraint failed: ExecutedInstructions.ExecInstrId exec_id=57780195544785 instr_id=511697 core=13 sub_core=1
[cannsim_helper] insert instr failed rc=19 err=UNIQUE constraint failed: ExecutedInstructions.ExecInstrId exec_id=58106613055385 instr_id=507801 core=25 sub_core=2
[cannsim_helper] insert instr failed rc=19 err=UNIQUE constraint failed: ExecutedInstructions.ExecInstrId exec_id=57848915018026 instr_id=508202 core=29 sub_core=1
[cannsim_helper] insert instr failed rc=19 err=UNIQUE constraint failed: ExecutedInstructions.ExecInstrId exec_id=57848915018027 instr_id=508203 core=29 sub_core=1
[cannsim_helper] insert instr failed rc=19 err=UNIQUE constraint failed: ExecutedInstructions.ExecInstrId exec_id=57836030117264 instr_id=509328 core=26 sub_core=1
[cannsim_helper] insert instr failed rc=19 err=UNIQUE constraint failed: ExecutedInstructions.ExecInstrId exec_id=57836030117266 instr_id=509330 core=26 sub_core=1
[cannsim_helper] insert instr failed rc=19 err=UNIQUE constraint failed: ExecutedInstructions.ExecInstrId exec_id=58102318094635 instr_id=514347 core=24 sub_core=2
[cannsim_helper] insert instr failed rc=19 err=UNIQUE constraint failed: ExecutedInstructions.ExecInstrId exec_id=58102318094639 instr_id=514351 core=24 sub_core=2
[cannsim_helper] insert instr failed rc=19 err=UNIQUE constraint failed: ExecutedInstructions.ExecInstrId exec_id=57745835810723 instr_id=516003 core=5 sub_core=1
[cannsim_helper] insert instr failed rc=19 err=UNIQUE constraint failed: ExecutedInstructions.ExecInstrId exec_id=57801670375191 instr_id=505623 core=18 sub_core=1
[cannsim_helper] insert instr failed rc=19 err=UNIQUE constraint failed: ExecutedInstructions.ExecInstrId exec_id=57775900582487 instr_id=516695 core=12 sub_core=1
[cannsim_helper] insert instr failed rc=19 err=UNIQUE constraint failed: ExecutedInstructions.ExecInstrId exec_id=58050778490833 instr_id=518097 core=12 sub_core=2
[cannsim_helper] insert instr failed rc=19 err=UNIQUE constraint failed: ExecutedInstructions.ExecInstrId exec_id=58123792931163 instr_id=514395 core=29 sub_core=2
[cannsim_helper] insert instr failed rc=19 err=UNIQUE constraint failed: ExecutedInstructions.ExecInstrId exec_id=57827440181559 instr_id=508215 core=24 sub_core=1
[cannsim_helper] insert instr failed rc=19 err=UNIQUE constraint failed: ExecutedInstructions.ExecInstrId exec_id=58123792931164 instr_id=514396 core=29 sub_core=2
[cannsim_helper] insert instr failed rc=19 err=UNIQUE constraint failed: ExecutedInstructions.ExecInstrId exec_id=57737245881497 instr_id=521369 core=3 sub_core=1
[cannsim_helper] insert instr failed rc=19 err=UNIQUE constraint failed: ExecutedInstructions.ExecInstrId exec_id=58132382871669 instr_id=520309 core=31 sub_core=2
[cannsim_helper] insert instr failed rc=19 err=UNIQUE constraint failed: ExecutedInstructions.ExecInstrId exec_id=58072253334072 instr_id=524856 core=17 sub_core=2
[cannsim_helper] insert instr failed rc=19 err=UNIQUE constraint failed: ExecutedInstructions.ExecInstrId exec_id=58132382871674 instr_id=520314 core=31 sub_core=2
[cannsim_helper] insert instr failed rc=19 err=UNIQUE constraint failed: ExecutedInstructions.ExecInstrId exec_id=57805965357973 instr_id=521109 core=19 sub_core=1
[cannsim_helper] insert instr failed rc=19 err=UNIQUE constraint failed: ExecutedInstructions.ExecInstrId exec_id=57805965357975 instr_id=521111 core=19 sub_core=1
[cannsim_helper] insert instr failed rc=19 err=UNIQUE constraint failed: ExecutedInstructions.ExecInstrId exec_id=57793080461353 instr_id=526377 core=16 sub_core=1
[cannsim_helper] insert instr failed rc=19 err=UNIQUE constraint failed: ExecutedInstructions.ExecInstrId exec_id=57797375433449 instr_id=531177 core=17 sub_core=1
[cannsim_helper] insert instr failed rc=19 err=UNIQUE constraint failed: ExecutedInstructions.ExecInstrId exec_id=57793080461357 instr_id=526381 core=16 sub_core=1
[cannsim_helper] insert instr failed rc=19 err=UNIQUE constraint failed: ExecutedInstructions.ExecInstrId exec_id=57797375433452 instr_id=531180 core=17 sub_core=1
[cannsim_helper] insert instr failed rc=19 err=UNIQUE constraint failed: ExecutedInstructions.ExecInstrId exec_id=58128087904414 instr_id=520350 core=30 sub_core=2
[cannsim_helper] insert instr failed rc=19 err=UNIQUE constraint failed: ExecutedInstructions.ExecInstrId exec_id=57818850260600 instr_id=521848 core=22 sub_core=1
[cannsim_helper] insert instr failed rc=19 err=UNIQUE constraint failed: ExecutedInstructions.ExecInstrId exec_id=58025008703729 instr_id=534769 core=6 sub_core=2
[cannsim_helper] insert instr failed rc=19 err=UNIQUE constraint failed: ExecutedInstructions.ExecInstrId exec_id=58003533870755 instr_id=538275 core=1 sub_core=2
[cannsim_helper] insert instr failed rc=19 err=UNIQUE constraint failed: ExecutedInstructions.ExecInstrId exec_id=58029303678435 instr_id=542179 core=7 sub_core=2
[cannsim_helper] insert instr failed rc=19 err=UNIQUE constraint failed: ExecutedInstructions.ExecInstrId exec_id=57840325108451 instr_id=533219 core=27 sub_core=1
[cannsim_helper] insert instr failed rc=19 err=UNIQUE constraint failed: ExecutedInstructions.ExecInstrId exec_id=58042188582941 instr_id=544797 core=10 sub_core=2
[cannsim_helper] insert instr failed rc=19 err=UNIQUE constraint failed: ExecutedInstructions.ExecInstrId exec_id=57853210024908 instr_id=547788 core=30 sub_core=1
[cannsim_helper] insert instr failed rc=19 err=UNIQUE constraint failed: ExecutedInstructions.ExecInstrId exec_id=58085138247553 instr_id=536449 core=20 sub_core=2
[cannsim_helper] insert instr failed rc=19 err=UNIQUE constraint failed: ExecutedInstructions.ExecInstrId exec_id=58093728173977 instr_id=528281 core=22 sub_core=2
[cannsim_helper] insert instr failed rc=19 err=UNIQUE constraint failed: ExecutedInstructions.ExecInstrId exec_id=58093728173978 instr_id=528282 core=22 sub_core=2
[cannsim_helper] insert instr failed rc=19 err=UNIQUE constraint failed: ExecutedInstructions.ExecInstrId exec_id=58093728173981 instr_id=528285 core=22 sub_core=2
[cannsim_helper] insert instr failed rc=19 err=UNIQUE constraint failed: ExecutedInstructions.ExecInstrId exec_id=58037893620662 instr_id=549814 core=9 sub_core=2
[cannsim_helper] insert instr failed rc=19 err=UNIQUE constraint failed: ExecutedInstructions.ExecInstrId exec_id=57758720747875 instr_id=551267 core=8 sub_core=1
[cannsim_helper] insert instr failed rc=19 err=UNIQUE constraint failed: ExecutedInstructions.ExecInstrId exec_id=58059368460050 instr_id=552722 core=14 sub_core=2
[cannsim_helper] insert instr failed rc=19 err=UNIQUE constraint failed: ExecutedInstructions.ExecInstrId exec_id=58076548327849 instr_id=551337 core=18 sub_core=2
[cannsim_helper] insert instr failed rc=19 err=UNIQUE constraint failed: ExecutedInstructions.ExecInstrId exec_id=58076548327851 instr_id=551339 core=18 sub_core=2
[cannsim_helper] insert instr failed rc=19 err=UNIQUE constraint failed: ExecutedInstructions.ExecInstrId exec_id=58020713757895 instr_id=556231 core=5 sub_core=2
[cannsim_helper] insert instr failed rc=19 err=UNIQUE constraint failed: ExecutedInstructions.ExecInstrId exec_id=58119498002960 instr_id=553488 core=28 sub_core=2
[cannsim_helper] insert instr failed rc=19 err=UNIQUE constraint failed: ExecutedInstructions.ExecInstrId exec_id=58119498002964 instr_id=553492 core=28 sub_core=2
[cannsim_helper] insert instr failed rc=19 err=UNIQUE constraint failed: ExecutedInstructions.ExecInstrId exec_id=58110908049438 instr_id=534558 core=26 sub_core=2
[cannsim_helper] insert instr failed rc=19 err=UNIQUE constraint failed: ExecutedInstructions.ExecInstrId exec_id=58110908049440 instr_id=534560 core=26 sub_core=2
[cannsim_helper] insert instr failed rc=19 err=UNIQUE constraint failed: ExecutedInstructions.ExecInstrId exec_id=58110908049442 instr_id=534562 core=26 sub_core=2
[cannsim_helper] insert instr failed rc=19 err=UNIQUE constraint failed: ExecutedInstructions.ExecInstrId exec_id=57767310693665 instr_id=562465 core=10 sub_core=1
[cannsim_helper] insert instr failed rc=19 err=UNIQUE constraint failed: ExecutedInstructions.ExecInstrId exec_id=57844620082839 instr_id=540311 core=28 sub_core=1
[cannsim_helper] insert instr failed rc=19 err=UNIQUE constraint failed: ExecutedInstructions.ExecInstrId exec_id=57999238928836 instr_id=563652 core=0 sub_core=2
[cannsim_helper] insert instr failed rc=19 err=UNIQUE constraint failed: ExecutedInstructions.ExecInstrId exec_id=57844620082841 instr_id=540313 core=28 sub_core=1
[cannsim_helper] insert instr failed rc=19 err=UNIQUE constraint failed: ExecutedInstructions.ExecInstrId exec_id=57844620082843 instr_id=540315 core=28 sub_core=1
[cannsim_helper] insert instr failed rc=19 err=UNIQUE constraint failed: ExecutedInstructions.ExecInstrId exec_id=58080843299105 instr_id=555297 core=19 sub_core=2
[cannsim_helper] insert instr failed rc=19 err=UNIQUE constraint failed: ExecutedInstructions.ExecInstrId exec_id=58067958398210 instr_id=556290 core=16 sub_core=2
[cannsim_helper] insert instr failed rc=19 err=UNIQUE constraint failed: ExecutedInstructions.ExecInstrId exec_id=58016418801640 instr_id=567272 core=4 sub_core=2
[cannsim_helper] insert instr failed rc=19 err=UNIQUE constraint failed: ExecutedInstructions.ExecInstrId exec_id=57724361025708 instr_id=567468 core=0 sub_core=1
[cannsim_helper] insert instr failed rc=19 err=UNIQUE constraint failed: ExecutedInstructions.ExecInstrId exec_id=57784490568805 instr_id=568421 core=14 sub_core=1
[cannsim_helper] insert instr failed rc=19 err=UNIQUE constraint failed: ExecutedInstructions.ExecInstrId exec_id=57801670434803 instr_id=565235 core=18 sub_core=1
[cannsim_helper] insert instr failed rc=19 err=UNIQUE constraint failed: ExecutedInstructions.ExecInstrId exec_id=57801670434812 instr_id=565244 core=18 sub_core=1
[cannsim_helper] insert instr failed rc=19 err=UNIQUE constraint failed: ExecutedInstructions.ExecInstrId exec_id=57827440241148 instr_id=567804 core=24 sub_core=1
[cannsim_helper] insert instr failed rc=19 err=UNIQUE constraint failed: ExecutedInstructions.ExecInstrId exec_id=57827440241149 instr_id=567805 core=24 sub_core=1
[cannsim_helper] insert instr failed rc=19 err=UNIQUE constraint failed: ExecutedInstructions.ExecInstrId exec_id=58115203044868 instr_id=562692 core=27 sub_core=2
[cannsim_helper] insert instr failed rc=19 err=UNIQUE constraint failed: ExecutedInstructions.ExecInstrId exec_id=58050778548286 instr_id=575550 core=12 sub_core=2
[cannsim_helper] insert instr failed rc=19 err=UNIQUE constraint failed: ExecutedInstructions.ExecInstrId exec_id=57823145271712 instr_id=565664 core=23 sub_core=1
[cannsim_helper] insert instr failed rc=19 err=UNIQUE constraint failed: ExecutedInstructions.ExecInstrId exec_id=57857504998892 instr_id=554476 core=31 sub_core=1
[cannsim_helper] insert instr failed rc=19 err=UNIQUE constraint failed: ExecutedInstructions.ExecInstrId exec_id=57857504998897 instr_id=554481 core=31 sub_core=1
[cannsim_helper] insert instr failed rc=19 err=UNIQUE constraint failed: ExecutedInstructions.ExecInstrId exec_id=57857504998906 instr_id=554490 core=31 sub_core=1
[cannsim_helper] insert instr failed rc=19 err=UNIQUE constraint failed: ExecutedInstructions.ExecInstrId exec_id=57814555342489 instr_id=571033 core=21 sub_core=1
[cannsim_helper] insert instr failed rc=19 err=UNIQUE constraint failed: ExecutedInstructions.ExecInstrId exec_id=58098023184366 instr_id=571374 core=23 sub_core=2
[cannsim_helper] insert instr failed rc=19 err=UNIQUE constraint failed: ExecutedInstructions.ExecInstrId exec_id=58089433238077 instr_id=559677 core=21 sub_core=2
[cannsim_helper] insert instr failed rc=19 err=UNIQUE constraint failed: ExecutedInstructions.ExecInstrId exec_id=58089433238080 instr_id=559680 core=21 sub_core=2
[cannsim_helper] insert instr failed rc=19 err=UNIQUE constraint failed: ExecutedInstructions.ExecInstrId exec_id=57788785550443 instr_id=582763 core=15 sub_core=1
[cannsim_helper] insert instr failed rc=19 err=UNIQUE constraint failed: ExecutedInstructions.ExecInstrId exec_id=58089433238085 instr_id=559685 core=21 sub_core=2
[cannsim_helper] insert instr failed rc=19 err=UNIQUE constraint failed: ExecutedInstructions.ExecInstrId exec_id=58128087963590 instr_id=579526 core=30 sub_core=2
[cannsim_helper] insert instr failed rc=19 err=UNIQUE constraint failed: ExecutedInstructions.ExecInstrId exec_id=58128087963593 instr_id=579529 core=30 sub_core=2
[cannsim_helper] insert instr failed rc=19 err=UNIQUE constraint failed: ExecutedInstructions.ExecInstrId exec_id=57810260366284 instr_id=562124 core=20 sub_core=1
[cannsim_helper] insert instr failed rc=19 err=UNIQUE constraint failed: ExecutedInstructions.ExecInstrId exec_id=57810260366285 instr_id=562125 core=20 sub_core=1
[cannsim_helper] insert instr failed rc=19 err=UNIQUE constraint failed: ExecutedInstructions.ExecInstrId exec_id=57818850319647 instr_id=580895 core=22 sub_core=1
[cannsim_helper] insert instr failed rc=19 err=UNIQUE constraint failed: ExecutedInstructions.ExecInstrId exec_id=57818850319648 instr_id=580896 core=22 sub_core=1
[cannsim_helper] insert instr failed rc=19 err=UNIQUE constraint failed: ExecutedInstructions.ExecInstrId exec_id=57810260366288 instr_id=562128 core=20 sub_core=1
[cannsim_helper] insert instr failed rc=19 err=UNIQUE constraint failed: ExecutedInstructions.ExecInstrId exec_id=57763015752123 instr_id=588219 core=9 sub_core=1
[cannsim_helper] insert instr failed rc=19 err=UNIQUE constraint failed: ExecutedInstructions.ExecInstrId exec_id=57750130850784 instr_id=588768 core=6 sub_core=1
[cannsim_helper] insert instr failed rc=19 err=UNIQUE constraint failed: ExecutedInstructions.ExecInstrId exec_id=57840325165768 instr_id=590536 core=27 sub_core=1
[cannsim_helper] insert instr failed rc=19 err=UNIQUE constraint failed: ExecutedInstructions.ExecInstrId exec_id=58072253394316 instr_id=585100 core=17 sub_core=2
[cannsim_helper] insert instr failed rc=19 err=UNIQUE constraint failed: ExecutedInstructions.ExecInstrId exec_id=57840325165769 instr_id=590537 core=27 sub_core=1
[cannsim_helper] insert instr failed rc=19 err=UNIQUE constraint failed: ExecutedInstructions.ExecInstrId exec_id=58085138304249 instr_id=593145 core=20 sub_core=2
[cannsim_helper] insert instr failed rc=19 err=UNIQUE constraint failed: ExecutedInstructions.ExecInstrId exec_id=58085138304250 instr_id=593146 core=20 sub_core=2
[cannsim_helper] insert instr failed rc=19 err=UNIQUE constraint failed: ExecutedInstructions.ExecInstrId exec_id=57853210070570 instr_id=593450 core=30 sub_core=1
[cannsim_helper] insert instr failed rc=19 err=UNIQUE constraint failed: ExecutedInstructions.ExecInstrId exec_id=57831735217574 instr_id=576934 core=25 sub_core=1
[cannsim_helper] insert instr failed rc=19 err=UNIQUE constraint failed: ExecutedInstructions.ExecInstrId exec_id=57853210070573 instr_id=593453 core=30 sub_core=1
[cannsim_helper] insert instr failed rc=19 err=UNIQUE constraint failed: ExecutedInstructions.ExecInstrId exec_id=57831735217577 instr_id=576937 core=25 sub_core=1
[cannsim_helper] insert instr failed rc=19 err=UNIQUE constraint failed: ExecutedInstructions.ExecInstrId exec_id=57831735217584 instr_id=576944 core=25 sub_core=1
[cannsim_helper] insert instr failed rc=19 err=UNIQUE constraint failed: ExecutedInstructions.ExecInstrId exec_id=57771605698704 instr_id=600208 core=11 sub_core=1
[cannsim_helper] insert instr failed rc=19 err=UNIQUE constraint failed: ExecutedInstructions.ExecInstrId exec_id=58063663480100 instr_id=605476 core=15 sub_core=2
[cannsim_helper] insert instr failed rc=19 err=UNIQUE constraint failed: ExecutedInstructions.ExecInstrId exec_id=58106613135189 instr_id=587605 core=25 sub_core=2
[cannsim_helper] insert instr failed rc=19 err=UNIQUE constraint failed: ExecutedInstructions.ExecInstrId exec_id=57848915097689 instr_id=587865 core=29 sub_core=1
[cannsim_helper] insert instr failed rc=19 err=UNIQUE constraint failed: ExecutedInstructions.ExecInstrId exec_id=58106613135193 instr_id=587609 core=25 sub_core=2
[cannsim_helper] insert instr failed rc=19 err=UNIQUE constraint failed: ExecutedInstructions.ExecInstrId exec_id=57848915097691 instr_id=587867 core=29 sub_core=1
[cannsim_helper] insert instr failed rc=19 err=UNIQUE constraint failed: ExecutedInstructions.ExecInstrId exec_id=57836030196798 instr_id=588862 core=26 sub_core=1
[cannsim_helper] insert instr failed rc=19 err=UNIQUE constraint failed: ExecutedInstructions.ExecInstrId exec_id=58106613135196 instr_id=587612 core=25 sub_core=2
[cannsim_helper] insert instr failed rc=19 err=UNIQUE constraint failed: ExecutedInstructions.ExecInstrId exec_id=57848915097695 instr_id=587871 core=29 sub_core=1
[cannsim_helper] insert instr failed rc=19 err=UNIQUE constraint failed: ExecutedInstructions.ExecInstrId exec_id=57836030196800 instr_id=588864 core=26 sub_core=1
[cannsim_helper] insert instr failed rc=19 err=UNIQUE constraint failed: ExecutedInstructions.ExecInstrId exec_id=58102318169755 instr_id=589467 core=24 sub_core=2
[cannsim_helper] insert instr failed rc=19 err=UNIQUE constraint failed: ExecutedInstructions.ExecInstrId exec_id=58102318169756 instr_id=589468 core=24 sub_core=2
[cannsim_helper] insert instr failed rc=19 err=UNIQUE constraint failed: ExecutedInstructions.ExecInstrId exec_id=57836030196802 instr_id=588866 core=26 sub_core=1
[cannsim_helper] insert instr failed rc=19 err=UNIQUE constraint failed: ExecutedInstructions.ExecInstrId exec_id=58102318169758 instr_id=589470 core=24 sub_core=2
[cannsim_helper] insert instr failed rc=19 err=UNIQUE constraint failed: ExecutedInstructions.ExecInstrId exec_id=58080843351221 instr_id=607413 core=19 sub_core=2
[cannsim_helper] insert instr failed rc=19 err=UNIQUE constraint failed: ExecutedInstructions.ExecInstrId exec_id=58123793009864 instr_id=593096 core=29 sub_core=2
[cannsim_helper] insert instr failed rc=19 err=UNIQUE constraint failed: ExecutedInstructions.ExecInstrId exec_id=58080843351222 instr_id=607414 core=19 sub_core=2
[cannsim_helper] insert instr failed rc=19 err=UNIQUE constraint failed: ExecutedInstructions.ExecInstrId exec_id=58123793009867 instr_id=593099 core=29 sub_core=2
[cannsim_helper] insert instr failed rc=19 err=UNIQUE constraint failed: ExecutedInstructions.ExecInstrId exec_id=58067958450080 instr_id=608160 core=16 sub_core=2
[cannsim_helper] insert instr failed rc=19 err=UNIQUE constraint failed: ExecutedInstructions.ExecInstrId exec_id=58067958450084 instr_id=608164 core=16 sub_core=2
[cannsim_helper] insert instr failed rc=19 err=UNIQUE constraint failed: ExecutedInstructions.ExecInstrId exec_id=58123793009876 instr_id=593108 core=29 sub_core=2
[cannsim_helper] insert instr failed rc=19 err=UNIQUE constraint failed: ExecutedInstructions.ExecInstrId exec_id=58132382949403 instr_id=598043 core=31 sub_core=2
[cannsim_helper] insert instr failed rc=19 err=UNIQUE constraint failed: ExecutedInstructions.ExecInstrId exec_id=58132382949406 instr_id=598046 core=31 sub_core=2
[cannsim_helper] insert instr failed rc=19 err=UNIQUE constraint failed: ExecutedInstructions.ExecInstrId exec_id=57805965435436 instr_id=598572 core=19 sub_core=1
[cannsim_helper] insert instr failed rc=19 err=UNIQUE constraint failed: ExecutedInstructions.ExecInstrId exec_id=58115203094980 instr_id=612804 core=27 sub_core=2
[cannsim_helper] insert instr failed rc=19 err=UNIQUE constraint failed: ExecutedInstructions.ExecInstrId exec_id=57805965435437 instr_id=598573 core=19 sub_core=1
[cannsim_helper] insert instr failed rc=19 err=UNIQUE constraint failed: ExecutedInstructions.ExecInstrId exec_id=58115203094982 instr_id=612806 core=27 sub_core=2
[cannsim_helper] insert instr failed rc=19 err=UNIQUE constraint failed: ExecutedInstructions.ExecInstrId exec_id=58132382949409 instr_id=598049 core=31 sub_core=2
[cannsim_helper] insert instr failed rc=19 err=UNIQUE constraint failed: ExecutedInstructions.ExecInstrId exec_id=57805965435440 instr_id=598576 core=19 sub_core=1
[cannsim_helper] insert instr failed rc=19 err=UNIQUE constraint failed: ExecutedInstructions.ExecInstrId exec_id=58033598720294 instr_id=616742 core=8 sub_core=2
[cannsim_helper] insert instr failed rc=19 err=UNIQUE constraint failed: ExecutedInstructions.ExecInstrId exec_id=57823145320870 instr_id=614822 core=23 sub_core=1
[cannsim_helper] insert instr failed rc=19 err=UNIQUE constraint failed: ExecutedInstructions.ExecInstrId exec_id=57823145320871 instr_id=614823 core=23 sub_core=1
[cannsim_helper] insert instr failed rc=19 err=UNIQUE constraint failed: ExecutedInstructions.ExecInstrId exec_id=57793080537487 instr_id=602511 core=16 sub_core=1
[cannsim_helper] insert instr failed rc=19 err=UNIQUE constraint failed: ExecutedInstructions.ExecInstrId exec_id=57797375505034 instr_id=602762 core=17 sub_core=1
[cannsim_helper] insert instr failed rc=19 err=UNIQUE constraint failed: ExecutedInstructions.ExecInstrId exec_id=57793080537488 instr_id=602512 core=16 sub_core=1
[cannsim_helper] insert instr failed rc=19 err=UNIQUE constraint failed: ExecutedInstructions.ExecInstrId exec_id=57797375505036 instr_id=602764 core=17 sub_core=1
[cannsim_helper] insert instr failed rc=19 err=UNIQUE constraint failed: ExecutedInstructions.ExecInstrId exec_id=57793080537490 instr_id=602514 core=16 sub_core=1
[cannsim_helper] insert instr failed rc=19 err=UNIQUE constraint failed: ExecutedInstructions.ExecInstrId exec_id=57797375505042 instr_id=602770 core=17 sub_core=1
[cannsim_helper] insert instr failed rc=19 err=UNIQUE constraint failed: ExecutedInstructions.ExecInstrId exec_id=57814555390059 instr_id=618603 core=21 sub_core=1
[cannsim_helper] insert instr failed rc=19 err=UNIQUE constraint failed: ExecutedInstructions.ExecInstrId exec_id=58098023231360 instr_id=618368 core=23 sub_core=2
[cannsim_helper] insert instr failed rc=19 err=UNIQUE constraint failed: ExecutedInstructions.ExecInstrId exec_id=57814555390060 instr_id=618604 core=21 sub_core=1
[cannsim_helper] insert instr failed rc=19 err=UNIQUE constraint failed: ExecutedInstructions.ExecInstrId exec_id=58098023231362 instr_id=618370 core=23 sub_core=2
[cannsim_helper] insert instr failed rc=19 err=UNIQUE constraint failed: ExecutedInstructions.ExecInstrId exec_id=58055073565100 instr_id=625068 core=13 sub_core=2
[cannsim_helper] INSTR_POPPED_LOG callback count=900000
[cannsim_helper] insert instr failed rc=19 err=UNIQUE constraint failed: ExecutedInstructions.ExecInstrId exec_id=58046483630932 instr_id=625492 core=11 sub_core=2
[cannsim_helper] INSTR_LOG callback count=900000
[cannsim_helper] insert instr failed rc=19 err=UNIQUE constraint failed: ExecutedInstructions.ExecInstrId exec_id=57780195663007 instr_id=629919 core=13 sub_core=1
[cannsim_helper] insert instr failed rc=19 err=UNIQUE constraint failed: ExecutedInstructions.ExecInstrId exec_id=58072253436639 instr_id=627423 core=17 sub_core=2
[cannsim_helper] insert instr failed rc=19 err=UNIQUE constraint failed: ExecutedInstructions.ExecInstrId exec_id=58072253436641 instr_id=627425 core=17 sub_core=2
[cannsim_helper] insert instr failed rc=19 err=UNIQUE constraint failed: ExecutedInstructions.ExecInstrId exec_id=57775900698457 instr_id=632665 core=12 sub_core=1
[cannsim_helper] insert instr failed rc=19 err=UNIQUE constraint failed: ExecutedInstructions.ExecInstrId exec_id=58076548395735 instr_id=619223 core=18 sub_core=2
[cannsim_helper] insert instr failed rc=19 err=UNIQUE constraint failed: ExecutedInstructions.ExecInstrId exec_id=58076548395739 instr_id=619227 core=18 sub_core=2
[cannsim_helper] insert instr failed rc=19 err=UNIQUE constraint failed: ExecutedInstructions.ExecInstrId exec_id=58076548395744 instr_id=619232 core=18 sub_core=2
[cannsim_helper] insert instr failed rc=19 err=UNIQUE constraint failed: ExecutedInstructions.ExecInstrId exec_id=58119498070064 instr_id=620592 core=28 sub_core=2
[cannsim_helper] insert instr failed rc=19 err=UNIQUE constraint failed: ExecutedInstructions.ExecInstrId exec_id=58119498070066 instr_id=620594 core=28 sub_core=2
[cannsim_helper] insert instr failed rc=19 err=UNIQUE constraint failed: ExecutedInstructions.ExecInstrId exec_id=58119498070069 instr_id=620597 core=28 sub_core=2
[cannsim_helper] insert instr failed rc=19 err=UNIQUE constraint failed: ExecutedInstructions.ExecInstrId exec_id=57737245995133 instr_id=635005 core=3 sub_core=1
[cannsim_helper] insert instr failed rc=19 err=UNIQUE constraint failed: ExecutedInstructions.ExecInstrId exec_id=57801670497364 instr_id=627796 core=18 sub_core=1
[cannsim_helper] insert instr failed rc=19 err=UNIQUE constraint failed: ExecutedInstructions.ExecInstrId exec_id=57801670497367 instr_id=627799 core=18 sub_core=1
[cannsim_helper] insert instr failed rc=19 err=UNIQUE constraint failed: ExecutedInstructions.ExecInstrId exec_id=57801670497374 instr_id=627806 core=18 sub_core=1
[cannsim_helper] insert instr failed rc=19 err=UNIQUE constraint failed: ExecutedInstructions.ExecInstrId exec_id=57827440302659 instr_id=629315 core=24 sub_core=1
[cannsim_helper] insert instr failed rc=19 err=UNIQUE constraint failed: ExecutedInstructions.ExecInstrId exec_id=57827440302661 instr_id=629317 core=24 sub_core=1
[cannsim_helper] insert instr failed rc=19 err=UNIQUE constraint failed: ExecutedInstructions.ExecInstrId exec_id=57827440302664 instr_id=629320 core=24 sub_core=1
[cannsim_helper] insert instr failed rc=19 err=UNIQUE constraint failed: ExecutedInstructions.ExecInstrId exec_id=58029303780179 instr_id=643923 core=7 sub_core=2
[cannsim_helper] insert instr failed rc=19 err=UNIQUE constraint failed: ExecutedInstructions.ExecInstrId exec_id=58042188683001 instr_id=644857 core=10 sub_core=2
[cannsim_helper] insert instr failed rc=19 err=UNIQUE constraint failed: ExecutedInstructions.ExecInstrId exec_id=58128088019837 instr_id=635773 core=30 sub_core=2
[cannsim_helper] insert instr failed rc=19 err=UNIQUE constraint failed: ExecutedInstructions.ExecInstrId exec_id=58128088019843 instr_id=635779 core=30 sub_core=2
[cannsim_helper] insert instr failed rc=19 err=UNIQUE constraint failed: ExecutedInstructions.ExecInstrId exec_id=58128088019850 instr_id=635786 core=30 sub_core=2
[cannsim_helper] insert instr failed rc=19 err=UNIQUE constraint failed: ExecutedInstructions.ExecInstrId exec_id=57818850375288 instr_id=636536 core=22 sub_core=1
[cannsim_helper] insert instr failed rc=19 err=UNIQUE constraint failed: ExecutedInstructions.ExecInstrId exec_id=57818850375289 instr_id=636537 core=22 sub_core=1
[cannsim_helper] insert instr failed rc=19 err=UNIQUE constraint failed: ExecutedInstructions.ExecInstrId exec_id=57818850375291 instr_id=636539 core=22 sub_core=1
[cannsim_helper] insert instr failed rc=19 err=UNIQUE constraint failed: ExecutedInstructions.ExecInstrId exec_id=57758720843672 instr_id=647064 core=8 sub_core=1
[cannsim_helper] insert instr failed rc=19 err=UNIQUE constraint failed: ExecutedInstructions.ExecInstrId exec_id=58059368554879 instr_id=647551 core=14 sub_core=2
[cannsim_helper] insert instr failed rc=19 err=UNIQUE constraint failed: ExecutedInstructions.ExecInstrId exec_id=57840325216865 instr_id=641633 core=27 sub_core=1
[cannsim_helper] insert instr failed rc=19 err=UNIQUE constraint failed: ExecutedInstructions.ExecInstrId exec_id=57840325216866 instr_id=641634 core=27 sub_core=1
[cannsim_helper] insert instr failed rc=19 err=UNIQUE constraint failed: ExecutedInstructions.ExecInstrId exec_id=57840325216868 instr_id=641636 core=27 sub_core=1
[cannsim_helper] insert instr failed rc=19 err=UNIQUE constraint failed: ExecutedInstructions.ExecInstrId exec_id=58085138353915 instr_id=642811 core=20 sub_core=2
[cannsim_helper] insert instr failed rc=19 err=UNIQUE constraint failed: ExecutedInstructions.ExecInstrId exec_id=57767310781766 instr_id=650566 core=10 sub_core=1
[cannsim_helper] insert instr failed rc=19 err=UNIQUE constraint failed: ExecutedInstructions.ExecInstrId exec_id=58085138353918 instr_id=642814 core=20 sub_core=2
[cannsim_helper] insert instr failed rc=19 err=UNIQUE constraint failed: ExecutedInstructions.ExecInstrId exec_id=57853210120073 instr_id=642953 core=30 sub_core=1
[cannsim_helper] insert instr failed rc=19 err=UNIQUE constraint failed: ExecutedInstructions.ExecInstrId exec_id=57853210120074 instr_id=642954 core=30 sub_core=1
[cannsim_helper] insert instr failed rc=19 err=UNIQUE constraint failed: ExecutedInstructions.ExecInstrId exec_id=58085138353923 instr_id=642819 core=20 sub_core=2
[cannsim_helper] insert instr failed rc=19 err=UNIQUE constraint failed: ExecutedInstructions.ExecInstrId exec_id=57853210120077 instr_id=642957 core=30 sub_core=1
[cannsim_helper] insert instr failed rc=19 err=UNIQUE constraint failed: ExecutedInstructions.ExecInstrId exec_id=57784490652521 instr_id=652137 core=14 sub_core=1
[cannsim_helper] insert instr failed rc=19 err=UNIQUE constraint failed: ExecutedInstructions.ExecInstrId exec_id=58093728299190 instr_id=653494 core=22 sub_core=2
[cannsim_helper] insert instr failed rc=19 err=UNIQUE constraint failed: ExecutedInstructions.ExecInstrId exec_id=58050778626823 instr_id=654087 core=12 sub_core=2
[cannsim_helper] insert instr failed rc=19 err=UNIQUE constraint failed: ExecutedInstructions.ExecInstrId exec_id=58093728300628 instr_id=654932 core=22 sub_core=2
[cannsim_helper] insert instr failed rc=19 err=UNIQUE constraint failed: ExecutedInstructions.ExecInstrId exec_id=58080843392931 instr_id=649123 core=19 sub_core=2
[cannsim_helper] insert instr failed rc=19 err=UNIQUE constraint failed: ExecutedInstructions.ExecInstrId exec_id=58080843392933 instr_id=649125 core=19 sub_core=2
[cannsim_helper] insert instr failed rc=19 err=UNIQUE constraint failed: ExecutedInstructions.ExecInstrId exec_id=58067958491421 instr_id=649501 core=16 sub_core=2
[cannsim_helper] insert instr failed rc=19 err=UNIQUE constraint failed: ExecutedInstructions.ExecInstrId exec_id=58080843392936 instr_id=649128 core=19 sub_core=2
[cannsim_helper] insert instr failed rc=19 err=UNIQUE constraint failed: ExecutedInstructions.ExecInstrId exec_id=58067958491422 instr_id=649502 core=16 sub_core=2
[cannsim_helper] insert instr failed rc=19 err=UNIQUE constraint failed: ExecutedInstructions.ExecInstrId exec_id=58067958491426 instr_id=649506 core=16 sub_core=2
[cannsim_helper] insert instr failed rc=19 err=UNIQUE constraint failed: ExecutedInstructions.ExecInstrId exec_id=58115203133471 instr_id=651295 core=27 sub_core=2
[cannsim_helper] insert instr failed rc=19 err=UNIQUE constraint failed: ExecutedInstructions.ExecInstrId exec_id=58115203133472 instr_id=651296 core=27 sub_core=2
[cannsim_helper] insert instr failed rc=19 err=UNIQUE constraint failed: ExecutedInstructions.ExecInstrId exec_id=58115203133475 instr_id=651299 core=27 sub_core=2
[cannsim_helper] insert instr failed rc=19 err=UNIQUE constraint failed: ExecutedInstructions.ExecInstrId exec_id=57823145358096 instr_id=652048 core=23 sub_core=1
[cannsim_helper] insert instr failed rc=19 err=UNIQUE constraint failed: ExecutedInstructions.ExecInstrId exec_id=57823145358097 instr_id=652049 core=23 sub_core=1
[cannsim_helper] insert instr failed rc=19 err=UNIQUE constraint failed: ExecutedInstructions.ExecInstrId exec_id=57823145358099 instr_id=652051 core=23 sub_core=1
[cannsim_helper] insert instr failed rc=19 err=UNIQUE constraint failed: ExecutedInstructions.ExecInstrId exec_id=57814555425058 instr_id=653602 core=21 sub_core=1
[cannsim_helper] insert instr failed rc=19 err=UNIQUE constraint failed: ExecutedInstructions.ExecInstrId exec_id=57814555425059 instr_id=653603 core=21 sub_core=1
[cannsim_helper] insert instr failed rc=19 err=UNIQUE constraint failed: ExecutedInstructions.ExecInstrId exec_id=58098023266694 instr_id=653702 core=23 sub_core=2
[cannsim_helper] insert instr failed rc=19 err=UNIQUE constraint failed: ExecutedInstructions.ExecInstrId exec_id=58076548435037 instr_id=658525 core=18 sub_core=2
[cannsim_helper] insert instr failed rc=19 err=UNIQUE constraint failed: ExecutedInstructions.ExecInstrId exec_id=58098023266696 instr_id=653704 core=23 sub_core=2
[cannsim_helper] insert instr failed rc=19 err=UNIQUE constraint failed: ExecutedInstructions.ExecInstrId exec_id=57814555425061 instr_id=653605 core=21 sub_core=1
[cannsim_helper] insert instr failed rc=19 err=UNIQUE constraint failed: ExecutedInstructions.ExecInstrId exec_id=58098023266698 instr_id=653706 core=23 sub_core=2
[cannsim_helper] insert instr failed rc=19 err=UNIQUE constraint failed: ExecutedInstructions.ExecInstrId exec_id=58076548436064 instr_id=659552 core=18 sub_core=2
[cannsim_helper] insert instr failed rc=19 err=UNIQUE constraint failed: ExecutedInstructions.ExecInstrId exec_id=58119498109129 instr_id=659657 core=28 sub_core=2
[cannsim_helper] insert instr failed rc=19 err=UNIQUE constraint failed: ExecutedInstructions.ExecInstrId exec_id=58119498109954 instr_id=660482 core=28 sub_core=2
[cannsim_helper] insert instr failed rc=19 err=UNIQUE constraint failed: ExecutedInstructions.ExecInstrId exec_id=58072253466079 instr_id=656863 core=17 sub_core=2
[cannsim_helper] insert instr failed rc=19 err=UNIQUE constraint failed: ExecutedInstructions.ExecInstrId exec_id=58072253466080 instr_id=656864 core=17 sub_core=2
[cannsim_helper] insert instr failed rc=19 err=UNIQUE constraint failed: ExecutedInstructions.ExecInstrId exec_id=58072253466082 instr_id=656866 core=17 sub_core=2
[cannsim_helper] insert instr failed rc=19 err=UNIQUE constraint failed: ExecutedInstructions.ExecInstrId exec_id=57801670532277 instr_id=662709 core=18 sub_core=1
[cannsim_helper] insert instr failed rc=19 err=UNIQUE constraint failed: ExecutedInstructions.ExecInstrId exec_id=57801670533275 instr_id=663707 core=18 sub_core=1
[cannsim_helper] insert instr failed rc=19 err=UNIQUE constraint failed: ExecutedInstructions.ExecInstrId exec_id=57827440337433 instr_id=664089 core=24 sub_core=1
[cannsim_helper] insert instr failed rc=19 err=UNIQUE constraint failed: ExecutedInstructions.ExecInstrId exec_id=58093728309788 instr_id=664092 core=22 sub_core=2
[cannsim_helper] insert instr failed rc=19 err=UNIQUE constraint failed: ExecutedInstructions.ExecInstrId exec_id=57818850403086 instr_id=664334 core=22 sub_core=1
[cannsim_helper] insert instr failed rc=19 err=UNIQUE constraint failed: ExecutedInstructions.ExecInstrId exec_id=57827440338480 instr_id=665136 core=24 sub_core=1
[cannsim_helper] insert instr failed rc=19 err=UNIQUE constraint failed: ExecutedInstructions.ExecInstrId exec_id=57818850404160 instr_id=665408 core=22 sub_core=1
[cannsim_helper] insert instr failed rc=19 err=UNIQUE constraint failed: ExecutedInstructions.ExecInstrId exec_id=58076548444680 instr_id=668168 core=18 sub_core=2
[cannsim_helper] insert instr failed rc=19 err=UNIQUE constraint failed: ExecutedInstructions.ExecInstrId exec_id=58119498119078 instr_id=669606 core=28 sub_core=2
[cannsim_helper] insert instr failed rc=19 err=UNIQUE constraint failed: ExecutedInstructions.ExecInstrId exec_id=57853210147226 instr_id=670106 core=30 sub_core=1
[cannsim_helper] insert instr failed rc=19 err=UNIQUE constraint failed: ExecutedInstructions.ExecInstrId exec_id=58110908185312 instr_id=670432 core=26 sub_core=2
[cannsim_helper] insert instr failed rc=19 err=UNIQUE constraint failed: ExecutedInstructions.ExecInstrId exec_id=57853210148246 instr_id=671126 core=30 sub_core=1
[cannsim_helper] insert instr failed rc=19 err=UNIQUE constraint failed: ExecutedInstructions.ExecInstrId exec_id=57844620213940 instr_id=671412 core=28 sub_core=1
[cannsim_helper] insert instr failed rc=19 err=UNIQUE constraint failed: ExecutedInstructions.ExecInstrId exec_id=58110908186379 instr_id=671499 core=26 sub_core=2
[cannsim_helper] insert instr failed rc=19 err=UNIQUE constraint failed: ExecutedInstructions.ExecInstrId exec_id=58080843415517 instr_id=671709 core=19 sub_core=2
[cannsim_helper] insert instr failed rc=19 err=UNIQUE constraint failed: ExecutedInstructions.ExecInstrId exec_id=57844620215290 instr_id=672762 core=28 sub_core=1
[cannsim_helper] insert instr failed rc=19 err=UNIQUE constraint failed: ExecutedInstructions.ExecInstrId exec_id=58080843416888 instr_id=673080 core=19 sub_core=2
[cannsim_helper] insert instr failed rc=19 err=UNIQUE constraint failed: ExecutedInstructions.ExecInstrId exec_id=58128088057865 instr_id=673801 core=30 sub_core=2
[cannsim_helper] insert instr failed rc=19 err=UNIQUE constraint failed: ExecutedInstructions.ExecInstrId exec_id=57801670543429 instr_id=673861 core=18 sub_core=1
[cannsim_helper] insert instr failed rc=19 err=UNIQUE constraint failed: ExecutedInstructions.ExecInstrId exec_id=58115203157399 instr_id=675223 core=27 sub_core=2
[cannsim_helper] insert instr failed rc=19 err=UNIQUE constraint failed: ExecutedInstructions.ExecInstrId exec_id=58128088059462 instr_id=675398 core=30 sub_core=2
[cannsim_helper] insert instr failed rc=19 err=UNIQUE constraint failed: ExecutedInstructions.ExecInstrId exec_id=57827440349432 instr_id=676088 core=24 sub_core=1
[cannsim_helper] insert instr failed rc=19 err=UNIQUE constraint failed: ExecutedInstructions.ExecInstrId exec_id=57818850415232 instr_id=676480 core=22 sub_core=1
[cannsim_helper] insert instr failed rc=19 err=UNIQUE constraint failed: ExecutedInstructions.ExecInstrId exec_id=58115203159021 instr_id=676845 core=27 sub_core=2
[cannsim_helper] insert instr failed rc=19 err=UNIQUE constraint failed: ExecutedInstructions.ExecInstrId exec_id=57857505121500 instr_id=677084 core=31 sub_core=1
[cannsim_helper] insert instr failed rc=19 err=UNIQUE constraint failed: ExecutedInstructions.ExecInstrId exec_id=58067958519031 instr_id=677111 core=16 sub_core=2
[cannsim_helper] insert instr failed rc=19 err=UNIQUE constraint failed: ExecutedInstructions.ExecInstrId exec_id=58067958520894 instr_id=678974 core=16 sub_core=2
[cannsim_helper] insert instr failed rc=19 err=UNIQUE constraint failed: ExecutedInstructions.ExecInstrId exec_id=57857505123384 instr_id=678968 core=31 sub_core=1
[cannsim_helper] insert instr failed rc=19 err=UNIQUE constraint failed: ExecutedInstructions.ExecInstrId exec_id=58072253489302 instr_id=680086 core=17 sub_core=2
[cannsim_helper] insert instr failed rc=19 err=UNIQUE constraint failed: ExecutedInstructions.ExecInstrId exec_id=58072253491086 instr_id=681870 core=17 sub_core=2
[cannsim_helper] insert instr failed rc=19 err=UNIQUE constraint failed: ExecutedInstructions.ExecInstrId exec_id=57823145388215 instr_id=682167 core=23 sub_core=1
[cannsim_helper] insert instr failed rc=19 err=UNIQUE constraint failed: ExecutedInstructions.ExecInstrId exec_id=57840325258036 instr_id=682804 core=27 sub_core=1
[cannsim_helper] insert instr failed rc=19 err=UNIQUE constraint failed: ExecutedInstructions.ExecInstrId exec_id=57823145390406 instr_id=684358 core=23 sub_core=1
[cannsim_helper] insert instr failed rc=19 err=UNIQUE constraint failed: ExecutedInstructions.ExecInstrId exec_id=58098023297622 instr_id=684630 core=23 sub_core=2
[cannsim_helper] insert instr failed rc=19 err=UNIQUE constraint failed: ExecutedInstructions.ExecInstrId exec_id=57840325260267 instr_id=685035 core=27 sub_core=1
[cannsim_helper] insert instr failed rc=19 err=UNIQUE constraint failed: ExecutedInstructions.ExecInstrId exec_id=57853210163584 instr_id=686464 core=30 sub_core=1
[cannsim_helper] insert instr failed rc=19 err=UNIQUE constraint failed: ExecutedInstructions.ExecInstrId exec_id=57814555458414 instr_id=686958 core=21 sub_core=1
[cannsim_helper] insert instr failed rc=19 err=UNIQUE constraint failed: ExecutedInstructions.ExecInstrId exec_id=58098023300012 instr_id=687020 core=23 sub_core=2
[cannsim_helper] insert instr failed rc=19 err=UNIQUE constraint failed: ExecutedInstructions.ExecInstrId exec_id=58110908202129 instr_id=687249 core=26 sub_core=2
[cannsim_helper] insert instr failed rc=19 err=UNIQUE constraint failed: ExecutedInstructions.ExecInstrId exec_id=57814555460862 instr_id=689406 core=21 sub_core=1
[cannsim_helper] insert instr failed rc=19 err=UNIQUE constraint failed: ExecutedInstructions.ExecInstrId exec_id=57844620232076 instr_id=689548 core=28 sub_core=1
[cannsim_helper] insert instr failed rc=19 err=UNIQUE constraint failed: ExecutedInstructions.ExecInstrId exec_id=58080843433967 instr_id=690159 core=19 sub_core=2
[cannsim_helper] insert instr failed rc=19 err=UNIQUE constraint failed: ExecutedInstructions.ExecInstrId exec_id=57810260496485 instr_id=692325 core=20 sub_core=1
[cannsim_helper] insert instr failed rc=19 err=UNIQUE constraint failed: ExecutedInstructions.ExecInstrId exec_id=58128088078062 instr_id=693998 core=30 sub_core=2
[cannsim_helper] insert instr failed rc=19 err=UNIQUE constraint failed: ExecutedInstructions.ExecInstrId exec_id=57810260499000 instr_id=694840 core=20 sub_core=1
[cannsim_helper] insert instr failed rc=19 err=UNIQUE constraint failed: ExecutedInstructions.ExecInstrId exec_id=58085138406561 instr_id=695457 core=20 sub_core=2
[cannsim_helper] insert instr failed rc=19 err=UNIQUE constraint failed: ExecutedInstructions.ExecInstrId exec_id=58115203178548 instr_id=696372 core=27 sub_core=2
[cannsim_helper] insert instr failed rc=19 err=UNIQUE constraint failed: ExecutedInstructions.ExecInstrId exec_id=58089433376759 instr_id=698359 core=21 sub_core=2
[cannsim_helper] insert instr failed rc=19 err=UNIQUE constraint failed: ExecutedInstructions.ExecInstrId exec_id=58085138409338 instr_id=698234 core=20 sub_core=2
[cannsim_helper] insert instr failed rc=19 err=UNIQUE constraint failed: ExecutedInstructions.ExecInstrId exec_id=57857505144062 instr_id=699646 core=31 sub_core=1
[cannsim_helper] insert instr failed rc=19 err=UNIQUE constraint failed: ExecutedInstructions.ExecInstrId exec_id=58067958541607 instr_id=699687 core=16 sub_core=2
[cannsim_helper] insert instr failed rc=19 err=UNIQUE constraint failed: ExecutedInstructions.ExecInstrId exec_id=58089433379662 instr_id=701262 core=21 sub_core=2
[cannsim_helper] insert instr failed rc=19 err=UNIQUE constraint failed: ExecutedInstructions.ExecInstrId exec_id=57831735342504 instr_id=701864 core=25 sub_core=1
[cannsim_helper] insert instr failed rc=19 err=UNIQUE constraint failed: ExecutedInstructions.ExecInstrId exec_id=58093728348247 instr_id=702551 core=22 sub_core=2
[cannsim_helper] insert instr failed rc=19 err=UNIQUE constraint failed: ExecutedInstructions.ExecInstrId exec_id=58102318283986 instr_id=703698 core=24 sub_core=2
[cannsim_helper] insert instr failed rc=19 err=UNIQUE constraint failed: ExecutedInstructions.ExecInstrId exec_id=58072253513681 instr_id=704465 core=17 sub_core=2
[cannsim_helper] insert instr failed rc=19 err=UNIQUE constraint failed: ExecutedInstructions.ExecInstrId exec_id=57831735345603 instr_id=704963 core=25 sub_core=1
[cannsim_helper] insert instr failed rc=19 err=UNIQUE constraint failed: ExecutedInstructions.ExecInstrId exec_id=58102318287227 instr_id=706939 core=24 sub_core=2
[cannsim_helper] insert instr failed rc=19 err=UNIQUE constraint failed: ExecutedInstructions.ExecInstrId exec_id=57836030315996 instr_id=708060 core=26 sub_core=1
[cannsim_helper] insert instr failed rc=19 err=UNIQUE constraint failed: ExecutedInstructions.ExecInstrId exec_id=57823145414354 instr_id=708306 core=23 sub_core=1
[cannsim_helper] insert instr failed rc=19 err=UNIQUE constraint failed: ExecutedInstructions.ExecInstrId exec_id=57840325284396 instr_id=709164 core=27 sub_core=1
[cannsim_helper] insert instr failed rc=19 err=UNIQUE constraint failed: ExecutedInstructions.ExecInstrId exec_id=57836030319218 instr_id=711282 core=26 sub_core=1
[cannsim_helper] insert instr failed rc=19 err=UNIQUE constraint failed: ExecutedInstructions.ExecInstrId exec_id=58098023324870 instr_id=711878 core=23 sub_core=2
[cannsim_helper] insert instr failed rc=19 err=UNIQUE constraint failed: ExecutedInstructions.ExecInstrId exec_id=58076548491276 instr_id=714764 core=18 sub_core=2
[cannsim_helper] insert instr failed rc=19 err=UNIQUE constraint failed: ExecutedInstructions.ExecInstrId exec_id=57814555486593 instr_id=715137 core=21 sub_core=1
[cannsim_helper] insert instr failed rc=19 err=UNIQUE constraint failed: ExecutedInstructions.ExecInstrId exec_id=58106613263935 instr_id=716351 core=25 sub_core=2
[cannsim_helper] insert instr failed rc=19 err=UNIQUE constraint failed: ExecutedInstructions.ExecInstrId exec_id=58119498167721 instr_id=718249 core=28 sub_core=2
[cannsim_helper] insert instr failed rc=19 err=UNIQUE constraint failed: ExecutedInstructions.ExecInstrId exec_id=57848915229183 instr_id=719359 core=29 sub_core=1
[cannsim_helper] insert instr failed rc=19 err=UNIQUE constraint failed: ExecutedInstructions.ExecInstrId exec_id=58106613267082 instr_id=719498 core=25 sub_core=2
[cannsim_helper] insert instr failed rc=19 err=UNIQUE constraint failed: ExecutedInstructions.ExecInstrId exec_id=57810260525995 instr_id=721835 core=20 sub_core=1
[cannsim_helper] insert instr failed rc=19 err=UNIQUE constraint failed: ExecutedInstructions.ExecInstrId exec_id=57793080657525 instr_id=722549 core=16 sub_core=1
[cannsim_helper] insert instr failed rc=19 err=UNIQUE constraint failed: ExecutedInstructions.ExecInstrId exec_id=57848915232334 instr_id=722510 core=29 sub_core=1
[cannsim_helper] insert instr failed rc=19 err=UNIQUE constraint failed: ExecutedInstructions.ExecInstrId exec_id=58123793141977 instr_id=725209 core=29 sub_core=2
[cannsim_helper] insert instr failed rc=19 err=UNIQUE constraint failed: ExecutedInstructions.ExecInstrId exec_id=57793080661024 instr_id=726048 core=16 sub_core=1
[cannsim_helper] insert instr failed rc=19 err=UNIQUE constraint failed: ExecutedInstructions.ExecInstrId exec_id=58085138437169 instr_id=726065 core=20 sub_core=2
[cannsim_helper] insert instr failed rc=19 err=UNIQUE constraint failed: ExecutedInstructions.ExecInstrId exec_id=58123793145746 instr_id=728978 core=29 sub_core=2
[cannsim_helper] insert instr failed rc=19 err=UNIQUE constraint failed: ExecutedInstructions.ExecInstrId exec_id=57801670599822 instr_id=730254 core=18 sub_core=1
[cannsim_helper] insert instr failed rc=19 err=UNIQUE constraint failed: ExecutedInstructions.ExecInstrId exec_id=58089433408442 instr_id=730042 core=21 sub_core=2
[cannsim_helper] insert instr failed rc=19 err=UNIQUE constraint failed: ExecutedInstructions.ExecInstrId exec_id=57805965570299 instr_id=733435 core=19 sub_core=1
[cannsim_helper] insert instr failed rc=19 err=UNIQUE constraint failed: ExecutedInstructions.ExecInstrId exec_id=57831735374981 instr_id=734341 core=25 sub_core=1
[cannsim_helper] insert instr failed rc=19 err=UNIQUE constraint failed: ExecutedInstructions.ExecInstrId exec_id=57797375637227 instr_id=734955 core=17 sub_core=1
[cannsim_helper] insert instr failed rc=19 err=UNIQUE constraint failed: ExecutedInstructions.ExecInstrId exec_id=57827440408451 instr_id=735107 core=24 sub_core=1
[cannsim_helper] insert instr failed rc=19 err=UNIQUE constraint failed: ExecutedInstructions.ExecInstrId exec_id=57818850474633 instr_id=735881 core=22 sub_core=1
[cannsim_helper] insert instr failed rc=19 err=UNIQUE constraint failed: ExecutedInstructions.ExecInstrId exec_id=58102318316631 instr_id=736343 core=24 sub_core=2
[cannsim_helper] insert instr failed rc=19 err=UNIQUE constraint failed: ExecutedInstructions.ExecInstrId exec_id=57805965573627 instr_id=736763 core=19 sub_core=1
[cannsim_helper] insert instr failed rc=19 err=UNIQUE constraint failed: ExecutedInstructions.ExecInstrId exec_id=57797375640659 instr_id=738387 core=17 sub_core=1
[cannsim_helper] insert instr failed rc=19 err=UNIQUE constraint failed: ExecutedInstructions.ExecInstrId exec_id=57836030349126 instr_id=741190 core=26 sub_core=1
[cannsim_helper] insert instr failed rc=19 err=UNIQUE constraint failed: ExecutedInstructions.ExecInstrId exec_id=58132383097005 instr_id=745645 core=31 sub_core=2
[cannsim_helper] insert instr failed rc=19 err=UNIQUE constraint failed: ExecutedInstructions.ExecInstrId exec_id=58132383100716 instr_id=749356 core=31 sub_core=2
[cannsim_helper] insert instr failed rc=19 err=UNIQUE constraint failed: ExecutedInstructions.ExecInstrId exec_id=57999239114916 instr_id=749732 core=0 sub_core=2
[cannsim_helper] insert instr failed rc=19 err=UNIQUE constraint failed: ExecutedInstructions.ExecInstrId exec_id=58106613297778 instr_id=750194 core=25 sub_core=2
[cannsim_helper] insert instr failed rc=19 err=UNIQUE constraint failed: ExecutedInstructions.ExecInstrId exec_id=57853210231050 instr_id=753930 core=30 sub_core=1
[cannsim_helper] insert instr failed rc=19 err=UNIQUE constraint failed: ExecutedInstructions.ExecInstrId exec_id=57848915263544 instr_id=753720 core=29 sub_core=1
[cannsim_helper] insert instr failed rc=19 err=UNIQUE constraint failed: ExecutedInstructions.ExecInstrId exec_id=58110908270038 instr_id=755158 core=26 sub_core=2
[cannsim_helper] insert instr failed rc=19 err=UNIQUE constraint failed: ExecutedInstructions.ExecInstrId exec_id=57793080692445 instr_id=757469 core=16 sub_core=1
[cannsim_helper] insert instr failed rc=19 err=UNIQUE constraint failed: ExecutedInstructions.ExecInstrId exec_id=57999239120856 instr_id=755672 core=0 sub_core=2
[cannsim_helper] insert instr failed rc=19 err=UNIQUE constraint failed: ExecutedInstructions.ExecInstrId exec_id=57999239120859 instr_id=755675 core=0 sub_core=2
[cannsim_helper] insert instr failed rc=19 err=UNIQUE constraint failed: ExecutedInstructions.ExecInstrId exec_id=57844620301255 instr_id=758727 core=28 sub_core=1
[cannsim_helper] insert instr failed rc=19 err=UNIQUE constraint failed: ExecutedInstructions.ExecInstrId exec_id=57999239120862 instr_id=755678 core=0 sub_core=2
[cannsim_helper] insert instr failed rc=19 err=UNIQUE constraint failed: ExecutedInstructions.ExecInstrId exec_id=58080843503392 instr_id=759584 core=19 sub_core=2
[cannsim_helper] insert instr failed rc=19 err=UNIQUE constraint failed: ExecutedInstructions.ExecInstrId exec_id=58123793177193 instr_id=760425 core=29 sub_core=2
[cannsim_helper] insert instr failed rc=19 err=UNIQUE constraint failed: ExecutedInstructions.ExecInstrId exec_id=57724361221870 instr_id=763630 core=0 sub_core=1
[cannsim_helper] insert instr failed rc=19 err=UNIQUE constraint failed: ExecutedInstructions.ExecInstrId exec_id=58128088148842 instr_id=764778 core=30 sub_core=2
[cannsim_helper] insert instr failed rc=19 err=UNIQUE constraint failed: ExecutedInstructions.ExecInstrId exec_id=58007829067071 instr_id=767295 core=2 sub_core=2
[cannsim_helper] insert instr failed rc=19 err=UNIQUE constraint failed: ExecutedInstructions.ExecInstrId exec_id=58115203250077 instr_id=767901 core=27 sub_core=2
[cannsim_helper] insert instr failed rc=19 err=UNIQUE constraint failed: ExecutedInstructions.ExecInstrId exec_id=57805965604944 instr_id=768080 core=19 sub_core=1
[cannsim_helper] insert instr failed rc=19 err=UNIQUE constraint failed: ExecutedInstructions.ExecInstrId exec_id=57728656195196 instr_id=769660 core=1 sub_core=1
[cannsim_helper] insert instr failed rc=19 err=UNIQUE constraint failed: ExecutedInstructions.ExecInstrId exec_id=57797375671885 instr_id=769613 core=17 sub_core=1
[cannsim_helper] insert instr failed rc=19 err=UNIQUE constraint failed: ExecutedInstructions.ExecInstrId exec_id=57724361227469 instr_id=769229 core=0 sub_core=1
[cannsim_helper] insert instr failed rc=19 err=UNIQUE constraint failed: ExecutedInstructions.ExecInstrId exec_id=57724361227478 instr_id=769238 core=0 sub_core=1
[cannsim_helper] insert instr failed rc=19 err=UNIQUE constraint failed: ExecutedInstructions.ExecInstrId exec_id=58067958613806 instr_id=771886 core=16 sub_core=2
[cannsim_helper] insert instr failed rc=19 err=UNIQUE constraint failed: ExecutedInstructions.ExecInstrId exec_id=57857505216318 instr_id=771902 core=31 sub_core=1
[cannsim_helper] insert instr failed rc=19 err=UNIQUE constraint failed: ExecutedInstructions.ExecInstrId exec_id=57724361227484 instr_id=769244 core=0 sub_core=1
[cannsim_helper] INSTR_POPPED_LOG callback count=1000000
[cannsim_helper] insert instr failed rc=19 err=UNIQUE constraint failed: ExecutedInstructions.ExecInstrId exec_id=57732951165580 instr_id=772748 core=2 sub_core=1
[cannsim_helper] INSTR_LOG callback count=1000000
[cannsim_helper] insert instr failed rc=19 err=UNIQUE constraint failed: ExecutedInstructions.ExecInstrId exec_id=58007829072502 instr_id=772726 core=2 sub_core=2
[cannsim_helper] insert instr failed rc=19 err=UNIQUE constraint failed: ExecutedInstructions.ExecInstrId exec_id=58007829072506 instr_id=772730 core=2 sub_core=2
[cannsim_helper] insert instr failed rc=19 err=UNIQUE constraint failed: ExecutedInstructions.ExecInstrId exec_id=58007829072510 instr_id=772734 core=2 sub_core=2
[cannsim_helper] insert instr failed rc=19 err=UNIQUE constraint failed: ExecutedInstructions.ExecInstrId exec_id=58012124043407 instr_id=776335 core=3 sub_core=2
[cannsim_helper] insert instr failed rc=19 err=UNIQUE constraint failed: ExecutedInstructions.ExecInstrId exec_id=57728656200440 instr_id=774904 core=1 sub_core=1
[cannsim_helper] insert instr failed rc=19 err=UNIQUE constraint failed: ExecutedInstructions.ExecInstrId exec_id=58072253586191 instr_id=776975 core=17 sub_core=2
[cannsim_helper] insert instr failed rc=19 err=UNIQUE constraint failed: ExecutedInstructions.ExecInstrId exec_id=57728656200446 instr_id=774910 core=1 sub_core=1
[cannsim_helper] insert instr failed rc=19 err=UNIQUE constraint failed: ExecutedInstructions.ExecInstrId exec_id=57728656200452 instr_id=774916 core=1 sub_core=1
[cannsim_helper] insert instr failed rc=19 err=UNIQUE constraint failed: ExecutedInstructions.ExecInstrId exec_id=58003534111346 instr_id=778866 core=1 sub_core=2
[cannsim_helper] insert instr failed rc=19 err=UNIQUE constraint failed: ExecutedInstructions.ExecInstrId exec_id=57732951170673 instr_id=777841 core=2 sub_core=1
[cannsim_helper] insert instr failed rc=19 err=UNIQUE constraint failed: ExecutedInstructions.ExecInstrId exec_id=58132383130917 instr_id=779557 core=31 sub_core=2
[cannsim_helper] insert instr failed rc=19 err=UNIQUE constraint failed: ExecutedInstructions.ExecInstrId exec_id=57732951170676 instr_id=777844 core=2 sub_core=1
[cannsim_helper] insert instr failed rc=19 err=UNIQUE constraint failed: ExecutedInstructions.ExecInstrId exec_id=57732951170679 instr_id=777847 core=2 sub_core=1
[cannsim_helper] insert instr failed rc=19 err=UNIQUE constraint failed: ExecutedInstructions.ExecInstrId exec_id=57823145486575 instr_id=780527 core=23 sub_core=1
[cannsim_helper] insert instr failed rc=19 err=UNIQUE constraint failed: ExecutedInstructions.ExecInstrId exec_id=57840325356579 instr_id=781347 core=27 sub_core=1
[cannsim_helper] insert instr failed rc=19 err=UNIQUE constraint failed: ExecutedInstructions.ExecInstrId exec_id=57737246141669 instr_id=781541 core=3 sub_core=1
[cannsim_helper] insert instr failed rc=19 err=UNIQUE constraint failed: ExecutedInstructions.ExecInstrId exec_id=58012124048271 instr_id=781199 core=3 sub_core=2
[cannsim_helper] insert instr failed rc=19 err=UNIQUE constraint failed: ExecutedInstructions.ExecInstrId exec_id=58012124048274 instr_id=781202 core=3 sub_core=2
[cannsim_helper] insert instr failed rc=19 err=UNIQUE constraint failed: ExecutedInstructions.ExecInstrId exec_id=58012124048278 instr_id=781206 core=3 sub_core=2
[cannsim_helper] insert instr failed rc=19 err=UNIQUE constraint failed: ExecutedInstructions.ExecInstrId exec_id=58098023396911 instr_id=783919 core=23 sub_core=2
[cannsim_helper] insert instr failed rc=19 err=UNIQUE constraint failed: ExecutedInstructions.ExecInstrId exec_id=58003534116192 instr_id=783712 core=1 sub_core=2
[cannsim_helper] insert instr failed rc=19 err=UNIQUE constraint failed: ExecutedInstructions.ExecInstrId exec_id=58003534116200 instr_id=783720 core=1 sub_core=2
[cannsim_helper] insert instr failed rc=19 err=UNIQUE constraint failed: ExecutedInstructions.ExecInstrId exec_id=58003534116209 instr_id=783729 core=1 sub_core=2
[cannsim_helper] insert instr failed rc=19 err=UNIQUE constraint failed: ExecutedInstructions.ExecInstrId exec_id=57814555558008 instr_id=786552 core=21 sub_core=1
[cannsim_helper] insert instr failed rc=19 err=UNIQUE constraint failed: ExecutedInstructions.ExecInstrId exec_id=57737246146255 instr_id=786127 core=3 sub_core=1
[cannsim_helper] insert instr failed rc=19 err=UNIQUE constraint failed: ExecutedInstructions.ExecInstrId exec_id=57737246146261 instr_id=786133 core=3 sub_core=1
[cannsim_helper] insert instr failed rc=19 err=UNIQUE constraint failed: ExecutedInstructions.ExecInstrId exec_id=57737246146267 instr_id=786139 core=3 sub_core=1
[cannsim_helper] insert instr failed rc=19 err=UNIQUE constraint failed: ExecutedInstructions.ExecInstrId exec_id=57810260596256 instr_id=792096 core=20 sub_core=1
[cannsim_helper] insert instr failed rc=19 err=UNIQUE constraint failed: ExecutedInstructions.ExecInstrId exec_id=57999239157758 instr_id=792574 core=0 sub_core=2
[cannsim_helper] insert instr failed rc=19 err=UNIQUE constraint failed: ExecutedInstructions.ExecInstrId exec_id=58085138506287 instr_id=795183 core=20 sub_core=2
[cannsim_helper] insert instr failed rc=19 err=UNIQUE constraint failed: ExecutedInstructions.ExecInstrId exec_id=58089433476073 instr_id=797673 core=21 sub_core=2
[cannsim_helper] insert instr failed rc=19 err=UNIQUE constraint failed: ExecutedInstructions.ExecInstrId exec_id=57999239161774 instr_id=796590 core=0 sub_core=2
[cannsim_helper] insert instr failed rc=19 err=UNIQUE constraint failed: ExecutedInstructions.ExecInstrId exec_id=57999239161778 instr_id=796594 core=0 sub_core=2
[cannsim_helper] insert instr failed rc=19 err=UNIQUE constraint failed: ExecutedInstructions.ExecInstrId exec_id=57999239161781 instr_id=796597 core=0 sub_core=2
[cannsim_helper] insert instr failed rc=19 err=UNIQUE constraint failed: ExecutedInstructions.ExecInstrId exec_id=57831735440804 instr_id=800164 core=25 sub_core=1
[cannsim_helper] insert instr failed rc=19 err=UNIQUE constraint failed: ExecutedInstructions.ExecInstrId exec_id=57724361258439 instr_id=800199 core=0 sub_core=1
[cannsim_helper] insert instr failed rc=19 err=UNIQUE constraint failed: ExecutedInstructions.ExecInstrId exec_id=58102318381720 instr_id=801432 core=24 sub_core=2
[cannsim_helper] insert instr failed rc=19 err=UNIQUE constraint failed: ExecutedInstructions.ExecInstrId exec_id=57836030412062 instr_id=804126 core=26 sub_core=1
[cannsim_helper] insert instr failed rc=19 err=UNIQUE constraint failed: ExecutedInstructions.ExecInstrId exec_id=57724361261769 instr_id=803529 core=0 sub_core=1
[cannsim_helper] insert instr failed rc=19 err=UNIQUE constraint failed: ExecutedInstructions.ExecInstrId exec_id=57724361261771 instr_id=803531 core=0 sub_core=1
[cannsim_helper] insert instr failed rc=19 err=UNIQUE constraint failed: ExecutedInstructions.ExecInstrId exec_id=57724361261773 instr_id=803533 core=0 sub_core=1
[cannsim_helper] insert instr failed rc=19 err=UNIQUE constraint failed: ExecutedInstructions.ExecInstrId exec_id=58106613356067 instr_id=808483 core=25 sub_core=2
[cannsim_helper] insert instr failed rc=19 err=UNIQUE constraint failed: ExecutedInstructions.ExecInstrId exec_id=57848915319707 instr_id=809883 core=29 sub_core=1
[cannsim_helper] insert instr failed rc=19 err=UNIQUE constraint failed: ExecutedInstructions.ExecInstrId exec_id=57793080746319 instr_id=811343 core=16 sub_core=1
[cannsim_helper] insert instr failed rc=19 err=UNIQUE constraint failed: ExecutedInstructions.ExecInstrId exec_id=58123793229139 instr_id=812371 core=29 sub_core=2
[cannsim_helper] insert instr failed rc=19 err=UNIQUE constraint failed: ExecutedInstructions.ExecInstrId exec_id=57805965651973 instr_id=815109 core=19 sub_core=1
[cannsim_helper] insert instr failed rc=19 err=UNIQUE constraint failed: ExecutedInstructions.ExecInstrId exec_id=57797375717815 instr_id=815543 core=17 sub_core=1
[cannsim_helper] insert instr failed rc=19 err=UNIQUE constraint failed: ExecutedInstructions.ExecInstrId exec_id=58132383169612 instr_id=818252 core=31 sub_core=2
[cannsim_helper] insert instr failed rc=19 err=UNIQUE constraint failed: ExecutedInstructions.ExecInstrId exec_id=57728656291716 instr_id=866180 core=1 sub_core=1
[cannsim_helper] insert instr failed rc=19 err=UNIQUE constraint failed: ExecutedInstructions.ExecInstrId exec_id=57728656291717 instr_id=866181 core=1 sub_core=1
[cannsim_helper] insert instr failed rc=19 err=UNIQUE constraint failed: ExecutedInstructions.ExecInstrId exec_id=57728656291718 instr_id=866182 core=1 sub_core=1
[cannsim_helper] insert instr failed rc=19 err=UNIQUE constraint failed: ExecutedInstructions.ExecInstrId exec_id=57728656291721 instr_id=866185 core=1 sub_core=1
[cannsim_helper] insert instr failed rc=19 err=UNIQUE constraint failed: ExecutedInstructions.ExecInstrId exec_id=57728656291723 instr_id=866187 core=1 sub_core=1
[cannsim_helper] insert instr failed rc=19 err=UNIQUE constraint failed: ExecutedInstructions.ExecInstrId exec_id=58012124133264 instr_id=866192 core=3 sub_core=2
[cannsim_helper] insert instr failed rc=19 err=UNIQUE constraint failed: ExecutedInstructions.ExecInstrId exec_id=58012124133265 instr_id=866193 core=3 sub_core=2
[cannsim_helper] insert instr failed rc=19 err=UNIQUE constraint failed: ExecutedInstructions.ExecInstrId exec_id=58012124133266 instr_id=866194 core=3 sub_core=2
[cannsim_helper] insert instr failed rc=19 err=UNIQUE constraint failed: ExecutedInstructions.ExecInstrId exec_id=58012124133269 instr_id=866197 core=3 sub_core=2
[cannsim_helper] insert instr failed rc=19 err=UNIQUE constraint failed: ExecutedInstructions.ExecInstrId exec_id=58012124133271 instr_id=866199 core=3 sub_core=2
[cannsim_helper] insert instr failed rc=19 err=UNIQUE constraint failed: ExecutedInstructions.ExecInstrId exec_id=57737246226332 instr_id=866204 core=3 sub_core=1
[cannsim_helper] insert instr failed rc=19 err=UNIQUE constraint failed: ExecutedInstructions.ExecInstrId exec_id=57737246226333 instr_id=866205 core=3 sub_core=1
[cannsim_helper] insert instr failed rc=19 err=UNIQUE constraint failed: ExecutedInstructions.ExecInstrId exec_id=57737246226334 instr_id=866206 core=3 sub_core=1
[cannsim_helper] insert instr failed rc=19 err=UNIQUE constraint failed: ExecutedInstructions.ExecInstrId exec_id=57737246226337 instr_id=866209 core=3 sub_core=1
[cannsim_helper] insert instr failed rc=19 err=UNIQUE constraint failed: ExecutedInstructions.ExecInstrId exec_id=57737246226339 instr_id=866211 core=3 sub_core=1
[cannsim_helper] insert instr failed rc=19 err=UNIQUE constraint failed: ExecutedInstructions.ExecInstrId exec_id=58003534198701 instr_id=866221 core=1 sub_core=2
[cannsim_helper] insert instr failed rc=19 err=UNIQUE constraint failed: ExecutedInstructions.ExecInstrId exec_id=58003534198702 instr_id=866222 core=1 sub_core=2
[cannsim_helper] insert instr failed rc=19 err=UNIQUE constraint failed: ExecutedInstructions.ExecInstrId exec_id=58003534198703 instr_id=866223 core=1 sub_core=2
[cannsim_helper] insert instr failed rc=19 err=UNIQUE constraint failed: ExecutedInstructions.ExecInstrId exec_id=58003534198706 instr_id=866226 core=1 sub_core=2
[cannsim_helper] insert instr failed rc=19 err=UNIQUE constraint failed: ExecutedInstructions.ExecInstrId exec_id=58003534198708 instr_id=866228 core=1 sub_core=2
[cannsim_helper] insert instr failed rc=19 err=UNIQUE constraint failed: ExecutedInstructions.ExecInstrId exec_id=57732951259065 instr_id=866233 core=2 sub_core=1
[cannsim_helper] insert instr failed rc=19 err=UNIQUE constraint failed: ExecutedInstructions.ExecInstrId exec_id=57732951259066 instr_id=866234 core=2 sub_core=1
[cannsim_helper] insert instr failed rc=19 err=UNIQUE constraint failed: ExecutedInstructions.ExecInstrId exec_id=57732951259067 instr_id=866235 core=2 sub_core=1
[cannsim_helper] insert instr failed rc=19 err=UNIQUE constraint failed: ExecutedInstructions.ExecInstrId exec_id=57732951259070 instr_id=866238 core=2 sub_core=1
[cannsim_helper] insert instr failed rc=19 err=UNIQUE constraint failed: ExecutedInstructions.ExecInstrId exec_id=57732951259072 instr_id=866240 core=2 sub_core=1
[cannsim_helper] insert instr failed rc=19 err=UNIQUE constraint failed: ExecutedInstructions.ExecInstrId exec_id=58007829166024 instr_id=866248 core=2 sub_core=2
[cannsim_helper] insert instr failed rc=19 err=UNIQUE constraint failed: ExecutedInstructions.ExecInstrId exec_id=58007829166027 instr_id=866251 core=2 sub_core=2
[cannsim_helper] insert instr failed rc=19 err=UNIQUE constraint failed: ExecutedInstructions.ExecInstrId exec_id=58007829166028 instr_id=866252 core=2 sub_core=2
[cannsim_helper] insert instr failed rc=19 err=UNIQUE constraint failed: ExecutedInstructions.ExecInstrId exec_id=58007829166031 instr_id=866255 core=2 sub_core=2
[cannsim_helper] insert instr failed rc=19 err=UNIQUE constraint failed: ExecutedInstructions.ExecInstrId exec_id=58007829166033 instr_id=866257 core=2 sub_core=2
[cannsim_helper] insert instr failed rc=19 err=UNIQUE constraint failed: ExecutedInstructions.ExecInstrId exec_id=57724361324507 instr_id=866267 core=0 sub_core=1
[cannsim_helper] insert instr failed rc=19 err=UNIQUE constraint failed: ExecutedInstructions.ExecInstrId exec_id=57724361324508 instr_id=866268 core=0 sub_core=1
[cannsim_helper] insert instr failed rc=19 err=UNIQUE constraint failed: ExecutedInstructions.ExecInstrId exec_id=57724361324509 instr_id=866269 core=0 sub_core=1
[cannsim_helper] insert instr failed rc=19 err=UNIQUE constraint failed: ExecutedInstructions.ExecInstrId exec_id=57724361324512 instr_id=866272 core=0 sub_core=1
[cannsim_helper] insert instr failed rc=19 err=UNIQUE constraint failed: ExecutedInstructions.ExecInstrId exec_id=57724361324514 instr_id=866274 core=0 sub_core=1
[cannsim_helper] insert instr failed rc=19 err=UNIQUE constraint failed: ExecutedInstructions.ExecInstrId exec_id=57999239231463 instr_id=866279 core=0 sub_core=2
[cannsim_helper] insert instr failed rc=19 err=UNIQUE constraint failed: ExecutedInstructions.ExecInstrId exec_id=57999239231464 instr_id=866280 core=0 sub_core=2
[cannsim_helper] insert instr failed rc=19 err=UNIQUE constraint failed: ExecutedInstructions.ExecInstrId exec_id=57999239231465 instr_id=866281 core=0 sub_core=2
[cannsim_helper] insert instr failed rc=19 err=UNIQUE constraint failed: ExecutedInstructions.ExecInstrId exec_id=57999239231471 instr_id=866287 core=0 sub_core=2
[cannsim_helper] insert instr failed rc=19 err=UNIQUE constraint failed: ExecutedInstructions.ExecInstrId exec_id=57999239231475 instr_id=866291 core=0 sub_core=2
[cannsim_helper] insert instr failed rc=19 err=UNIQUE constraint failed: ExecutedInstructions.ExecInstrId exec_id=57999239231623 instr_id=866439 core=0 sub_core=2
[cannsim_helper] insert instr failed rc=19 err=UNIQUE constraint failed: ExecutedInstructions.ExecInstrId exec_id=57999239231624 instr_id=866440 core=0 sub_core=2
[cannsim_helper] insert instr failed rc=19 err=UNIQUE constraint failed: ExecutedInstructions.ExecInstrId exec_id=57999239231625 instr_id=866441 core=0 sub_core=2
[cannsim_helper] insert instr failed rc=19 err=UNIQUE constraint failed: ExecutedInstructions.ExecInstrId exec_id=57999239231628 instr_id=866444 core=0 sub_core=2
[cannsim_helper] insert instr failed rc=19 err=UNIQUE constraint failed: ExecutedInstructions.ExecInstrId exec_id=57999239231630 instr_id=866446 core=0 sub_core=2
[cannsim_helper] insert instr failed rc=19 err=UNIQUE constraint failed: ExecutedInstructions.ExecInstrId exec_id=57724361324691 instr_id=866451 core=0 sub_core=1
[cannsim_helper] insert instr failed rc=19 err=UNIQUE constraint failed: ExecutedInstructions.ExecInstrId exec_id=57724361324692 instr_id=866452 core=0 sub_core=1
[cannsim_helper] insert instr failed rc=19 err=UNIQUE constraint failed: ExecutedInstructions.ExecInstrId exec_id=57724361324693 instr_id=866453 core=0 sub_core=1
[cannsim_helper] insert instr failed rc=19 err=UNIQUE constraint failed: ExecutedInstructions.ExecInstrId exec_id=57724361324696 instr_id=866456 core=0 sub_core=1
[cannsim_helper] insert instr failed rc=19 err=UNIQUE constraint failed: ExecutedInstructions.ExecInstrId exec_id=57724361324698 instr_id=866458 core=0 sub_core=1
[cannsim_helper] insert instr failed rc=19 err=UNIQUE constraint failed: ExecutedInstructions.ExecInstrId exec_id=57999239237723 instr_id=872539 core=0 sub_core=2
[cannsim_helper] insert instr failed rc=19 err=UNIQUE constraint failed: ExecutedInstructions.ExecInstrId exec_id=57999239237727 instr_id=872543 core=0 sub_core=2
[cannsim_helper] insert instr failed rc=19 err=UNIQUE constraint failed: ExecutedInstructions.ExecInstrId exec_id=57999239239547 instr_id=874363 core=0 sub_core=2
[cannsim_helper] insert instr failed rc=19 err=UNIQUE constraint failed: ExecutedInstructions.ExecInstrId exec_id=57999239239551 instr_id=874367 core=0 sub_core=2
[cannsim_helper] insert instr failed rc=19 err=UNIQUE constraint failed: ExecutedInstructions.ExecInstrId exec_id=57732951269776 instr_id=876944 core=2 sub_core=1
[cannsim_helper] insert instr failed rc=19 err=UNIQUE constraint failed: ExecutedInstructions.ExecInstrId exec_id=57732951269777 instr_id=876945 core=2 sub_core=1
[cannsim_helper] insert instr failed rc=19 err=UNIQUE constraint failed: ExecutedInstructions.ExecInstrId exec_id=57732951269856 instr_id=877024 core=2 sub_core=1
[cannsim_helper] insert instr failed rc=19 err=UNIQUE constraint failed: ExecutedInstructions.ExecInstrId exec_id=57732951269858 instr_id=877026 core=2 sub_core=1
[cannsim_helper] insert instr failed rc=19 err=UNIQUE constraint failed: ExecutedInstructions.ExecInstrId exec_id=57732951269864 instr_id=877032 core=2 sub_core=1
[cannsim_helper] insert instr failed rc=19 err=UNIQUE constraint failed: ExecutedInstructions.ExecInstrId exec_id=58007829177026 instr_id=877250 core=2 sub_core=2
[cannsim_helper] insert instr failed rc=19 err=UNIQUE constraint failed: ExecutedInstructions.ExecInstrId exec_id=58007829177027 instr_id=877251 core=2 sub_core=2
[cannsim_helper] insert instr failed rc=19 err=UNIQUE constraint failed: ExecutedInstructions.ExecInstrId exec_id=58007829177068 instr_id=877292 core=2 sub_core=2
[cannsim_helper] insert instr failed rc=19 err=UNIQUE constraint failed: ExecutedInstructions.ExecInstrId exec_id=58007829177070 instr_id=877294 core=2 sub_core=2
[cannsim_helper] insert instr failed rc=19 err=UNIQUE constraint failed: ExecutedInstructions.ExecInstrId exec_id=58007829177079 instr_id=877303 core=2 sub_core=2
[cannsim_helper] insert instr failed rc=19 err=UNIQUE constraint failed: ExecutedInstructions.ExecInstrId exec_id=57728656302905 instr_id=877369 core=1 sub_core=1
[cannsim_helper] insert instr failed rc=19 err=UNIQUE constraint failed: ExecutedInstructions.ExecInstrId exec_id=57728656302906 instr_id=877370 core=1 sub_core=1
[cannsim_helper] insert instr failed rc=19 err=UNIQUE constraint failed: ExecutedInstructions.ExecInstrId exec_id=57728656302984 instr_id=877448 core=1 sub_core=1
[cannsim_helper] insert instr failed rc=19 err=UNIQUE constraint failed: ExecutedInstructions.ExecInstrId exec_id=57728656302986 instr_id=877450 core=1 sub_core=1
[cannsim_helper] insert instr failed rc=19 err=UNIQUE constraint failed: ExecutedInstructions.ExecInstrId exec_id=58003534209966 instr_id=877486 core=1 sub_core=2
[cannsim_helper] insert instr failed rc=19 err=UNIQUE constraint failed: ExecutedInstructions.ExecInstrId exec_id=57728656302992 instr_id=877456 core=1 sub_core=1
[cannsim_helper] insert instr failed rc=19 err=UNIQUE constraint failed: ExecutedInstructions.ExecInstrId exec_id=58003534209967 instr_id=877487 core=1 sub_core=2
[cannsim_helper] insert instr failed rc=19 err=UNIQUE constraint failed: ExecutedInstructions.ExecInstrId exec_id=58003534210054 instr_id=877574 core=1 sub_core=2
[cannsim_helper] insert instr failed rc=19 err=UNIQUE constraint failed: ExecutedInstructions.ExecInstrId exec_id=58003534210056 instr_id=877576 core=1 sub_core=2
[cannsim_helper] insert instr failed rc=19 err=UNIQUE constraint failed: ExecutedInstructions.ExecInstrId exec_id=58003534210064 instr_id=877584 core=1 sub_core=2
[cannsim_helper] insert instr failed rc=19 err=UNIQUE constraint failed: ExecutedInstructions.ExecInstrId exec_id=57737246237842 instr_id=877714 core=3 sub_core=1
[cannsim_helper] insert instr failed rc=19 err=UNIQUE constraint failed: ExecutedInstructions.ExecInstrId exec_id=57737246237843 instr_id=877715 core=3 sub_core=1
[cannsim_helper] insert instr failed rc=19 err=UNIQUE constraint failed: ExecutedInstructions.ExecInstrId exec_id=57737246237935 instr_id=877807 core=3 sub_core=1
[cannsim_helper] insert instr failed rc=19 err=UNIQUE constraint failed: ExecutedInstructions.ExecInstrId exec_id=57737246237937 instr_id=877809 core=3 sub_core=1
[cannsim_helper] insert instr failed rc=19 err=UNIQUE constraint failed: ExecutedInstructions.ExecInstrId exec_id=57737246237952 instr_id=877824 core=3 sub_core=1
[cannsim_helper] insert instr failed rc=19 err=UNIQUE constraint failed: ExecutedInstructions.ExecInstrId exec_id=58012124144963 instr_id=877891 core=3 sub_core=2
[cannsim_helper] insert instr failed rc=19 err=UNIQUE constraint failed: ExecutedInstructions.ExecInstrId exec_id=58012124144964 instr_id=877892 core=3 sub_core=2
[cannsim_helper] insert instr failed rc=19 err=UNIQUE constraint failed: ExecutedInstructions.ExecInstrId exec_id=58012124145056 instr_id=877984 core=3 sub_core=2
[cannsim_helper] insert instr failed rc=19 err=UNIQUE constraint failed: ExecutedInstructions.ExecInstrId exec_id=58012124145072 instr_id=878000 core=3 sub_core=2
[cannsim_helper] insert instr failed rc=19 err=UNIQUE constraint failed: ExecutedInstructions.ExecInstrId exec_id=58012124145086 instr_id=878014 core=3 sub_core=2
[cannsim_helper] insert instr failed rc=19 err=UNIQUE constraint failed: ExecutedInstructions.ExecInstrId exec_id=57724361344497 instr_id=886257 core=0 sub_core=1
[cannsim_helper] insert instr failed rc=19 err=UNIQUE constraint failed: ExecutedInstructions.ExecInstrId exec_id=57724361344498 instr_id=886258 core=0 sub_core=1
[cannsim_helper] insert instr failed rc=19 err=UNIQUE constraint failed: ExecutedInstructions.ExecInstrId exec_id=57724361344499 instr_id=886259 core=0 sub_core=1
[cannsim_helper] insert instr failed rc=19 err=UNIQUE constraint failed: ExecutedInstructions.ExecInstrId exec_id=57724361344515 instr_id=886275 core=0 sub_core=1
[cannsim_helper] insert instr failed rc=19 err=UNIQUE constraint failed: ExecutedInstructions.ExecInstrId exec_id=57724361344516 instr_id=886276 core=0 sub_core=1
[cannsim_helper] insert instr failed rc=19 err=UNIQUE constraint failed: ExecutedInstructions.ExecInstrId exec_id=57724361344517 instr_id=886277 core=0 sub_core=1
[cannsim_helper] insert instr failed rc=19 err=UNIQUE constraint failed: ExecutedInstructions.ExecInstrId exec_id=57724361344539 instr_id=886299 core=0 sub_core=1
[cannsim_helper] insert instr failed rc=19 err=UNIQUE constraint failed: ExecutedInstructions.ExecInstrId exec_id=57724361344557 instr_id=886317 core=0 sub_core=1
[cannsim_helper] instruction handler flush: pending_start=791 (dropped) pending_end=2513 (dropped)
[cannsim_helper] normalized zero-duration sync instructions: 5024
[cannsim_helper] finalize: total_writes=345510
[cannsim_helper] per-chip: finalized chip_id=0 writes=345510
[cannsim_helper] instruction handler flush: pending_start=791 (dropped) pending_end=2513 (dropped)
[cannsim_helper] normalized zero-duration sync instructions: 5024
[cannsim_helper] finalize: total_writes=345510
[cannsim_helper] per-chip: finalized chip_id=1 writes=345510
